pointid,Project,SurveyCode,Block,Year,Latitude,Longitude,Road1000,Road300,Elev300,Elev1000,Temp,Precip,Dist_max,Survey_radius,Time_dur,Fire10yr,surveyid,maxd,nbreaks,obsexp,obs_firstyr
ORBBS_602_8,ORBBS,ORBBS_602_82001,602,2001,1245734,230559,1,0,508,474,10.625,30.138,125,125,5,0,1,125,9,0,1
ORBBS_602_8,ORBBS,ORBBS_602_82002,602,2002,1245734,230559,1,0,508,474,10.625,30.138,125,125,8,0,2,125,9,4.43,0
ORBBS_602_8,ORBBS,ORBBS_602_82004,602,2004,1245734,230559,1,0,508,474,10.625,30.138,125,125,10,0,3,125,9,6.61,0
ORBBS_602_8,ORBBS,ORBBS_602_82006,602,2006,1245734,230559,1,0,508,474,10.625,30.138,125,125,5,0,4,125,9,6.71,0
ORBBS_602_8,ORBBS,ORBBS_602_82008,602,2008,1245734,230559,1,0,508,474,10.625,30.138,125,125,10,0,5,125,9,6.76,0
ORBBS_602_8,ORBBS,ORBBS_602_82010,602,2010,1245734,230559,1,0,508,474,10.625,30.138,125,125,10,0,6,125,9,6.87,0
ORBBS_602_8,ORBBS,ORBBS_602_82012,602,2012,1245734,230559,1,0,508,474,10.625,30.138,125,125,10,0,7,125,9,6.94,0
ORBBS_602_8,ORBBS,ORBBS_602_82013,602,2013,1245734,230559,1,0,508,474,10.625,30.138,125,125,10,0,8,125,9,6.99,0
ORBBS_602_8,ORBBS,ORBBS_602_82014,602,2014,1245734,230559,1,0,508,474,10.625,30.138,125,125,10,0,9,125,9,7.03,0
ORBBS_602_8,ORBBS,ORBBS_602_82016,602,2016,1245734,230559,1,0,508,474,10.625,30.138,125,125,10,0,10,125,9,6.23,0
ORBBS_602_8,ORBBS,ORBBS_602_82018,602,2018,1245734,230559,1,0,508,474,10.625,30.138,125,125,10,0,11,125,9,7.1,0
ORBBS_602_8,ORBBS,ORBBS_602_82020,602,2020,1245734,230559,1,0,508,474,10.625,30.138,125,125,10,0,12,125,9,7.16,0
ORBBS_602_8,ORBBS,ORBBS_602_81996,602,1996,1245734,230559,1,0,508,474,10.625,30.138,50,50,5,0,13,50,4,5.7025,0
ORBBS_602_8,ORBBS,ORBBS_602_81995,602,1995,1245734,230559,1,0,508,474,10.625,30.138,50,50,5,0,14,50,4,4.42,1
ORBBS_602_8,ORBBS,ORBBS_602_81994,602,1994,1245734,230559,1,0,508,474,10.625,30.138,50,50,5,0,15,50,4,4.226666667,1
ORBBS_602_8,ORBBS,ORBBS_602_81999,602,1999,1245734,230559,1,0,508,474,10.625,30.138,50,50,10,0,16,50,4,6.25,0
ORBBS_602_8,ORBBS,ORBBS_602_81993,602,1993,1245734,230559,1,0,508,474,10.625,30.138,50,50,5,0,17,50,4,0,1
ORBBS_602_8,ORBBS,ORBBS_602_82000,602,2000,1245734,230559,1,0,508,474,10.625,30.138,50,50,5,0,18,50,4,6.5,0
ORBBS_602_8,ORBBS,ORBBS_602_81997,602,1997,1245734,230559,1,0,508,474,10.625,30.138,50,50,5,0,19,50,4,6.15,0
ORBBS_602_8,ORBBS,ORBBS_602_81998,602,1998,1245734,230559,1,0,508,474,10.625,30.138,50,50,5,0,20,50,4,3.16,1
ORBBS_602_7,ORBBS,ORBBS_602_72001,602,2001,1246028,230568,1,0,482,455,10.625,30.138,125,125,5,0,21,125,9,0,1
ORBBS_602_7,ORBBS,ORBBS_602_72002,602,2002,1246028,230568,1,0,482,455,10.625,30.138,125,125,8,0,22,125,9,4.43,0
ORBBS_602_7,ORBBS,ORBBS_602_72004,602,2004,1246028,230568,1,0,482,455,10.625,30.138,125,125,10,0,23,125,9,6.61,0
ORBBS_602_7,ORBBS,ORBBS_602_72006,602,2006,1246028,230568,1,0,482,455,10.625,30.138,125,125,5,0,24,125,9,6.71,0
ORBBS_602_7,ORBBS,ORBBS_602_72008,602,2008,1246028,230568,1,0,482,455,10.625,30.138,125,125,10,0,25,125,9,6.76,0
ORBBS_602_7,ORBBS,ORBBS_602_72010,602,2010,1246028,230568,1,0,482,455,10.625,30.138,125,125,10,0,26,125,9,6.87,0
ORBBS_602_7,ORBBS,ORBBS_602_72012,602,2012,1246028,230568,1,0,482,455,10.625,30.138,125,125,10,0,27,125,9,6.94,0
ORBBS_602_7,ORBBS,ORBBS_602_72013,602,2013,1246028,230568,1,0,482,455,10.625,30.138,125,125,10,0,28,125,9,6.99,0
ORBBS_602_7,ORBBS,ORBBS_602_72014,602,2014,1246028,230568,1,0,482,455,10.625,30.138,125,125,10,0,29,125,9,7.03,0
ORBBS_602_7,ORBBS,ORBBS_602_72016,602,2016,1246028,230568,1,0,482,455,10.625,30.138,125,125,10,0,30,125,9,6.23,0
ORBBS_602_7,ORBBS,ORBBS_602_72018,602,2018,1246028,230568,1,0,482,455,10.625,30.138,125,125,10,0,31,125,9,7.1,0
ORBBS_602_7,ORBBS,ORBBS_602_72020,602,2020,1246028,230568,1,0,482,455,10.625,30.138,125,125,10,0,32,125,9,7.16,0
ORBBS_602_7,ORBBS,ORBBS_602_71996,602,1996,1246028,230568,1,0,482,455,10.625,30.138,50,50,5,0,33,50,4,5.7025,0
ORBBS_602_7,ORBBS,ORBBS_602_71995,602,1995,1246028,230568,1,0,482,455,10.625,30.138,50,50,5,0,34,50,4,4.42,1
ORBBS_602_7,ORBBS,ORBBS_602_71994,602,1994,1246028,230568,1,0,482,455,10.625,30.138,50,50,5,0,35,50,4,4.226666667,1
ORBBS_602_7,ORBBS,ORBBS_602_71999,602,1999,1246028,230568,1,0,482,455,10.625,30.138,50,50,5,0,36,50,4,6.25,0
ORBBS_602_7,ORBBS,ORBBS_602_71993,602,1993,1246028,230568,1,0,482,455,10.625,30.138,50,50,5,0,37,50,4,0,1
ORBBS_602_7,ORBBS,ORBBS_602_71997,602,1997,1246028,230568,1,0,482,455,10.625,30.138,50,50,5,0,38,50,4,6.15,0
ORBBS_602_7,ORBBS,ORBBS_602_72000,602,2000,1246028,230568,1,0,482,455,10.625,30.138,50,50,5,0,39,50,4,6.5,0
ORBBS_602_7,ORBBS,ORBBS_602_71998,602,1998,1246028,230568,1,0,482,455,10.625,30.138,50,50,5,0,40,50,4,3.16,1
ORBBS_602_9,ORBBS,ORBBS_602_92001,602,2001,1246252,230391,1,0,466,427,11.23,27.9,125,125,5,0,41,125,9,0,1
ORBBS_602_9,ORBBS,ORBBS_602_92002,602,2002,1246252,230391,1,0,466,427,11.23,27.9,125,125,8,0,42,125,9,4.43,0
ORBBS_602_9,ORBBS,ORBBS_602_92004,602,2004,1246252,230391,1,0,466,427,11.23,27.9,125,125,10,0,43,125,9,6.61,0
ORBBS_602_9,ORBBS,ORBBS_602_92006,602,2006,1246252,230391,1,0,466,427,11.23,27.9,125,125,5,0,44,125,9,6.71,0
ORBBS_602_9,ORBBS,ORBBS_602_92008,602,2008,1246252,230391,1,0,466,427,11.23,27.9,125,125,10,0,45,125,9,6.76,0
ORBBS_602_9,ORBBS,ORBBS_602_92010,602,2010,1246252,230391,1,0,466,427,11.23,27.9,125,125,10,0,46,125,9,6.87,0
ORBBS_602_9,ORBBS,ORBBS_602_92012,602,2012,1246252,230391,1,0,466,427,11.23,27.9,125,125,10,0,47,125,9,6.94,0
ORBBS_602_9,ORBBS,ORBBS_602_92013,602,2013,1246252,230391,1,0,466,427,11.23,27.9,125,125,10,0,48,125,9,6.99,0
ORBBS_602_9,ORBBS,ORBBS_602_92014,602,2014,1246252,230391,1,0,466,427,11.23,27.9,125,125,10,0,49,125,9,7.03,0
ORBBS_602_9,ORBBS,ORBBS_602_92016,602,2016,1246252,230391,1,0,466,427,11.23,27.9,125,125,10,0,50,125,9,6.23,0
ORBBS_602_9,ORBBS,ORBBS_602_92018,602,2018,1246252,230391,1,0,466,427,11.23,27.9,125,125,10,0,51,125,9,7.1,0
ORBBS_602_9,ORBBS,ORBBS_602_92020,602,2020,1246252,230391,1,0,466,427,11.23,27.9,125,125,10,0,52,125,9,7.16,0
ORBBS_602_9,ORBBS,ORBBS_602_91996,602,1996,1246252,230391,1,0,466,427,11.23,27.9,50,50,5,0,53,50,4,5.7025,0
ORBBS_602_9,ORBBS,ORBBS_602_91995,602,1995,1246252,230391,1,0,466,427,11.23,27.9,50,50,5,0,54,50,4,4.42,1
ORBBS_602_9,ORBBS,ORBBS_602_91994,602,1994,1246252,230391,1,0,466,427,11.23,27.9,50,50,5,0,55,50,4,4.226666667,1
ORBBS_602_9,ORBBS,ORBBS_602_91999,602,1999,1246252,230391,1,0,466,427,11.23,27.9,50,50,5,0,56,50,4,6.25,0
ORBBS_602_9,ORBBS,ORBBS_602_91993,602,1993,1246252,230391,1,0,466,427,11.23,27.9,50,50,5,0,57,50,4,0,1
ORBBS_602_9,ORBBS,ORBBS_602_92000,602,2000,1246252,230391,1,0,466,427,11.23,27.9,50,50,5,0,58,50,4,6.5,0
ORBBS_602_9,ORBBS,ORBBS_602_91997,602,1997,1246252,230391,1,0,466,427,11.23,27.9,50,50,5,0,59,50,4,6.15,0
ORBBS_602_9,ORBBS,ORBBS_602_91998,602,1998,1246252,230391,1,0,466,427,11.23,27.9,50,50,5,0,60,50,4,3.16,1
ORBBS_602_6,ORBBS,ORBBS_602_62001,602,2001,1246290,230658,1,0,448,438,11.33,29.174,125,125,5,0,61,125,9,0,1
ORBBS_602_6,ORBBS,ORBBS_602_62002,602,2002,1246290,230658,1,0,448,438,11.33,29.174,125,125,8,0,62,125,9,4.43,0
ORBBS_602_6,ORBBS,ORBBS_602_62004,602,2004,1246290,230658,1,0,448,438,11.33,29.174,125,125,10,0,63,125,9,6.61,0
ORBBS_602_6,ORBBS,ORBBS_602_62006,602,2006,1246290,230658,1,0,448,438,11.33,29.174,125,125,5,0,64,125,9,6.71,0
ORBBS_602_6,ORBBS,ORBBS_602_62008,602,2008,1246290,230658,1,0,448,438,11.33,29.174,125,125,10,0,65,125,9,6.76,0
ORBBS_602_6,ORBBS,ORBBS_602_62010,602,2010,1246290,230658,1,0,448,438,11.33,29.174,125,125,10,0,66,125,9,6.87,0
ORBBS_602_6,ORBBS,ORBBS_602_62012,602,2012,1246290,230658,1,0,448,438,11.33,29.174,125,125,10,0,67,125,9,6.94,0
ORBBS_602_6,ORBBS,ORBBS_602_62013,602,2013,1246290,230658,1,0,448,438,11.33,29.174,125,125,10,0,68,125,9,6.99,0
ORBBS_602_6,ORBBS,ORBBS_602_62014,602,2014,1246290,230658,1,0,448,438,11.33,29.174,125,125,10,0,69,125,9,7.03,0
ORBBS_602_6,ORBBS,ORBBS_602_62016,602,2016,1246290,230658,1,0,448,438,11.33,29.174,125,125,10,0,70,125,9,6.23,0
ORBBS_602_6,ORBBS,ORBBS_602_62018,602,2018,1246290,230658,1,0,448,438,11.33,29.174,125,125,10,0,71,125,9,7.1,0
ORBBS_602_6,ORBBS,ORBBS_602_62020,602,2020,1246290,230658,1,0,448,438,11.33,29.174,125,125,10,0,72,125,9,7.16,0
ORBBS_602_6,ORBBS,ORBBS_602_61995,602,1995,1246290,230658,1,0,448,438,11.33,29.174,50,50,5,0,73,50,4,4.42,1
ORBBS_602_6,ORBBS,ORBBS_602_61996,602,1996,1246290,230658,1,0,448,438,11.33,29.174,50,50,5,0,74,50,4,5.7025,0
ORBBS_602_6,ORBBS,ORBBS_602_61994,602,1994,1246290,230658,1,0,448,438,11.33,29.174,50,50,5,0,75,50,4,4.226666667,1
ORBBS_602_6,ORBBS,ORBBS_602_61999,602,1999,1246290,230658,1,0,448,438,11.33,29.174,50,50,5,0,76,50,4,6.25,0
ORBBS_602_6,ORBBS,ORBBS_602_61997,602,1997,1246290,230658,1,0,448,438,11.33,29.174,50,50,5,0,77,50,4,6.15,0
ORBBS_602_6,ORBBS,ORBBS_602_61993,602,1993,1246290,230658,1,0,448,438,11.33,29.174,50,50,5,0,78,50,4,0,1
ORBBS_602_6,ORBBS,ORBBS_602_62000,602,2000,1246290,230658,1,0,448,438,11.33,29.174,50,50,5,0,79,50,4,6.5,0
ORBBS_602_6,ORBBS,ORBBS_602_61998,602,1998,1246290,230658,1,0,448,438,11.33,29.174,50,50,5,0,80,50,4,3.16,1
ORBBS_602_10,ORBBS,ORBBS_602_102001,602,2001,1246565,230271,1,0,429,393,11.23,27.9,125,125,5,0,81,125,9,0,1
ORBBS_602_10,ORBBS,ORBBS_602_102002,602,2002,1246565,230271,1,0,429,393,11.23,27.9,125,125,8,0,82,125,9,4.43,0
ORBBS_602_10,ORBBS,ORBBS_602_102004,602,2004,1246565,230271,1,0,429,393,11.23,27.9,125,125,10,0,83,125,9,6.61,0
ORBBS_602_10,ORBBS,ORBBS_602_102006,602,2006,1246565,230271,1,0,429,393,11.23,27.9,125,125,5,0,84,125,9,6.71,0
ORBBS_602_10,ORBBS,ORBBS_602_102008,602,2008,1246565,230271,1,0,429,393,11.23,27.9,125,125,10,0,85,125,9,6.76,0
ORBBS_602_10,ORBBS,ORBBS_602_102010,602,2010,1246565,230271,1,0,429,393,11.23,27.9,125,125,10,0,86,125,9,6.87,0
ORBBS_602_10,ORBBS,ORBBS_602_102012,602,2012,1246565,230271,1,0,429,393,11.23,27.9,125,125,10,0,87,125,9,6.94,0
ORBBS_602_10,ORBBS,ORBBS_602_102013,602,2013,1246565,230271,1,0,429,393,11.23,27.9,125,125,10,0,88,125,9,6.99,0
ORBBS_602_10,ORBBS,ORBBS_602_102014,602,2014,1246565,230271,1,0,429,393,11.23,27.9,125,125,10,0,89,125,9,7.03,0
ORBBS_602_10,ORBBS,ORBBS_602_102016,602,2016,1246565,230271,1,0,429,393,11.23,27.9,125,125,10,0,90,125,9,6.23,0
ORBBS_602_10,ORBBS,ORBBS_602_102018,602,2018,1246565,230271,1,0,429,393,11.23,27.9,125,125,10,0,91,125,9,7.1,0
ORBBS_602_10,ORBBS,ORBBS_602_102020,602,2020,1246565,230271,1,0,429,393,11.23,27.9,125,125,10,0,92,125,9,7.16,0
ORBBS_602_10,ORBBS,ORBBS_602_101996,602,1996,1246565,230271,1,0,429,393,11.23,27.9,50,50,5,0,93,50,4,5.7025,0
ORBBS_602_10,ORBBS,ORBBS_602_101995,602,1995,1246565,230271,1,0,429,393,11.23,27.9,50,50,5,0,94,50,4,4.42,1
ORBBS_602_10,ORBBS,ORBBS_602_101994,602,1994,1246565,230271,1,0,429,393,11.23,27.9,50,50,5,0,95,50,4,4.226666667,1
ORBBS_602_10,ORBBS,ORBBS_602_101999,602,1999,1246565,230271,1,0,429,393,11.23,27.9,50,50,5,0,96,50,4,6.25,0
ORBBS_602_10,ORBBS,ORBBS_602_101993,602,1993,1246565,230271,1,0,429,393,11.23,27.9,50,50,5,0,97,50,4,0,1
ORBBS_602_10,ORBBS,ORBBS_602_102000,602,2000,1246565,230271,1,0,429,393,11.23,27.9,50,50,5,0,98,50,4,6.5,0
ORBBS_602_10,ORBBS,ORBBS_602_101997,602,1997,1246565,230271,1,0,429,393,11.23,27.9,50,50,5,0,99,50,4,6.15,0
ORBBS_602_10,ORBBS,ORBBS_602_101998,602,1998,1246565,230271,1,0,429,393,11.23,27.9,50,50,5,0,100,50,4,3.16,1
ORBBS_602_5,ORBBS,ORBBS_602_52001,602,2001,1246589,230524,1,0,429,406,11.33,29.174,125,125,5,0,101,125,9,0,1
ORBBS_602_5,ORBBS,ORBBS_602_52002,602,2002,1246589,230524,1,0,429,406,11.33,29.174,125,125,8,0,102,125,9,4.43,0
ORBBS_602_5,ORBBS,ORBBS_602_52004,602,2004,1246589,230524,1,0,429,406,11.33,29.174,125,125,10,0,103,125,9,6.61,0
ORBBS_602_5,ORBBS,ORBBS_602_52006,602,2006,1246589,230524,1,0,429,406,11.33,29.174,125,125,5,0,104,125,9,6.71,0
ORBBS_602_5,ORBBS,ORBBS_602_52008,602,2008,1246589,230524,1,0,429,406,11.33,29.174,125,125,10,0,105,125,9,6.76,0
ORBBS_602_5,ORBBS,ORBBS_602_52010,602,2010,1246589,230524,1,0,429,406,11.33,29.174,125,125,10,0,106,125,9,6.87,0
ORBBS_602_5,ORBBS,ORBBS_602_52012,602,2012,1246589,230524,1,0,429,406,11.33,29.174,125,125,10,0,107,125,9,6.94,0
ORBBS_602_5,ORBBS,ORBBS_602_52013,602,2013,1246589,230524,1,0,429,406,11.33,29.174,125,125,10,0,108,125,9,6.99,0
ORBBS_602_5,ORBBS,ORBBS_602_52014,602,2014,1246589,230524,1,0,429,406,11.33,29.174,125,125,10,0,109,125,9,7.03,0
ORBBS_602_5,ORBBS,ORBBS_602_52016,602,2016,1246589,230524,1,0,429,406,11.33,29.174,125,125,10,0,110,125,9,6.23,0
ORBBS_602_5,ORBBS,ORBBS_602_52018,602,2018,1246589,230524,1,0,429,406,11.33,29.174,125,125,10,0,111,125,9,7.1,0
ORBBS_602_5,ORBBS,ORBBS_602_52020,602,2020,1246589,230524,1,0,429,406,11.33,29.174,125,125,10,0,112,125,9,7.16,0
ORBBS_602_5,ORBBS,ORBBS_602_51996,602,1996,1246589,230524,1,0,429,406,11.33,29.174,50,50,5,0,113,50,4,5.7025,0
ORBBS_602_5,ORBBS,ORBBS_602_51995,602,1995,1246589,230524,1,0,429,406,11.33,29.174,50,50,5,0,114,50,4,4.42,1
ORBBS_602_5,ORBBS,ORBBS_602_51994,602,1994,1246589,230524,1,0,429,406,11.33,29.174,50,50,5,0,115,50,4,4.226666667,1
ORBBS_602_5,ORBBS,ORBBS_602_51999,602,1999,1246589,230524,1,0,429,406,11.33,29.174,50,50,5,0,116,50,4,6.25,0
ORBBS_602_5,ORBBS,ORBBS_602_51997,602,1997,1246589,230524,1,0,429,406,11.33,29.174,50,50,5,0,117,50,4,6.15,0
ORBBS_602_5,ORBBS,ORBBS_602_52000,602,2000,1246589,230524,1,0,429,406,11.33,29.174,50,50,5,0,118,50,4,6.5,0
ORBBS_602_5,ORBBS,ORBBS_602_51993,602,1993,1246589,230524,1,0,429,406,11.33,29.174,50,50,5,0,119,50,4,0,1
ORBBS_602_5,ORBBS,ORBBS_602_51998,602,1998,1246589,230524,1,0,429,406,11.33,29.174,50,50,5,0,120,50,4,3.16,1
ORBBS_602_11,ORBBS,ORBBS_602_112001,602,2001,1246779,230204,1,0,393,372,11.23,27.9,125,125,5,0,121,125,9,0,1
ORBBS_602_11,ORBBS,ORBBS_602_112002,602,2002,1246779,230204,1,0,393,372,11.23,27.9,125,125,8,0,122,125,9,4.43,0
ORBBS_602_11,ORBBS,ORBBS_602_112004,602,2004,1246779,230204,1,0,393,372,11.23,27.9,125,125,10,0,123,125,9,6.61,0
ORBBS_602_11,ORBBS,ORBBS_602_112006,602,2006,1246779,230204,1,0,393,372,11.23,27.9,125,125,5,0,124,125,9,6.71,0
ORBBS_602_11,ORBBS,ORBBS_602_112008,602,2008,1246779,230204,1,0,393,372,11.23,27.9,125,125,10,0,125,125,9,6.76,0
ORBBS_602_11,ORBBS,ORBBS_602_112010,602,2010,1246779,230204,1,0,393,372,11.23,27.9,125,125,10,0,126,125,9,6.87,0
ORBBS_602_11,ORBBS,ORBBS_602_112012,602,2012,1246779,230204,1,0,393,372,11.23,27.9,125,125,10,0,127,125,9,6.94,0
ORBBS_602_11,ORBBS,ORBBS_602_112013,602,2013,1246779,230204,1,0,393,372,11.23,27.9,125,125,10,0,128,125,9,6.99,0
ORBBS_602_11,ORBBS,ORBBS_602_112014,602,2014,1246779,230204,1,0,393,372,11.23,27.9,125,125,10,0,129,125,9,7.03,0
ORBBS_602_11,ORBBS,ORBBS_602_112016,602,2016,1246779,230204,1,0,393,372,11.23,27.9,125,125,10,0,130,125,9,6.23,0
ORBBS_602_11,ORBBS,ORBBS_602_112018,602,2018,1246779,230204,1,0,393,372,11.23,27.9,125,125,10,0,131,125,9,7.1,0
ORBBS_602_11,ORBBS,ORBBS_602_112020,602,2020,1246779,230204,1,0,393,372,11.23,27.9,125,125,10,0,132,125,9,7.16,0
ORBBS_602_11,ORBBS,ORBBS_602_111996,602,1996,1246779,230204,1,0,393,372,11.23,27.9,50,50,5,0,133,50,4,5.7025,0
ORBBS_602_11,ORBBS,ORBBS_602_111995,602,1995,1246779,230204,1,0,393,372,11.23,27.9,50,50,5,0,134,50,4,4.42,1
ORBBS_602_11,ORBBS,ORBBS_602_111994,602,1994,1246779,230204,1,0,393,372,11.23,27.9,50,50,5,0,135,50,4,4.226666667,1
ORBBS_602_11,ORBBS,ORBBS_602_111999,602,1999,1246779,230204,1,0,393,372,11.23,27.9,50,50,5,0,136,50,4,6.25,0
ORBBS_602_11,ORBBS,ORBBS_602_111993,602,1993,1246779,230204,1,0,393,372,11.23,27.9,50,50,5,0,137,50,4,0,1
ORBBS_602_11,ORBBS,ORBBS_602_112000,602,2000,1246779,230204,1,0,393,372,11.23,27.9,50,50,5,0,138,50,4,6.5,0
ORBBS_602_11,ORBBS,ORBBS_602_111997,602,1997,1246779,230204,1,0,393,372,11.23,27.9,50,50,5,0,139,50,4,6.15,0
ORBBS_602_11,ORBBS,ORBBS_602_111998,602,1998,1246779,230204,1,0,393,372,11.23,27.9,50,50,5,0,140,50,4,3.16,1
ORBBS_602_4,ORBBS,ORBBS_602_42001,602,2001,1246877,230510,1,0,395,383,11.33,29.174,125,125,5,0,141,125,9,0,1
ORBBS_602_4,ORBBS,ORBBS_602_42002,602,2002,1246877,230510,1,0,395,383,11.33,29.174,125,125,8,0,142,125,9,4.43,0
ORBBS_602_4,ORBBS,ORBBS_602_42004,602,2004,1246877,230510,1,0,395,383,11.33,29.174,125,125,10,0,143,125,9,6.61,0
ORBBS_602_4,ORBBS,ORBBS_602_42006,602,2006,1246877,230510,1,0,395,383,11.33,29.174,125,125,5,0,144,125,9,6.71,0
ORBBS_602_4,ORBBS,ORBBS_602_42008,602,2008,1246877,230510,1,0,395,383,11.33,29.174,125,125,10,0,145,125,9,6.76,0
ORBBS_602_4,ORBBS,ORBBS_602_42010,602,2010,1246877,230510,1,0,395,383,11.33,29.174,125,125,10,0,146,125,9,6.87,0
ORBBS_602_4,ORBBS,ORBBS_602_42012,602,2012,1246877,230510,1,0,395,383,11.33,29.174,125,125,10,0,147,125,9,6.94,0
ORBBS_602_4,ORBBS,ORBBS_602_42013,602,2013,1246877,230510,1,0,395,383,11.33,29.174,125,125,10,0,148,125,9,6.99,0
ORBBS_602_4,ORBBS,ORBBS_602_42014,602,2014,1246877,230510,1,0,395,383,11.33,29.174,125,125,10,0,149,125,9,7.03,0
ORBBS_602_4,ORBBS,ORBBS_602_42016,602,2016,1246877,230510,1,0,395,383,11.33,29.174,125,125,10,0,150,125,9,6.23,0
ORBBS_602_4,ORBBS,ORBBS_602_42018,602,2018,1246877,230510,1,0,395,383,11.33,29.174,125,125,10,0,151,125,9,7.1,0
ORBBS_602_4,ORBBS,ORBBS_602_42020,602,2020,1246877,230510,1,0,395,383,11.33,29.174,125,125,10,0,152,125,9,7.16,0
ORBBS_602_4,ORBBS,ORBBS_602_41996,602,1996,1246877,230510,1,0,395,383,11.33,29.174,50,50,5,0,153,50,4,5.7025,0
ORBBS_602_4,ORBBS,ORBBS_602_41995,602,1995,1246877,230510,1,0,395,383,11.33,29.174,50,50,5,0,154,50,4,4.42,1
ORBBS_602_4,ORBBS,ORBBS_602_41994,602,1994,1246877,230510,1,0,395,383,11.33,29.174,50,50,5,0,155,50,4,4.226666667,1
ORBBS_602_4,ORBBS,ORBBS_602_41999,602,1999,1246877,230510,1,0,395,383,11.33,29.174,50,50,5,0,156,50,4,6.25,0
ORBBS_602_4,ORBBS,ORBBS_602_41997,602,1997,1246877,230510,1,0,395,383,11.33,29.174,50,50,5,0,157,50,4,6.15,0
ORBBS_602_4,ORBBS,ORBBS_602_41998,602,1998,1246877,230510,1,0,395,383,11.33,29.174,50,50,5,0,158,50,4,3.16,1
ORBBS_602_4,ORBBS,ORBBS_602_41993,602,1993,1246877,230510,1,0,395,383,11.33,29.174,50,50,5,0,159,50,4,0,1
ORBBS_602_4,ORBBS,ORBBS_602_42000,602,2000,1246877,230510,1,0,395,383,11.33,29.174,50,50,5,0,160,50,4,6.5,0
ORBBS_613_10,ORBBS,ORBBS_613_102001,613,2001,1246928,213288,1,0,97,70,12.9295,28.975,125,125,5,0,161,125,9,0,1
ORBBS_613_10,ORBBS,ORBBS_613_102002,613,2002,1246928,213288,1,0,97,70,12.9295,28.975,125,125,8,0,162,125,9,4.43,0
ORBBS_613_10,ORBBS,ORBBS_613_102006,613,2006,1246928,213288,1,0,97,70,12.9295,28.975,125,125,5,0,163,125,9,0,1
ORBBS_613_10,ORBBS,ORBBS_613_102008,613,2008,1246928,213288,1,0,97,70,12.9295,28.975,125,125,10,0,164,125,9,4.29,0
ORBBS_613_10,ORBBS,ORBBS_613_102009,613,2009,1246928,213288,1,0,97,70,12.9295,28.975,125,125,10,0,165,125,9,6.83,0
ORBBS_613_10,ORBBS,ORBBS_613_102010,613,2010,1246928,213288,1,0,97,70,12.9295,28.975,125,125,10,0,166,125,9,4.89,0
ORBBS_613_10,ORBBS,ORBBS_613_102011,613,2011,1246928,213288,1,0,97,70,12.9295,28.975,125,125,10,0,167,125,9,5.33,0
ORBBS_613_10,ORBBS,ORBBS_613_102013,613,2013,1246928,213288,1,0,97,70,12.9295,28.975,125,125,10,0,168,125,9,5.76,0
ORBBS_613_10,ORBBS,ORBBS_613_102015,613,2015,1246928,213288,1,0,97,70,12.9295,28.975,125,125,10,0,169,125,9,6.1,0
ORBBS_613_10,ORBBS,ORBBS_613_102016,613,2016,1246928,213288,1,0,97,70,12.9295,28.975,125,125,10,0,170,125,9,6.23,0
ORBBS_613_10,ORBBS,ORBBS_613_102018,613,2018,1246928,213288,1,0,97,70,12.9295,28.975,125,125,10,0,171,125,9,6.45,0
ORBBS_613_10,ORBBS,ORBBS_613_102020,613,2020,1246928,213288,1,0,97,70,12.9295,28.975,125,125,10,0,172,125,9,6.61,0
ORBBS_613_10,ORBBS,ORBBS_613_102000,613,2000,1246928,213288,1,0,97,70,12.9295,28.975,50,50,5,0,173,50,4,3.22,0
ORBBS_613_10,ORBBS,ORBBS_613_101994,613,1994,1246928,213288,1,0,97,70,12.9295,28.975,50,50,5,0,174,50,4,4.69,0
ORBBS_613_10,ORBBS,ORBBS_613_101996,613,1996,1246928,213288,1,0,97,70,12.9295,28.975,50,50,5,0,175,50,4,5.67,0
ORBBS_613_10,ORBBS,ORBBS_613_101995,613,1995,1246928,213288,1,0,97,70,12.9295,28.975,50,50,10,0,176,50,4,4.98,0
ORBBS_613_10,ORBBS,ORBBS_613_101999,613,1999,1246928,213288,1,0,97,70,12.9295,28.975,50,50,5,0,177,50,4,6.25,0
ORBBS_613_10,ORBBS,ORBBS_613_101993,613,1993,1246928,213288,1,0,97,70,12.9295,28.975,50,50,10,0,178,50,4,0,1
ORBBS_613_10,ORBBS,ORBBS_613_101997,613,1997,1246928,213288,1,0,97,70,12.9295,28.975,50,50,5,0,179,50,4,6.15,0
ORBBS_613_10,ORBBS,ORBBS_613_101998,613,1998,1246928,213288,1,0,97,70,12.9295,28.975,50,50,5,0,180,50,4,6.32,0
ORBBS_613_11,ORBBS,ORBBS_613_112001,613,2001,1247059,213452,1,0,97,76,12.885,29.215,125,125,5,0,181,125,9,0,1
ORBBS_613_11,ORBBS,ORBBS_613_112002,613,2002,1247059,213452,1,0,97,76,12.885,29.215,125,125,8,0,182,125,9,4.43,0
ORBBS_613_11,ORBBS,ORBBS_613_112006,613,2006,1247059,213452,1,0,97,76,12.885,29.215,125,125,5,0,183,125,9,0,1
ORBBS_613_11,ORBBS,ORBBS_613_112008,613,2008,1247059,213452,1,0,97,76,12.885,29.215,125,125,10,0,184,125,9,4.29,0
ORBBS_613_11,ORBBS,ORBBS_613_112009,613,2009,1247059,213452,1,0,97,76,12.885,29.215,125,125,10,0,185,125,9,6.83,0
ORBBS_613_11,ORBBS,ORBBS_613_112010,613,2010,1247059,213452,1,0,97,76,12.885,29.215,125,125,10,0,186,125,9,4.89,0
ORBBS_613_11,ORBBS,ORBBS_613_112011,613,2011,1247059,213452,1,0,97,76,12.885,29.215,125,125,10,0,187,125,9,5.33,0
ORBBS_613_11,ORBBS,ORBBS_613_112013,613,2013,1247059,213452,1,0,97,76,12.885,29.215,125,125,10,0,188,125,9,5.76,0
ORBBS_613_11,ORBBS,ORBBS_613_112015,613,2015,1247059,213452,1,0,97,76,12.885,29.215,125,125,10,0,189,125,9,6.1,0
ORBBS_613_11,ORBBS,ORBBS_613_112016,613,2016,1247059,213452,1,0,97,76,12.885,29.215,125,125,10,0,190,125,9,6.23,0
ORBBS_613_11,ORBBS,ORBBS_613_112018,613,2018,1247059,213452,1,0,97,76,12.885,29.215,125,125,10,0,191,125,9,6.45,0
ORBBS_613_11,ORBBS,ORBBS_613_112020,613,2020,1247059,213452,1,0,97,76,12.885,29.215,125,125,10,0,192,125,9,6.61,0
ORBBS_613_11,ORBBS,ORBBS_613_112000,613,2000,1247059,213452,1,0,97,76,12.885,29.215,50,50,5,0,193,50,4,3.22,0
ORBBS_613_11,ORBBS,ORBBS_613_111994,613,1994,1247059,213452,1,0,97,76,12.885,29.215,50,50,5,0,194,50,4,4.69,0
ORBBS_613_11,ORBBS,ORBBS_613_111996,613,1996,1247059,213452,1,0,97,76,12.885,29.215,50,50,5,0,195,50,4,5.67,0
ORBBS_613_11,ORBBS,ORBBS_613_111995,613,1995,1247059,213452,1,0,97,76,12.885,29.215,50,50,5,0,196,50,4,4.98,0
ORBBS_613_11,ORBBS,ORBBS_613_111999,613,1999,1247059,213452,1,0,97,76,12.885,29.215,50,50,5,0,197,50,4,6.25,0
ORBBS_613_11,ORBBS,ORBBS_613_111993,613,1993,1247059,213452,1,0,97,76,12.885,29.215,50,50,5,0,198,50,4,0,1
ORBBS_613_11,ORBBS,ORBBS_613_111997,613,1997,1247059,213452,1,0,97,76,12.885,29.215,50,50,5,0,199,50,4,6.15,0
ORBBS_613_11,ORBBS,ORBBS_613_111998,613,1998,1247059,213452,1,0,97,76,12.885,29.215,50,50,5,0,200,50,4,6.32,0
ORBBS_613_9,ORBBS,ORBBS_613_92001,613,2001,1247068,212852,1,0,82,67,12.975,28.808,125,125,5,0,201,125,9,0,1
ORBBS_613_9,ORBBS,ORBBS_613_92002,613,2002,1247068,212852,1,0,82,67,12.975,28.808,125,125,8,0,202,125,9,4.43,0
ORBBS_613_9,ORBBS,ORBBS_613_92006,613,2006,1247068,212852,1,0,82,67,12.975,28.808,125,125,5,0,203,125,9,0,1
ORBBS_613_9,ORBBS,ORBBS_613_92008,613,2008,1247068,212852,1,0,82,67,12.975,28.808,125,125,10,0,204,125,9,4.29,0
ORBBS_613_9,ORBBS,ORBBS_613_92009,613,2009,1247068,212852,1,0,82,67,12.975,28.808,125,125,10,0,205,125,9,6.83,0
ORBBS_613_9,ORBBS,ORBBS_613_92010,613,2010,1247068,212852,1,0,82,67,12.975,28.808,125,125,10,0,206,125,9,4.89,0
ORBBS_613_9,ORBBS,ORBBS_613_92011,613,2011,1247068,212852,1,0,82,67,12.975,28.808,125,125,10,0,207,125,9,5.33,0
ORBBS_613_9,ORBBS,ORBBS_613_92013,613,2013,1247068,212852,1,0,82,67,12.975,28.808,125,125,10,0,208,125,9,5.76,0
ORBBS_613_9,ORBBS,ORBBS_613_92015,613,2015,1247068,212852,1,0,82,67,12.975,28.808,125,125,10,0,209,125,9,6.1,0
ORBBS_613_9,ORBBS,ORBBS_613_92016,613,2016,1247068,212852,1,0,82,67,12.975,28.808,125,125,10,0,210,125,9,6.23,0
ORBBS_613_9,ORBBS,ORBBS_613_92018,613,2018,1247068,212852,1,0,82,67,12.975,28.808,125,125,10,0,211,125,9,6.45,0
ORBBS_613_9,ORBBS,ORBBS_613_92020,613,2020,1247068,212852,1,0,82,67,12.975,28.808,125,125,10,0,212,125,9,6.61,0
ORBBS_613_9,ORBBS,ORBBS_613_92000,613,2000,1247068,212852,1,0,82,67,12.975,28.808,50,50,5,0,213,50,4,3.22,0
ORBBS_613_9,ORBBS,ORBBS_613_91994,613,1994,1247068,212852,1,0,82,67,12.975,28.808,50,50,5,0,214,50,4,4.69,0
ORBBS_613_9,ORBBS,ORBBS_613_91996,613,1996,1247068,212852,1,0,82,67,12.975,28.808,50,50,5,0,215,50,4,5.67,0
ORBBS_613_9,ORBBS,ORBBS_613_91999,613,1999,1247068,212852,1,0,82,67,12.975,28.808,50,50,5,0,216,50,4,6.25,0
ORBBS_613_9,ORBBS,ORBBS_613_91995,613,1995,1247068,212852,1,0,82,67,12.975,28.808,50,50,5,0,217,50,4,4.98,0
ORBBS_613_9,ORBBS,ORBBS_613_91993,613,1993,1247068,212852,1,0,82,67,12.975,28.808,50,50,5,0,218,50,4,0,1
ORBBS_613_9,ORBBS,ORBBS_613_91997,613,1997,1247068,212852,1,0,82,67,12.975,28.808,50,50,5,0,219,50,4,6.15,0
ORBBS_613_9,ORBBS,ORBBS_613_91998,613,1998,1247068,212852,1,0,82,67,12.975,28.808,50,50,5,0,220,50,4,6.32,0
ORBBS_601_2,ORBBS,ORBBS_601_22001,601,2001,1247072,226617,1,0,128,133,12.54,26.118,125,125,5,0,221,125,9,0,1
ORBBS_601_2,ORBBS,ORBBS_601_22002,601,2002,1247072,226617,1,0,128,133,12.54,26.118,125,125,8,0,222,125,9,4.43,0
ORBBS_601_2,ORBBS,ORBBS_601_22004,601,2004,1247072,226617,1,0,128,133,12.54,26.118,125,125,10,0,223,125,9,6.61,0
ORBBS_601_2,ORBBS,ORBBS_601_22006,601,2006,1247072,226617,1,0,128,133,12.54,26.118,125,125,5,0,224,125,9,0,1
ORBBS_601_2,ORBBS,ORBBS_601_22008,601,2008,1247072,226617,1,0,128,133,12.54,26.118,125,125,10,0,225,125,9,6.76,0
ORBBS_601_2,ORBBS,ORBBS_601_22010,601,2010,1247072,226617,1,0,128,133,12.54,26.118,125,125,10,0,226,125,9,6.87,0
ORBBS_601_2,ORBBS,ORBBS_601_22012,601,2012,1247072,226617,1,0,128,133,12.54,26.118,125,125,10,0,227,125,9,6.94,0
ORBBS_601_2,ORBBS,ORBBS_601_22014,601,2014,1247072,226617,1,0,128,133,12.54,26.118,125,125,10,0,228,125,9,7.03,0
ORBBS_601_2,ORBBS,ORBBS_601_22016,601,2016,1247072,226617,1,0,128,133,12.54,26.118,125,125,10,0,229,125,9,6.23,0
ORBBS_601_2,ORBBS,ORBBS_601_22018,601,2018,1247072,226617,1,0,128,133,12.54,26.118,125,125,10,0,230,125,9,7.1,0
ORBBS_601_2,ORBBS,ORBBS_601_22020,601,2020,1247072,226617,1,0,128,133,12.54,26.118,125,125,10,0,231,125,9,7.16,0
ORBBS_601_2,ORBBS,ORBBS_601_21999,601,1999,1247072,226617,1,0,128,133,12.54,26.118,50,50,5,0,232,50,4,6.46,0
ORBBS_601_2,ORBBS,ORBBS_601_21996,601,1996,1247072,226617,1,0,128,133,12.54,26.118,50,50,5,0,233,50,4,5.68375,0
ORBBS_601_2,ORBBS,ORBBS_601_21995,601,1995,1247072,226617,1,0,128,133,12.54,26.118,50,50,5,0,234,50,4,4.5675,1
ORBBS_601_2,ORBBS,ORBBS_601_21994,601,1994,1247072,226617,1,0,128,133,12.54,26.118,50,50,5,0,235,50,4,4.556666667,0
ORBBS_601_2,ORBBS,ORBBS_601_21993,601,1993,1247072,226617,1,0,128,133,12.54,26.118,50,50,5,0,236,50,4,0,1
ORBBS_601_2,ORBBS,ORBBS_601_21998,601,1998,1247072,226617,1,0,128,133,12.54,26.118,50,50,5,0,237,50,4,2.106666667,1
ORBBS_601_2,ORBBS,ORBBS_601_21997,601,1997,1247072,226617,1,0,128,133,12.54,26.118,50,50,5,0,238,50,4,6.15,0
ORBBS_601_2,ORBBS,ORBBS_601_22000,601,2000,1247072,226617,1,0,128,133,12.54,26.118,50,50,5,0,239,50,4,6.5,0
ORBBS_602_12,ORBBS,ORBBS_602_122001,602,2001,1247080,230101,1,1,348,341,11.655,27.483,125,125,5,0,240,125,9,0,1
ORBBS_602_12,ORBBS,ORBBS_602_122002,602,2002,1247080,230101,1,1,348,341,11.655,27.483,125,125,8,0,241,125,9,4.43,0
ORBBS_602_12,ORBBS,ORBBS_602_122004,602,2004,1247080,230101,1,1,348,341,11.655,27.483,125,125,10,0,242,125,9,6.61,0
ORBBS_602_12,ORBBS,ORBBS_602_122006,602,2006,1247080,230101,1,1,348,341,11.655,27.483,125,125,5,0,243,125,9,6.71,0
ORBBS_602_12,ORBBS,ORBBS_602_122008,602,2008,1247080,230101,1,1,348,341,11.655,27.483,125,125,10,0,244,125,9,6.76,0
ORBBS_602_12,ORBBS,ORBBS_602_122010,602,2010,1247080,230101,1,1,348,341,11.655,27.483,125,125,10,0,245,125,9,6.87,0
ORBBS_602_12,ORBBS,ORBBS_602_122012,602,2012,1247080,230101,1,1,348,341,11.655,27.483,125,125,10,0,246,125,9,6.94,0
ORBBS_602_12,ORBBS,ORBBS_602_122013,602,2013,1247080,230101,1,1,348,341,11.655,27.483,125,125,10,0,247,125,9,6.99,0
ORBBS_602_12,ORBBS,ORBBS_602_122014,602,2014,1247080,230101,1,1,348,341,11.655,27.483,125,125,10,0,248,125,9,7.03,0
ORBBS_602_12,ORBBS,ORBBS_602_122016,602,2016,1247080,230101,1,1,348,341,11.655,27.483,125,125,10,0,249,125,9,6.23,0
ORBBS_602_12,ORBBS,ORBBS_602_122018,602,2018,1247080,230101,1,1,348,341,11.655,27.483,125,125,10,0,250,125,9,7.1,0
ORBBS_602_12,ORBBS,ORBBS_602_122020,602,2020,1247080,230101,1,1,348,341,11.655,27.483,125,125,10,0,251,125,9,7.16,0
ORBBS_602_12,ORBBS,ORBBS_602_121996,602,1996,1247080,230101,1,1,348,341,11.655,27.483,50,50,5,0,252,50,4,5.7025,0
ORBBS_602_12,ORBBS,ORBBS_602_121995,602,1995,1247080,230101,1,1,348,341,11.655,27.483,50,50,5,0,253,50,4,4.42,1
ORBBS_602_12,ORBBS,ORBBS_602_121994,602,1994,1247080,230101,1,1,348,341,11.655,27.483,50,50,5,0,254,50,4,4.226666667,1
ORBBS_602_12,ORBBS,ORBBS_602_121999,602,1999,1247080,230101,1,1,348,341,11.655,27.483,50,50,5,0,255,50,4,6.25,0
ORBBS_602_12,ORBBS,ORBBS_602_121993,602,1993,1247080,230101,1,1,348,341,11.655,27.483,50,50,5,0,256,50,4,0,1
ORBBS_602_12,ORBBS,ORBBS_602_122000,602,2000,1247080,230101,1,1,348,341,11.655,27.483,50,50,5,0,257,50,4,6.5,0
ORBBS_602_12,ORBBS,ORBBS_602_121997,602,1997,1247080,230101,1,1,348,341,11.655,27.483,50,50,5,0,258,50,4,6.15,0
ORBBS_602_12,ORBBS,ORBBS_602_121998,602,1998,1247080,230101,1,1,348,341,11.655,27.483,50,50,5,0,259,50,4,3.16,1
ORBBS_602_3,ORBBS,ORBBS_602_32001,602,2001,1247125,230454,1,0,371,361,11.65,28.396,125,125,5,0,260,125,9,0,1
ORBBS_602_3,ORBBS,ORBBS_602_32002,602,2002,1247125,230454,1,0,371,361,11.65,28.396,125,125,8,0,261,125,9,4.43,0
ORBBS_602_3,ORBBS,ORBBS_602_32004,602,2004,1247125,230454,1,0,371,361,11.65,28.396,125,125,10,0,262,125,9,6.61,0
ORBBS_602_3,ORBBS,ORBBS_602_32006,602,2006,1247125,230454,1,0,371,361,11.65,28.396,125,125,5,0,263,125,9,6.71,0
ORBBS_602_3,ORBBS,ORBBS_602_32008,602,2008,1247125,230454,1,0,371,361,11.65,28.396,125,125,10,0,264,125,9,6.76,0
ORBBS_602_3,ORBBS,ORBBS_602_32010,602,2010,1247125,230454,1,0,371,361,11.65,28.396,125,125,10,0,265,125,9,6.87,0
ORBBS_602_3,ORBBS,ORBBS_602_32012,602,2012,1247125,230454,1,0,371,361,11.65,28.396,125,125,10,0,266,125,9,6.94,0
ORBBS_602_3,ORBBS,ORBBS_602_32013,602,2013,1247125,230454,1,0,371,361,11.65,28.396,125,125,10,0,267,125,9,6.99,0
ORBBS_602_3,ORBBS,ORBBS_602_32014,602,2014,1247125,230454,1,0,371,361,11.65,28.396,125,125,10,0,268,125,9,7.03,0
ORBBS_602_3,ORBBS,ORBBS_602_32016,602,2016,1247125,230454,1,0,371,361,11.65,28.396,125,125,10,0,269,125,9,6.23,0
ORBBS_602_3,ORBBS,ORBBS_602_32018,602,2018,1247125,230454,1,0,371,361,11.65,28.396,125,125,10,0,270,125,9,7.1,0
ORBBS_602_3,ORBBS,ORBBS_602_32020,602,2020,1247125,230454,1,0,371,361,11.65,28.396,125,125,10,0,271,125,9,7.16,0
ORBBS_602_3,ORBBS,ORBBS_602_31995,602,1995,1247125,230454,1,0,371,361,11.65,28.396,50,50,5,0,272,50,4,4.42,1
ORBBS_602_3,ORBBS,ORBBS_602_31996,602,1996,1247125,230454,1,0,371,361,11.65,28.396,50,50,5,0,273,50,4,5.7025,0
ORBBS_602_3,ORBBS,ORBBS_602_31994,602,1994,1247125,230454,1,0,371,361,11.65,28.396,50,50,5,0,274,50,4,4.226666667,1
ORBBS_602_3,ORBBS,ORBBS_602_31997,602,1997,1247125,230454,1,0,371,361,11.65,28.396,50,50,5,0,275,50,4,6.15,0
ORBBS_602_3,ORBBS,ORBBS_602_31999,602,1999,1247125,230454,1,0,371,361,11.65,28.396,50,50,5,0,276,50,4,6.25,0
ORBBS_602_3,ORBBS,ORBBS_602_31998,602,1998,1247125,230454,1,0,371,361,11.65,28.396,50,50,5,0,277,50,4,3.16,1
ORBBS_602_3,ORBBS,ORBBS_602_32000,602,2000,1247125,230454,1,0,371,361,11.65,28.396,50,50,10,0,278,50,4,6.5,0
ORBBS_602_3,ORBBS,ORBBS_602_31993,602,1993,1247125,230454,1,0,371,361,11.65,28.396,50,50,5,0,279,50,4,0,1
ORBBS_601_12,ORBBS,ORBBS_601_122001,601,2001,1247163,225882,1,1,117,115,12.645,26.92,125,125,5,0,280,125,9,0,1
ORBBS_601_12,ORBBS,ORBBS_601_122002,601,2002,1247163,225882,1,1,117,115,12.645,26.92,125,125,8,0,281,125,9,4.43,0
ORBBS_601_12,ORBBS,ORBBS_601_122004,601,2004,1247163,225882,1,1,117,115,12.645,26.92,125,125,10,0,282,125,9,6.61,0
ORBBS_601_12,ORBBS,ORBBS_601_122006,601,2006,1247163,225882,1,1,117,115,12.645,26.92,125,125,5,0,283,125,9,0,1
ORBBS_601_12,ORBBS,ORBBS_601_122008,601,2008,1247163,225882,1,1,117,115,12.645,26.92,125,125,10,0,284,125,9,6.76,0
ORBBS_601_12,ORBBS,ORBBS_601_122010,601,2010,1247163,225882,1,1,117,115,12.645,26.92,125,125,10,0,285,125,9,6.87,0
ORBBS_601_12,ORBBS,ORBBS_601_122012,601,2012,1247163,225882,1,1,117,115,12.645,26.92,125,125,10,0,286,125,9,6.94,0
ORBBS_601_12,ORBBS,ORBBS_601_122014,601,2014,1247163,225882,1,1,117,115,12.645,26.92,125,125,10,0,287,125,9,7.03,0
ORBBS_601_12,ORBBS,ORBBS_601_122016,601,2016,1247163,225882,1,1,117,115,12.645,26.92,125,125,10,0,288,125,9,6.23,0
ORBBS_601_12,ORBBS,ORBBS_601_122018,601,2018,1247163,225882,1,1,117,115,12.645,26.92,125,125,10,0,289,125,9,7.1,0
ORBBS_601_12,ORBBS,ORBBS_601_122020,601,2020,1247163,225882,1,1,117,115,12.645,26.92,125,125,10,0,290,125,9,7.16,0
ORBBS_601_12,ORBBS,ORBBS_601_121996,601,1996,1247163,225882,1,1,117,115,12.645,26.92,50,50,5,0,291,50,4,5.68375,0
ORBBS_601_12,ORBBS,ORBBS_601_121995,601,1995,1247163,225882,1,1,117,115,12.645,26.92,50,50,5,0,292,50,4,4.5675,1
ORBBS_601_12,ORBBS,ORBBS_601_121993,601,1993,1247163,225882,1,1,117,115,12.645,26.92,50,50,5,0,293,50,4,0,1
ORBBS_601_12,ORBBS,ORBBS_601_121994,601,1994,1247163,225882,1,1,117,115,12.645,26.92,50,50,5,0,294,50,4,4.556666667,0
ORBBS_601_12,ORBBS,ORBBS_601_121999,601,1999,1247163,225882,1,1,117,115,12.645,26.92,50,50,5,0,295,50,4,6.46,0
ORBBS_601_12,ORBBS,ORBBS_601_121997,601,1997,1247163,225882,1,1,117,115,12.645,26.92,50,50,5,0,296,50,4,6.15,0
ORBBS_601_12,ORBBS,ORBBS_601_122000,601,2000,1247163,225882,1,1,117,115,12.645,26.92,50,50,5,0,297,50,4,6.5,0
ORBBS_601_12,ORBBS,ORBBS_601_121998,601,1998,1247163,225882,1,1,117,115,12.645,26.92,50,50,5,0,298,50,4,2.106666667,1
ORBBS_601_1,ORBBS,ORBBS_601_12001,601,2001,1247177,226385,1,0,122,125,12.54,26.118,125,125,5,0,299,125,9,0,1
ORBBS_601_1,ORBBS,ORBBS_601_12002,601,2002,1247177,226385,1,0,122,125,12.54,26.118,125,125,8,0,300,125,9,4.43,0
ORBBS_601_1,ORBBS,ORBBS_601_12004,601,2004,1247177,226385,1,0,122,125,12.54,26.118,125,125,10,0,301,125,9,6.61,0
ORBBS_601_1,ORBBS,ORBBS_601_12006,601,2006,1247177,226385,1,0,122,125,12.54,26.118,125,125,5,0,302,125,9,0,1
ORBBS_601_1,ORBBS,ORBBS_601_12008,601,2008,1247177,226385,1,0,122,125,12.54,26.118,125,125,10,0,303,125,9,6.76,0
ORBBS_601_1,ORBBS,ORBBS_601_12010,601,2010,1247177,226385,1,0,122,125,12.54,26.118,125,125,10,0,304,125,9,6.87,0
ORBBS_601_1,ORBBS,ORBBS_601_12012,601,2012,1247177,226385,1,0,122,125,12.54,26.118,125,125,10,0,305,125,9,6.94,0
ORBBS_601_1,ORBBS,ORBBS_601_12014,601,2014,1247177,226385,1,0,122,125,12.54,26.118,125,125,10,0,306,125,9,7.03,0
ORBBS_601_1,ORBBS,ORBBS_601_12016,601,2016,1247177,226385,1,0,122,125,12.54,26.118,125,125,10,0,307,125,9,6.23,0
ORBBS_601_1,ORBBS,ORBBS_601_12018,601,2018,1247177,226385,1,0,122,125,12.54,26.118,125,125,10,0,308,125,9,7.1,0
ORBBS_601_1,ORBBS,ORBBS_601_12020,601,2020,1247177,226385,1,0,122,125,12.54,26.118,125,125,10,0,309,125,9,7.16,0
ORBBS_601_1,ORBBS,ORBBS_601_11994,601,1994,1247177,226385,1,0,122,125,12.54,26.118,50,50,5,0,310,50,4,4.556666667,0
ORBBS_601_1,ORBBS,ORBBS_601_11999,601,1999,1247177,226385,1,0,122,125,12.54,26.118,50,50,5,0,311,50,4,6.46,0
ORBBS_601_1,ORBBS,ORBBS_601_11995,601,1995,1247177,226385,1,0,122,125,12.54,26.118,50,50,5,0,312,50,4,4.5675,1
ORBBS_601_1,ORBBS,ORBBS_601_11996,601,1996,1247177,226385,1,0,122,125,12.54,26.118,50,50,5,0,313,50,4,5.68375,0
ORBBS_601_1,ORBBS,ORBBS_601_11998,601,1998,1247177,226385,1,0,122,125,12.54,26.118,50,50,5,0,314,50,4,2.106666667,1
ORBBS_601_1,ORBBS,ORBBS_601_11997,601,1997,1247177,226385,1,0,122,125,12.54,26.118,50,50,5,0,315,50,4,6.15,0
ORBBS_601_1,ORBBS,ORBBS_601_11993,601,1993,1247177,226385,1,0,122,125,12.54,26.118,50,50,5,0,316,50,4,0,1
ORBBS_601_1,ORBBS,ORBBS_601_12000,601,2000,1247177,226385,1,0,122,125,12.54,26.118,50,50,5,0,317,50,4,6.5,0
ORBBS_601_3,ORBBS,ORBBS_601_32001,601,2001,1247177,226852,1,0,132,136,12.46,25.565,125,125,5,0,318,125,9,0,1
ORBBS_601_3,ORBBS,ORBBS_601_32002,601,2002,1247177,226852,1,0,132,136,12.46,25.565,125,125,8,0,319,125,9,4.43,0
ORBBS_601_3,ORBBS,ORBBS_601_32004,601,2004,1247177,226852,1,0,132,136,12.46,25.565,125,125,10,0,320,125,9,6.61,0
ORBBS_601_3,ORBBS,ORBBS_601_32006,601,2006,1247177,226852,1,0,132,136,12.46,25.565,125,125,5,0,321,125,9,0,1
ORBBS_601_3,ORBBS,ORBBS_601_32008,601,2008,1247177,226852,1,0,132,136,12.46,25.565,125,125,10,0,322,125,9,6.76,0
ORBBS_601_3,ORBBS,ORBBS_601_32010,601,2010,1247177,226852,1,0,132,136,12.46,25.565,125,125,10,0,323,125,9,6.87,0
ORBBS_601_3,ORBBS,ORBBS_601_32012,601,2012,1247177,226852,1,0,132,136,12.46,25.565,125,125,10,0,324,125,9,6.94,0
ORBBS_601_3,ORBBS,ORBBS_601_32014,601,2014,1247177,226852,1,0,132,136,12.46,25.565,125,125,10,0,325,125,9,7.03,0
ORBBS_601_3,ORBBS,ORBBS_601_32016,601,2016,1247177,226852,1,0,132,136,12.46,25.565,125,125,10,0,326,125,9,6.23,0
ORBBS_601_3,ORBBS,ORBBS_601_32018,601,2018,1247177,226852,1,0,132,136,12.46,25.565,125,125,10,0,327,125,9,7.1,0
ORBBS_601_3,ORBBS,ORBBS_601_32020,601,2020,1247177,226852,1,0,132,136,12.46,25.565,125,125,10,0,328,125,9,7.16,0
ORBBS_601_3,ORBBS,ORBBS_601_31996,601,1996,1247177,226852,1,0,132,136,12.46,25.565,50,50,5,0,329,50,4,5.68375,0
ORBBS_601_3,ORBBS,ORBBS_601_31999,601,1999,1247177,226852,1,0,132,136,12.46,25.565,50,50,5,0,330,50,4,6.46,0
ORBBS_601_3,ORBBS,ORBBS_601_31995,601,1995,1247177,226852,1,0,132,136,12.46,25.565,50,50,5,0,331,50,4,4.5675,1
ORBBS_601_3,ORBBS,ORBBS_601_31994,601,1994,1247177,226852,1,0,132,136,12.46,25.565,50,50,5,0,332,50,4,4.556666667,0
ORBBS_601_3,ORBBS,ORBBS_601_31993,601,1993,1247177,226852,1,0,132,136,12.46,25.565,50,50,5,0,333,50,4,0,1
ORBBS_601_3,ORBBS,ORBBS_601_31997,601,1997,1247177,226852,1,0,132,136,12.46,25.565,50,50,5,0,334,50,4,6.15,0
ORBBS_601_3,ORBBS,ORBBS_601_32000,601,2000,1247177,226852,1,0,132,136,12.46,25.565,50,50,5,0,335,50,4,6.5,0
ORBBS_601_3,ORBBS,ORBBS_601_31998,601,1998,1247177,226852,1,0,132,136,12.46,25.565,50,50,5,0,336,50,4,2.106666667,1
ORBBS_613_8,ORBBS,ORBBS_613_82001,613,2001,1247220,212636,1,0,78,69,12.975,28.808,125,125,5,0,337,125,9,0,1
ORBBS_613_8,ORBBS,ORBBS_613_82002,613,2002,1247220,212636,1,0,78,69,12.975,28.808,125,125,8,0,338,125,9,4.43,0
ORBBS_613_8,ORBBS,ORBBS_613_82006,613,2006,1247220,212636,1,0,78,69,12.975,28.808,125,125,5,0,339,125,9,0,1
ORBBS_613_8,ORBBS,ORBBS_613_82008,613,2008,1247220,212636,1,0,78,69,12.975,28.808,125,125,10,0,340,125,9,4.29,0
ORBBS_613_8,ORBBS,ORBBS_613_82009,613,2009,1247220,212636,1,0,78,69,12.975,28.808,125,125,10,0,341,125,9,6.83,0
ORBBS_613_8,ORBBS,ORBBS_613_82010,613,2010,1247220,212636,1,0,78,69,12.975,28.808,125,125,10,0,342,125,9,4.89,0
ORBBS_613_8,ORBBS,ORBBS_613_82011,613,2011,1247220,212636,1,0,78,69,12.975,28.808,125,125,10,0,343,125,9,5.33,0
ORBBS_613_8,ORBBS,ORBBS_613_82013,613,2013,1247220,212636,1,0,78,69,12.975,28.808,125,125,10,0,344,125,9,5.76,0
ORBBS_613_8,ORBBS,ORBBS_613_82015,613,2015,1247220,212636,1,0,78,69,12.975,28.808,125,125,10,0,345,125,9,6.1,0
ORBBS_613_8,ORBBS,ORBBS_613_82016,613,2016,1247220,212636,1,0,78,69,12.975,28.808,125,125,10,0,346,125,9,6.23,0
ORBBS_613_8,ORBBS,ORBBS_613_82018,613,2018,1247220,212636,1,0,78,69,12.975,28.808,125,125,10,0,347,125,9,6.45,0
ORBBS_613_8,ORBBS,ORBBS_613_82020,613,2020,1247220,212636,1,0,78,69,12.975,28.808,125,125,10,0,348,125,9,6.61,0
ORBBS_613_8,ORBBS,ORBBS_613_82000,613,2000,1247220,212636,1,0,78,69,12.975,28.808,50,50,5,0,349,50,4,3.22,0
ORBBS_613_8,ORBBS,ORBBS_613_81994,613,1994,1247220,212636,1,0,78,69,12.975,28.808,50,50,5,0,350,50,4,4.69,0
ORBBS_613_8,ORBBS,ORBBS_613_81996,613,1996,1247220,212636,1,0,78,69,12.975,28.808,50,50,5,0,351,50,4,5.67,0
ORBBS_613_8,ORBBS,ORBBS_613_81999,613,1999,1247220,212636,1,0,78,69,12.975,28.808,50,50,5,0,352,50,4,6.25,0
ORBBS_613_8,ORBBS,ORBBS_613_81995,613,1995,1247220,212636,1,0,78,69,12.975,28.808,50,50,5,0,353,50,4,4.98,0
ORBBS_613_8,ORBBS,ORBBS_613_81993,613,1993,1247220,212636,1,0,78,69,12.975,28.808,50,50,5,0,354,50,4,0,1
ORBBS_613_8,ORBBS,ORBBS_613_81997,613,1997,1247220,212636,1,0,78,69,12.975,28.808,50,50,5,0,355,50,4,6.15,0
ORBBS_613_8,ORBBS,ORBBS_613_81998,613,1998,1247220,212636,1,0,78,69,12.975,28.808,50,50,5,0,356,50,4,6.32,0
ORBBS_613_7,ORBBS,ORBBS_613_72001,613,2001,1247270,212332,1,0,76,66,13.03,28.641,125,125,5,0,357,125,9,0,1
ORBBS_613_7,ORBBS,ORBBS_613_72002,613,2002,1247270,212332,1,0,76,66,13.03,28.641,125,125,8,0,358,125,9,4.43,0
ORBBS_613_7,ORBBS,ORBBS_613_72006,613,2006,1247270,212332,1,0,76,66,13.03,28.641,125,125,5,0,359,125,9,0,1
ORBBS_613_7,ORBBS,ORBBS_613_72008,613,2008,1247270,212332,1,0,76,66,13.03,28.641,125,125,10,0,360,125,9,4.29,0
ORBBS_613_7,ORBBS,ORBBS_613_72009,613,2009,1247270,212332,1,0,76,66,13.03,28.641,125,125,10,0,361,125,9,6.83,0
ORBBS_613_7,ORBBS,ORBBS_613_72010,613,2010,1247270,212332,1,0,76,66,13.03,28.641,125,125,10,0,362,125,9,4.89,0
ORBBS_613_7,ORBBS,ORBBS_613_72011,613,2011,1247270,212332,1,0,76,66,13.03,28.641,125,125,10,0,363,125,9,5.33,0
ORBBS_613_7,ORBBS,ORBBS_613_72013,613,2013,1247270,212332,1,0,76,66,13.03,28.641,125,125,10,0,364,125,9,5.76,0
ORBBS_613_7,ORBBS,ORBBS_613_72015,613,2015,1247270,212332,1,0,76,66,13.03,28.641,125,125,10,0,365,125,9,6.1,0
ORBBS_613_7,ORBBS,ORBBS_613_72016,613,2016,1247270,212332,1,0,76,66,13.03,28.641,125,125,10,0,366,125,9,6.23,0
ORBBS_613_7,ORBBS,ORBBS_613_72018,613,2018,1247270,212332,1,0,76,66,13.03,28.641,125,125,10,0,367,125,9,6.45,0
ORBBS_613_7,ORBBS,ORBBS_613_72020,613,2020,1247270,212332,1,0,76,66,13.03,28.641,125,125,10,0,368,125,9,6.61,0
ORBBS_613_7,ORBBS,ORBBS_613_72000,613,2000,1247270,212332,1,0,76,66,13.03,28.641,50,50,5,0,369,50,4,3.22,0
ORBBS_613_7,ORBBS,ORBBS_613_71994,613,1994,1247270,212332,1,0,76,66,13.03,28.641,50,50,5,0,370,50,4,4.69,0
ORBBS_613_7,ORBBS,ORBBS_613_71996,613,1996,1247270,212332,1,0,76,66,13.03,28.641,50,50,5,0,371,50,4,5.67,0
ORBBS_613_7,ORBBS,ORBBS_613_71999,613,1999,1247270,212332,1,0,76,66,13.03,28.641,50,50,5,0,372,50,4,6.25,0
ORBBS_613_7,ORBBS,ORBBS_613_71995,613,1995,1247270,212332,1,0,76,66,13.03,28.641,50,50,5,0,373,50,4,4.98,0
ORBBS_613_7,ORBBS,ORBBS_613_71993,613,1993,1247270,212332,1,0,76,66,13.03,28.641,50,50,5,0,374,50,4,0,1
ORBBS_613_7,ORBBS,ORBBS_613_71997,613,1997,1247270,212332,1,0,76,66,13.03,28.641,50,50,5,0,375,50,4,6.15,0
ORBBS_613_7,ORBBS,ORBBS_613_71998,613,1998,1247270,212332,1,0,76,66,13.03,28.641,50,50,5,0,376,50,4,6.32,0
ORBBS_601_4,ORBBS,ORBBS_601_42001,601,2001,1247329,226592,1,0,124,128,12.54,26.118,125,125,5,0,377,125,9,0,1
ORBBS_601_4,ORBBS,ORBBS_601_42002,601,2002,1247329,226592,1,0,124,128,12.54,26.118,125,125,8,0,378,125,9,4.43,0
ORBBS_601_4,ORBBS,ORBBS_601_42004,601,2004,1247329,226592,1,0,124,128,12.54,26.118,125,125,10,0,379,125,9,6.61,0
ORBBS_601_4,ORBBS,ORBBS_601_42006,601,2006,1247329,226592,1,0,124,128,12.54,26.118,125,125,5,0,380,125,9,0,1
ORBBS_601_4,ORBBS,ORBBS_601_42008,601,2008,1247329,226592,1,0,124,128,12.54,26.118,125,125,10,0,381,125,9,6.76,0
ORBBS_601_4,ORBBS,ORBBS_601_42010,601,2010,1247329,226592,1,0,124,128,12.54,26.118,125,125,10,0,382,125,9,6.87,0
ORBBS_601_4,ORBBS,ORBBS_601_42012,601,2012,1247329,226592,1,0,124,128,12.54,26.118,125,125,10,0,383,125,9,6.94,0
ORBBS_601_4,ORBBS,ORBBS_601_42014,601,2014,1247329,226592,1,0,124,128,12.54,26.118,125,125,10,0,384,125,9,7.03,0
ORBBS_601_4,ORBBS,ORBBS_601_42016,601,2016,1247329,226592,1,0,124,128,12.54,26.118,125,125,10,0,385,125,9,6.23,0
ORBBS_601_4,ORBBS,ORBBS_601_42018,601,2018,1247329,226592,1,0,124,128,12.54,26.118,125,125,10,0,386,125,9,7.1,0
ORBBS_601_4,ORBBS,ORBBS_601_42020,601,2020,1247329,226592,1,0,124,128,12.54,26.118,125,125,10,0,387,125,9,7.16,0
ORBBS_601_4,ORBBS,ORBBS_601_41999,601,1999,1247329,226592,1,0,124,128,12.54,26.118,50,50,5,0,388,50,4,6.46,0
ORBBS_601_4,ORBBS,ORBBS_601_41996,601,1996,1247329,226592,1,0,124,128,12.54,26.118,50,50,5,0,389,50,4,5.68375,0
ORBBS_601_4,ORBBS,ORBBS_601_41995,601,1995,1247329,226592,1,0,124,128,12.54,26.118,50,50,5,0,390,50,4,4.5675,1
ORBBS_601_4,ORBBS,ORBBS_601_41993,601,1993,1247329,226592,1,0,124,128,12.54,26.118,50,50,5,0,391,50,4,0,1
ORBBS_601_4,ORBBS,ORBBS_601_41994,601,1994,1247329,226592,1,0,124,128,12.54,26.118,50,50,5,0,392,50,4,4.556666667,0
ORBBS_601_4,ORBBS,ORBBS_601_41997,601,1997,1247329,226592,1,0,124,128,12.54,26.118,50,50,5,0,393,50,4,6.15,0
ORBBS_601_4,ORBBS,ORBBS_601_42000,601,2000,1247329,226592,1,0,124,128,12.54,26.118,50,50,5,0,394,50,4,6.5,0
ORBBS_601_4,ORBBS,ORBBS_601_41998,601,1998,1247329,226592,1,0,124,128,12.54,26.118,50,50,5,0,395,50,4,2.106666667,1
ORBBS_602_2,ORBBS,ORBBS_602_22001,602,2001,1247343,230270,1,0,346,335,11.655,27.483,125,125,5,0,396,125,9,0,1
ORBBS_602_2,ORBBS,ORBBS_602_22002,602,2002,1247343,230270,1,0,346,335,11.655,27.483,125,125,8,0,397,125,9,4.43,0
ORBBS_602_2,ORBBS,ORBBS_602_22004,602,2004,1247343,230270,1,0,346,335,11.655,27.483,125,125,10,0,398,125,9,6.61,0
ORBBS_602_2,ORBBS,ORBBS_602_22006,602,2006,1247343,230270,1,0,346,335,11.655,27.483,125,125,5,0,399,125,9,6.71,0
ORBBS_602_2,ORBBS,ORBBS_602_22008,602,2008,1247343,230270,1,0,346,335,11.655,27.483,125,125,10,0,400,125,9,6.76,0
ORBBS_602_2,ORBBS,ORBBS_602_22010,602,2010,1247343,230270,1,0,346,335,11.655,27.483,125,125,10,0,401,125,9,6.87,0
ORBBS_602_2,ORBBS,ORBBS_602_22012,602,2012,1247343,230270,1,0,346,335,11.655,27.483,125,125,10,0,402,125,9,6.94,0
ORBBS_602_2,ORBBS,ORBBS_602_22013,602,2013,1247343,230270,1,0,346,335,11.655,27.483,125,125,10,0,403,125,9,6.99,0
ORBBS_602_2,ORBBS,ORBBS_602_22014,602,2014,1247343,230270,1,0,346,335,11.655,27.483,125,125,10,0,404,125,9,7.03,0
ORBBS_602_2,ORBBS,ORBBS_602_22016,602,2016,1247343,230270,1,0,346,335,11.655,27.483,125,125,10,0,405,125,9,6.23,0
ORBBS_602_2,ORBBS,ORBBS_602_22018,602,2018,1247343,230270,1,0,346,335,11.655,27.483,125,125,10,0,406,125,9,7.1,0
ORBBS_602_2,ORBBS,ORBBS_602_22020,602,2020,1247343,230270,1,0,346,335,11.655,27.483,125,125,10,0,407,125,9,7.16,0
ORBBS_602_2,ORBBS,ORBBS_602_21995,602,1995,1247343,230270,1,0,346,335,11.655,27.483,50,50,5,0,408,50,4,4.42,1
ORBBS_602_2,ORBBS,ORBBS_602_21994,602,1994,1247343,230270,1,0,346,335,11.655,27.483,50,50,5,0,409,50,4,4.226666667,1
ORBBS_602_2,ORBBS,ORBBS_602_21996,602,1996,1247343,230270,1,0,346,335,11.655,27.483,50,50,5,0,410,50,4,5.7025,0
ORBBS_602_2,ORBBS,ORBBS_602_21997,602,1997,1247343,230270,1,0,346,335,11.655,27.483,50,50,5,0,411,50,4,6.15,0
ORBBS_602_2,ORBBS,ORBBS_602_21998,602,1998,1247343,230270,1,0,346,335,11.655,27.483,50,50,5,0,412,50,4,3.16,1
ORBBS_602_2,ORBBS,ORBBS_602_21999,602,1999,1247343,230270,1,0,346,335,11.655,27.483,50,50,10,0,413,50,4,6.25,0
ORBBS_602_2,ORBBS,ORBBS_602_22000,602,2000,1247343,230270,1,0,346,335,11.655,27.483,50,50,5,0,414,50,4,6.5,0
ORBBS_602_2,ORBBS,ORBBS_602_21993,602,1993,1247343,230270,1,0,346,335,11.655,27.483,50,50,5,0,415,50,4,0,1
ORBBS_613_12,ORBBS,ORBBS_613_122001,613,2001,1247348,213363,1,1,90,83,12.885,29.215,125,125,5,0,416,125,9,0,1
ORBBS_613_12,ORBBS,ORBBS_613_122002,613,2002,1247348,213363,1,1,90,83,12.885,29.215,125,125,8,0,417,125,9,4.43,0
ORBBS_613_12,ORBBS,ORBBS_613_122006,613,2006,1247348,213363,1,1,90,83,12.885,29.215,125,125,5,0,418,125,9,0,1
ORBBS_613_12,ORBBS,ORBBS_613_122008,613,2008,1247348,213363,1,1,90,83,12.885,29.215,125,125,10,0,419,125,9,4.29,0
ORBBS_613_12,ORBBS,ORBBS_613_122009,613,2009,1247348,213363,1,1,90,83,12.885,29.215,125,125,10,0,420,125,9,6.83,0
ORBBS_613_12,ORBBS,ORBBS_613_122010,613,2010,1247348,213363,1,1,90,83,12.885,29.215,125,125,10,0,421,125,9,4.89,0
ORBBS_613_12,ORBBS,ORBBS_613_122011,613,2011,1247348,213363,1,1,90,83,12.885,29.215,125,125,10,0,422,125,9,5.33,0
ORBBS_613_12,ORBBS,ORBBS_613_122013,613,2013,1247348,213363,1,1,90,83,12.885,29.215,125,125,10,0,423,125,9,5.76,0
ORBBS_613_12,ORBBS,ORBBS_613_122015,613,2015,1247348,213363,1,1,90,83,12.885,29.215,125,125,10,0,424,125,9,6.1,0
ORBBS_613_12,ORBBS,ORBBS_613_122018,613,2018,1247348,213363,1,1,90,83,12.885,29.215,125,125,10,0,425,125,9,6.45,0
ORBBS_613_12,ORBBS,ORBBS_613_122016,613,2016,1247348,213363,1,1,90,83,12.885,29.215,125,125,10,0,426,125,9,6.23,0
ORBBS_613_12,ORBBS,ORBBS_613_122020,613,2020,1247348,213363,1,1,90,83,12.885,29.215,125,125,10,0,427,125,9,6.61,0
ORBBS_613_12,ORBBS,ORBBS_613_122000,613,2000,1247348,213363,1,1,90,83,12.885,29.215,50,50,5,0,428,50,4,3.22,0
ORBBS_613_12,ORBBS,ORBBS_613_121994,613,1994,1247348,213363,1,1,90,83,12.885,29.215,50,50,5,0,429,50,4,4.69,0
ORBBS_613_12,ORBBS,ORBBS_613_121996,613,1996,1247348,213363,1,1,90,83,12.885,29.215,50,50,10,0,430,50,4,5.67,0
ORBBS_613_12,ORBBS,ORBBS_613_121995,613,1995,1247348,213363,1,1,90,83,12.885,29.215,50,50,10,0,431,50,4,4.98,0
ORBBS_613_12,ORBBS,ORBBS_613_121999,613,1999,1247348,213363,1,1,90,83,12.885,29.215,50,50,5,0,432,50,4,6.25,0
ORBBS_613_12,ORBBS,ORBBS_613_121993,613,1993,1247348,213363,1,1,90,83,12.885,29.215,50,50,5,0,433,50,4,0,1
ORBBS_613_12,ORBBS,ORBBS_613_121997,613,1997,1247348,213363,1,1,90,83,12.885,29.215,50,50,5,0,434,50,4,6.15,0
ORBBS_613_12,ORBBS,ORBBS_613_121998,613,1998,1247348,213363,1,1,90,83,12.885,29.215,50,50,5,0,435,50,4,6.32,0
ORBBS_601_11,ORBBS,ORBBS_601_112002,601,2002,1247351,225808,1,1,111,110,12.645,26.92,125,125,8,0,436,125,9,4.43,0
ORBBS_601_11,ORBBS,ORBBS_601_112004,601,2004,1247351,225808,1,1,111,110,12.645,26.92,125,125,10,0,437,125,9,6.61,0
ORBBS_601_11,ORBBS,ORBBS_601_112006,601,2006,1247351,225808,1,1,111,110,12.645,26.92,125,125,5,0,438,125,9,0,1
ORBBS_601_11,ORBBS,ORBBS_601_112008,601,2008,1247351,225808,1,1,111,110,12.645,26.92,125,125,10,0,439,125,9,6.76,0
ORBBS_601_11,ORBBS,ORBBS_601_112010,601,2010,1247351,225808,1,1,111,110,12.645,26.92,125,125,10,0,440,125,9,6.87,0
ORBBS_601_11,ORBBS,ORBBS_601_112012,601,2012,1247351,225808,1,1,111,110,12.645,26.92,125,125,10,0,441,125,9,6.94,0
ORBBS_601_11,ORBBS,ORBBS_601_112014,601,2014,1247351,225808,1,1,111,110,12.645,26.92,125,125,10,0,442,125,9,7.03,0
ORBBS_601_11,ORBBS,ORBBS_601_112016,601,2016,1247351,225808,1,1,111,110,12.645,26.92,125,125,10,0,443,125,9,6.23,0
ORBBS_601_11,ORBBS,ORBBS_601_112018,601,2018,1247351,225808,1,1,111,110,12.645,26.92,125,125,10,0,444,125,9,7.1,0
ORBBS_601_11,ORBBS,ORBBS_601_112020,601,2020,1247351,225808,1,1,111,110,12.645,26.92,125,125,10,0,445,125,9,7.16,0
ORBBS_601_11,ORBBS,ORBBS_601_111996,601,1996,1247351,225808,1,1,111,110,12.645,26.92,50,50,5,0,446,50,4,5.68375,0
ORBBS_601_11,ORBBS,ORBBS_601_111995,601,1995,1247351,225808,1,1,111,110,12.645,26.92,50,50,5,0,447,50,4,4.5675,1
ORBBS_601_11,ORBBS,ORBBS_601_111993,601,1993,1247351,225808,1,1,111,110,12.645,26.92,50,50,5,0,448,50,4,0,1
ORBBS_601_11,ORBBS,ORBBS_601_111999,601,1999,1247351,225808,1,1,111,110,12.645,26.92,50,50,5,0,449,50,4,6.46,0
ORBBS_601_11,ORBBS,ORBBS_601_111994,601,1994,1247351,225808,1,1,111,110,12.645,26.92,50,50,5,0,450,50,4,4.556666667,0
ORBBS_601_11,ORBBS,ORBBS_601_111997,601,1997,1247351,225808,1,1,111,110,12.645,26.92,50,50,5,0,451,50,4,6.15,0
ORBBS_601_11,ORBBS,ORBBS_601_112000,601,2000,1247351,225808,1,1,111,110,12.645,26.92,50,50,5,0,452,50,4,6.5,0
ORBBS_601_11,ORBBS,ORBBS_601_111998,601,1998,1247351,225808,1,1,111,110,12.645,26.92,50,50,5,0,453,50,4,2.106666667,1
ORBBS_602_1,ORBBS,ORBBS_602_12001,602,2001,1247377,229997,1,1,324,313,11.655,27.483,125,125,5,0,454,125,9,0,1
ORBBS_602_1,ORBBS,ORBBS_602_12002,602,2002,1247377,229997,1,1,324,313,11.655,27.483,125,125,8,0,455,125,9,4.43,0
ORBBS_602_1,ORBBS,ORBBS_602_12004,602,2004,1247377,229997,1,1,324,313,11.655,27.483,125,125,10,0,456,125,9,6.61,0
ORBBS_602_1,ORBBS,ORBBS_602_12006,602,2006,1247377,229997,1,1,324,313,11.655,27.483,125,125,5,0,457,125,9,6.71,0
ORBBS_602_1,ORBBS,ORBBS_602_12008,602,2008,1247377,229997,1,1,324,313,11.655,27.483,125,125,10,0,458,125,9,6.76,0
ORBBS_602_1,ORBBS,ORBBS_602_12010,602,2010,1247377,229997,1,1,324,313,11.655,27.483,125,125,10,0,459,125,9,6.87,0
ORBBS_602_1,ORBBS,ORBBS_602_12012,602,2012,1247377,229997,1,1,324,313,11.655,27.483,125,125,10,0,460,125,9,6.94,0
ORBBS_602_1,ORBBS,ORBBS_602_12013,602,2013,1247377,229997,1,1,324,313,11.655,27.483,125,125,10,0,461,125,9,6.99,0
ORBBS_602_1,ORBBS,ORBBS_602_12014,602,2014,1247377,229997,1,1,324,313,11.655,27.483,125,125,10,0,462,125,9,7.03,0
ORBBS_602_1,ORBBS,ORBBS_602_12016,602,2016,1247377,229997,1,1,324,313,11.655,27.483,125,125,10,0,463,125,9,6.23,0
ORBBS_602_1,ORBBS,ORBBS_602_12018,602,2018,1247377,229997,1,1,324,313,11.655,27.483,125,125,10,0,464,125,9,7.1,0
ORBBS_602_1,ORBBS,ORBBS_602_12020,602,2020,1247377,229997,1,1,324,313,11.655,27.483,125,125,10,0,465,125,9,7.16,0
ORBBS_602_1,ORBBS,ORBBS_602_11994,602,1994,1247377,229997,1,1,324,313,11.655,27.483,50,50,5,0,466,50,4,4.226666667,1
ORBBS_602_1,ORBBS,ORBBS_602_11995,602,1995,1247377,229997,1,1,324,313,11.655,27.483,50,50,5,0,467,50,4,4.42,1
ORBBS_602_1,ORBBS,ORBBS_602_11998,602,1998,1247377,229997,1,1,324,313,11.655,27.483,50,50,5,0,468,50,4,3.16,1
ORBBS_602_1,ORBBS,ORBBS_602_11996,602,1996,1247377,229997,1,1,324,313,11.655,27.483,50,50,5,0,469,50,4,5.7025,0
ORBBS_602_1,ORBBS,ORBBS_602_11997,602,1997,1247377,229997,1,1,324,313,11.655,27.483,50,50,5,0,470,50,4,6.15,0
ORBBS_602_1,ORBBS,ORBBS_602_11999,602,1999,1247377,229997,1,1,324,313,11.655,27.483,50,50,5,0,471,50,4,6.25,0
ORBBS_602_1,ORBBS,ORBBS_602_12000,602,2000,1247377,229997,1,1,324,313,11.655,27.483,50,50,5,0,472,50,4,6.5,0
ORBBS_602_1,ORBBS,ORBBS_602_11993,602,1993,1247377,229997,1,1,324,313,11.655,27.483,50,50,5,0,473,50,4,0,1
ORBBS_613_6,ORBBS,ORBBS_613_62002,613,2002,1247433,212078,1,0,82,65,13.03,28.641,125,125,8,0,474,125,9,4.43,0
ORBBS_613_6,ORBBS,ORBBS_613_62006,613,2006,1247433,212078,1,0,82,65,13.03,28.641,125,125,5,0,475,125,9,0,1
ORBBS_613_6,ORBBS,ORBBS_613_62008,613,2008,1247433,212078,1,0,82,65,13.03,28.641,125,125,10,0,476,125,9,4.29,0
ORBBS_613_6,ORBBS,ORBBS_613_62009,613,2009,1247433,212078,1,0,82,65,13.03,28.641,125,125,10,0,477,125,9,6.83,0
ORBBS_613_6,ORBBS,ORBBS_613_62010,613,2010,1247433,212078,1,0,82,65,13.03,28.641,125,125,10,0,478,125,9,4.89,0
ORBBS_613_6,ORBBS,ORBBS_613_62011,613,2011,1247433,212078,1,0,82,65,13.03,28.641,125,125,10,0,479,125,9,5.33,0
ORBBS_613_6,ORBBS,ORBBS_613_62013,613,2013,1247433,212078,1,0,82,65,13.03,28.641,125,125,10,0,480,125,9,5.76,0
ORBBS_613_6,ORBBS,ORBBS_613_62015,613,2015,1247433,212078,1,0,82,65,13.03,28.641,125,125,10,0,481,125,9,6.1,0
ORBBS_613_6,ORBBS,ORBBS_613_62016,613,2016,1247433,212078,1,0,82,65,13.03,28.641,125,125,10,0,482,125,9,6.23,0
ORBBS_613_6,ORBBS,ORBBS_613_62018,613,2018,1247433,212078,1,0,82,65,13.03,28.641,125,125,10,0,483,125,9,6.45,0
ORBBS_613_6,ORBBS,ORBBS_613_62020,613,2020,1247433,212078,1,0,82,65,13.03,28.641,125,125,10,0,484,125,9,6.61,0
ORBBS_613_6,ORBBS,ORBBS_613_62000,613,2000,1247433,212078,1,0,82,65,13.03,28.641,50,50,5,0,485,50,4,3.22,0
ORBBS_613_6,ORBBS,ORBBS_613_61994,613,1994,1247433,212078,1,0,82,65,13.03,28.641,50,50,5,0,486,50,4,4.69,0
ORBBS_613_6,ORBBS,ORBBS_613_61996,613,1996,1247433,212078,1,0,82,65,13.03,28.641,50,50,5,0,487,50,4,5.67,0
ORBBS_613_6,ORBBS,ORBBS_613_61999,613,1999,1247433,212078,1,0,82,65,13.03,28.641,50,50,5,0,488,50,4,6.25,0
ORBBS_613_6,ORBBS,ORBBS_613_61995,613,1995,1247433,212078,1,0,82,65,13.03,28.641,50,50,5,0,489,50,4,4.98,0
ORBBS_613_6,ORBBS,ORBBS_613_61993,613,1993,1247433,212078,1,0,82,65,13.03,28.641,50,50,5,0,490,50,4,0,1
ORBBS_613_6,ORBBS,ORBBS_613_61997,613,1997,1247433,212078,1,0,82,65,13.03,28.641,50,50,5,0,491,50,4,6.15,0
ORBBS_613_6,ORBBS,ORBBS_613_61998,613,1998,1247433,212078,1,0,82,65,13.03,28.641,50,50,5,0,492,50,4,6.32,0
ORBBS_604_12,ORBBS,ORBBS_604_122001,604,2001,1247511,227926,1,0,158,163,12.305,25.295,125,125,5,0,493,125,9,1.955,1
ORBBS_604_12,ORBBS,ORBBS_604_122002,604,2002,1247511,227926,1,0,158,163,12.305,25.295,125,125,8,0,494,125,9,4.62,0
ORBBS_604_12,ORBBS,ORBBS_604_122004,604,2004,1247511,227926,1,0,158,163,12.305,25.295,125,125,10,0,495,125,9,6.61,0
ORBBS_604_12,ORBBS,ORBBS_604_122006,604,2006,1247511,227926,1,0,158,163,12.305,25.295,125,125,5,0,496,125,9,6.71,0
ORBBS_604_12,ORBBS,ORBBS_604_122008,604,2008,1247511,227926,1,0,158,163,12.305,25.295,125,125,10,0,497,125,9,6.76,0
ORBBS_604_12,ORBBS,ORBBS_604_122010,604,2010,1247511,227926,1,0,158,163,12.305,25.295,125,125,10,0,498,125,9,6.87,0
ORBBS_604_12,ORBBS,ORBBS_604_122012,604,2012,1247511,227926,1,0,158,163,12.305,25.295,125,125,10,0,499,125,9,6.94,0
ORBBS_604_12,ORBBS,ORBBS_604_122014,604,2014,1247511,227926,1,0,158,163,12.305,25.295,125,125,10,0,500,125,9,7.03,0
ORBBS_604_12,ORBBS,ORBBS_604_122016,604,2016,1247511,227926,1,0,158,163,12.305,25.295,125,125,10,0,501,125,9,6.23,0
ORBBS_604_12,ORBBS,ORBBS_604_122018,604,2018,1247511,227926,1,0,158,163,12.305,25.295,125,125,10,0,502,125,9,7.1,0
ORBBS_604_12,ORBBS,ORBBS_604_122020,604,2020,1247511,227926,1,0,158,163,12.305,25.295,125,125,10,0,503,125,9,7.16,0
ORBBS_604_12,ORBBS,ORBBS_604_121995,604,1995,1247511,227926,1,0,158,163,12.305,25.295,50,50,5,0,504,50,4,1.3075,1
ORBBS_604_12,ORBBS,ORBBS_604_121996,604,1996,1247511,227926,1,0,158,163,12.305,25.295,50,50,5,0,505,50,4,5.7575,0
ORBBS_604_12,ORBBS,ORBBS_604_121997,604,1997,1247511,227926,1,0,158,163,12.305,25.295,50,50,5,0,506,50,4,5.82,0
ORBBS_604_12,ORBBS,ORBBS_604_121993,604,1993,1247511,227926,1,0,158,163,12.305,25.295,50,50,5,0,507,50,4,0,1
ORBBS_604_12,ORBBS,ORBBS_604_122005,604,2005,1247511,227926,1,0,158,163,12.305,25.295,50,50,10,0,508,50,4,6.36,0
ORBBS_604_12,ORBBS,ORBBS_604_121994,604,1994,1247511,227926,1,0,158,163,12.305,25.295,50,50,5,0,509,50,4,4.79625,0
ORBBS_604_12,ORBBS,ORBBS_604_121999,604,1999,1247511,227926,1,0,158,163,12.305,25.295,50,50,5,0,510,50,4,4.11,0
ORBBS_604_12,ORBBS,ORBBS_604_122000,604,2000,1247511,227926,1,0,158,163,12.305,25.295,50,50,5,0,511,50,4,6.5,0
ORBBS_604_12,ORBBS,ORBBS_604_121998,604,1998,1247511,227926,1,0,158,163,12.305,25.295,50,50,5,0,512,50,4,2.106666667,1
ORBBS_601_5,ORBBS,ORBBS_601_52001,601,2001,1247520,226395,1,0,120,119,12.54,26.118,125,125,5,0,513,125,9,0,1
ORBBS_601_5,ORBBS,ORBBS_601_52002,601,2002,1247520,226395,1,0,120,119,12.54,26.118,125,125,8,0,514,125,9,4.43,0
ORBBS_601_5,ORBBS,ORBBS_601_52004,601,2004,1247520,226395,1,0,120,119,12.54,26.118,125,125,10,0,515,125,9,6.61,0
ORBBS_601_5,ORBBS,ORBBS_601_52006,601,2006,1247520,226395,1,0,120,119,12.54,26.118,125,125,5,0,516,125,9,0,1
ORBBS_601_5,ORBBS,ORBBS_601_52008,601,2008,1247520,226395,1,0,120,119,12.54,26.118,125,125,10,0,517,125,9,6.76,0
ORBBS_601_5,ORBBS,ORBBS_601_52010,601,2010,1247520,226395,1,0,120,119,12.54,26.118,125,125,10,0,518,125,9,6.87,0
ORBBS_601_5,ORBBS,ORBBS_601_52012,601,2012,1247520,226395,1,0,120,119,12.54,26.118,125,125,10,0,519,125,9,6.94,0
ORBBS_601_5,ORBBS,ORBBS_601_52014,601,2014,1247520,226395,1,0,120,119,12.54,26.118,125,125,10,0,520,125,9,7.03,0
ORBBS_601_5,ORBBS,ORBBS_601_52016,601,2016,1247520,226395,1,0,120,119,12.54,26.118,125,125,10,0,521,125,9,6.23,0
ORBBS_601_5,ORBBS,ORBBS_601_52018,601,2018,1247520,226395,1,0,120,119,12.54,26.118,125,125,10,0,522,125,9,7.1,0
ORBBS_601_5,ORBBS,ORBBS_601_52020,601,2020,1247520,226395,1,0,120,119,12.54,26.118,125,125,10,0,523,125,9,7.16,0
ORBBS_601_5,ORBBS,ORBBS_601_51999,601,1999,1247520,226395,1,0,120,119,12.54,26.118,50,50,5,0,524,50,4,6.46,0
ORBBS_601_5,ORBBS,ORBBS_601_51995,601,1995,1247520,226395,1,0,120,119,12.54,26.118,50,50,5,0,525,50,4,4.5675,1
ORBBS_601_5,ORBBS,ORBBS_601_51996,601,1996,1247520,226395,1,0,120,119,12.54,26.118,50,50,5,0,526,50,4,5.68375,0
ORBBS_601_5,ORBBS,ORBBS_601_51993,601,1993,1247520,226395,1,0,120,119,12.54,26.118,50,50,5,0,527,50,4,0,1
ORBBS_601_5,ORBBS,ORBBS_601_51994,601,1994,1247520,226395,1,0,120,119,12.54,26.118,50,50,5,0,528,50,4,4.556666667,0
ORBBS_601_5,ORBBS,ORBBS_601_51997,601,1997,1247520,226395,1,0,120,119,12.54,26.118,50,50,5,0,529,50,4,6.15,0
ORBBS_601_5,ORBBS,ORBBS_601_51998,601,1998,1247520,226395,1,0,120,119,12.54,26.118,50,50,5,0,530,50,4,2.106666667,1
ORBBS_601_5,ORBBS,ORBBS_601_52000,601,2000,1247520,226395,1,0,120,119,12.54,26.118,50,50,5,0,531,50,4,6.5,0
ORBBS_601_10,ORBBS,ORBBS_601_102001,601,2001,1247522,225789,1,1,110,107,12.645,26.92,125,125,5,0,532,125,9,0,1
ORBBS_601_10,ORBBS,ORBBS_601_102002,601,2002,1247522,225789,1,1,110,107,12.645,26.92,125,125,8,0,533,125,9,4.43,0
ORBBS_601_10,ORBBS,ORBBS_601_102004,601,2004,1247522,225789,1,1,110,107,12.645,26.92,125,125,10,0,534,125,9,6.61,0
ORBBS_601_10,ORBBS,ORBBS_601_102006,601,2006,1247522,225789,1,1,110,107,12.645,26.92,125,125,5,0,535,125,9,0,1
ORBBS_601_10,ORBBS,ORBBS_601_102008,601,2008,1247522,225789,1,1,110,107,12.645,26.92,125,125,10,0,536,125,9,6.76,0
ORBBS_601_10,ORBBS,ORBBS_601_102010,601,2010,1247522,225789,1,1,110,107,12.645,26.92,125,125,10,0,537,125,9,6.87,0
ORBBS_601_10,ORBBS,ORBBS_601_102012,601,2012,1247522,225789,1,1,110,107,12.645,26.92,125,125,10,0,538,125,9,6.94,0
ORBBS_601_10,ORBBS,ORBBS_601_102014,601,2014,1247522,225789,1,1,110,107,12.645,26.92,125,125,10,0,539,125,9,7.03,0
ORBBS_601_10,ORBBS,ORBBS_601_102018,601,2018,1247522,225789,1,1,110,107,12.645,26.92,125,125,10,0,540,125,9,7.1,0
ORBBS_601_10,ORBBS,ORBBS_601_102016,601,2016,1247522,225789,1,1,110,107,12.645,26.92,125,125,10,0,541,125,9,6.23,0
ORBBS_601_10,ORBBS,ORBBS_601_102020,601,2020,1247522,225789,1,1,110,107,12.645,26.92,125,125,10,0,542,125,9,7.16,0
ORBBS_601_10,ORBBS,ORBBS_601_101995,601,1995,1247522,225789,1,1,110,107,12.645,26.92,50,50,5,0,543,50,4,4.5675,1
ORBBS_601_10,ORBBS,ORBBS_601_101993,601,1993,1247522,225789,1,1,110,107,12.645,26.92,50,50,5,0,544,50,4,0,1
ORBBS_601_10,ORBBS,ORBBS_601_101996,601,1996,1247522,225789,1,1,110,107,12.645,26.92,50,50,5,0,545,50,4,5.68375,0
ORBBS_601_10,ORBBS,ORBBS_601_101999,601,1999,1247522,225789,1,1,110,107,12.645,26.92,50,50,5,0,546,50,4,6.46,0
ORBBS_601_10,ORBBS,ORBBS_601_101994,601,1994,1247522,225789,1,1,110,107,12.645,26.92,50,50,5,0,547,50,4,4.556666667,0
ORBBS_601_10,ORBBS,ORBBS_601_101997,601,1997,1247522,225789,1,1,110,107,12.645,26.92,50,50,5,0,548,50,4,6.15,0
ORBBS_601_10,ORBBS,ORBBS_601_102000,601,2000,1247522,225789,1,1,110,107,12.645,26.92,50,50,5,0,549,50,4,6.5,0
ORBBS_601_10,ORBBS,ORBBS_601_101998,601,1998,1247522,225789,1,1,110,107,12.645,26.92,50,50,5,0,550,50,4,2.106666667,1
ORBBS_613_2,ORBBS,ORBBS_613_22001,613,2001,1247653,212981,1,1,80,82,12.9295,28.975,125,125,5,0,551,125,9,0,1
ORBBS_613_2,ORBBS,ORBBS_613_22002,613,2002,1247653,212981,1,1,80,82,12.9295,28.975,125,125,8,0,552,125,9,4.43,0
ORBBS_613_2,ORBBS,ORBBS_613_22006,613,2006,1247653,212981,1,1,80,82,12.9295,28.975,125,125,5,0,553,125,9,0,1
ORBBS_613_2,ORBBS,ORBBS_613_22008,613,2008,1247653,212981,1,1,80,82,12.9295,28.975,125,125,10,0,554,125,9,4.29,0
ORBBS_613_2,ORBBS,ORBBS_613_22009,613,2009,1247653,212981,1,1,80,82,12.9295,28.975,125,125,10,0,555,125,9,6.83,0
ORBBS_613_2,ORBBS,ORBBS_613_22010,613,2010,1247653,212981,1,1,80,82,12.9295,28.975,125,125,10,0,556,125,9,4.89,0
ORBBS_613_2,ORBBS,ORBBS_613_22011,613,2011,1247653,212981,1,1,80,82,12.9295,28.975,125,125,10,0,557,125,9,5.33,0
ORBBS_613_2,ORBBS,ORBBS_613_22013,613,2013,1247653,212981,1,1,80,82,12.9295,28.975,125,125,10,0,558,125,9,5.76,0
ORBBS_613_2,ORBBS,ORBBS_613_22015,613,2015,1247653,212981,1,1,80,82,12.9295,28.975,125,125,10,0,559,125,9,6.1,0
ORBBS_613_2,ORBBS,ORBBS_613_22016,613,2016,1247653,212981,1,1,80,82,12.9295,28.975,125,125,10,0,560,125,9,6.23,0
ORBBS_613_2,ORBBS,ORBBS_613_22018,613,2018,1247653,212981,1,1,80,82,12.9295,28.975,125,125,10,0,561,125,9,6.45,0
ORBBS_613_2,ORBBS,ORBBS_613_22020,613,2020,1247653,212981,1,1,80,82,12.9295,28.975,125,125,10,0,562,125,9,6.61,0
ORBBS_613_2,ORBBS,ORBBS_613_22000,613,2000,1247653,212981,1,1,80,82,12.9295,28.975,50,50,5,0,563,50,4,3.22,0
ORBBS_613_2,ORBBS,ORBBS_613_21999,613,1999,1247653,212981,1,1,80,82,12.9295,28.975,50,50,5,0,564,50,4,6.25,0
ORBBS_613_2,ORBBS,ORBBS_613_21997,613,1997,1247653,212981,1,1,80,82,12.9295,28.975,50,50,5,0,565,50,4,6.15,0
ORBBS_613_2,ORBBS,ORBBS_613_21996,613,1996,1247653,212981,1,1,80,82,12.9295,28.975,50,50,5,0,566,50,4,5.67,0
ORBBS_613_2,ORBBS,ORBBS_613_21993,613,1993,1247653,212981,1,1,80,82,12.9295,28.975,50,50,5,0,567,50,4,0,1
ORBBS_613_2,ORBBS,ORBBS_613_21995,613,1995,1247653,212981,1,1,80,82,12.9295,28.975,50,50,5,0,568,50,4,4.98,0
ORBBS_613_2,ORBBS,ORBBS_613_21998,613,1998,1247653,212981,1,1,80,82,12.9295,28.975,50,50,5,0,569,50,4,6.32,0
ORBBS_613_2,ORBBS,ORBBS_613_21994,613,1994,1247653,212981,1,1,80,82,12.9295,28.975,50,50,5,0,570,50,4,4.69,0
ORBBS_604_6,ORBBS,ORBBS_604_62001,604,2001,1247654,229457,1,0,247,258,11.61,26.156,125,125,5,0,571,125,9,1.955,1
ORBBS_604_6,ORBBS,ORBBS_604_62002,604,2002,1247654,229457,1,0,247,258,11.61,26.156,125,125,8,0,572,125,9,4.62,0
ORBBS_604_6,ORBBS,ORBBS_604_62004,604,2004,1247654,229457,1,0,247,258,11.61,26.156,125,125,10,0,573,125,9,6.61,0
ORBBS_604_6,ORBBS,ORBBS_604_62006,604,2006,1247654,229457,1,0,247,258,11.61,26.156,125,125,5,0,574,125,9,6.71,0
ORBBS_604_6,ORBBS,ORBBS_604_62008,604,2008,1247654,229457,1,0,247,258,11.61,26.156,125,125,10,0,575,125,9,6.76,0
ORBBS_604_6,ORBBS,ORBBS_604_62010,604,2010,1247654,229457,1,0,247,258,11.61,26.156,125,125,10,0,576,125,9,6.87,0
ORBBS_604_6,ORBBS,ORBBS_604_62012,604,2012,1247654,229457,1,0,247,258,11.61,26.156,125,125,10,0,577,125,9,6.94,0
ORBBS_604_6,ORBBS,ORBBS_604_62014,604,2014,1247654,229457,1,0,247,258,11.61,26.156,125,125,10,0,578,125,9,7.03,0
ORBBS_604_6,ORBBS,ORBBS_604_62016,604,2016,1247654,229457,1,0,247,258,11.61,26.156,125,125,10,0,579,125,9,6.23,0
ORBBS_604_6,ORBBS,ORBBS_604_62018,604,2018,1247654,229457,1,0,247,258,11.61,26.156,125,125,10,0,580,125,9,7.1,0
ORBBS_604_6,ORBBS,ORBBS_604_62020,604,2020,1247654,229457,1,0,247,258,11.61,26.156,125,125,10,0,581,125,9,7.16,0
ORBBS_604_6,ORBBS,ORBBS_604_61997,604,1997,1247654,229457,1,0,247,258,11.61,26.156,50,50,5,0,582,50,4,5.82,0
ORBBS_604_6,ORBBS,ORBBS_604_61995,604,1995,1247654,229457,1,0,247,258,11.61,26.156,50,50,5,0,583,50,4,1.3075,1
ORBBS_604_6,ORBBS,ORBBS_604_62005,604,2005,1247654,229457,1,0,247,258,11.61,26.156,50,50,5,0,584,50,4,6.36,0
ORBBS_604_6,ORBBS,ORBBS_604_61996,604,1996,1247654,229457,1,0,247,258,11.61,26.156,50,50,5,0,585,50,4,5.7575,0
ORBBS_604_6,ORBBS,ORBBS_604_61999,604,1999,1247654,229457,1,0,247,258,11.61,26.156,50,50,5,0,586,50,4,4.11,0
ORBBS_604_6,ORBBS,ORBBS_604_61994,604,1994,1247654,229457,1,0,247,258,11.61,26.156,50,50,5,0,587,50,4,4.79625,0
ORBBS_604_6,ORBBS,ORBBS_604_61993,604,1993,1247654,229457,1,0,247,258,11.61,26.156,50,50,5,0,588,50,4,0,1
ORBBS_604_6,ORBBS,ORBBS_604_62000,604,2000,1247654,229457,1,0,247,258,11.61,26.156,50,50,5,0,589,50,4,6.5,0
ORBBS_604_6,ORBBS,ORBBS_604_61998,604,1998,1247654,229457,1,0,247,258,11.61,26.156,50,50,5,0,590,50,4,2.106666667,1
ORBBS_601_6,ORBBS,ORBBS_601_62001,601,2001,1247694,226200,1,0,120,112,12.72,27.443,125,125,5,0,591,125,9,0,1
ORBBS_601_6,ORBBS,ORBBS_601_62002,601,2002,1247694,226200,1,0,120,112,12.72,27.443,125,125,8,0,592,125,9,4.43,0
ORBBS_601_6,ORBBS,ORBBS_601_62004,601,2004,1247694,226200,1,0,120,112,12.72,27.443,125,125,10,0,593,125,9,6.61,0
ORBBS_601_6,ORBBS,ORBBS_601_62006,601,2006,1247694,226200,1,0,120,112,12.72,27.443,125,125,5,0,594,125,9,0,1
ORBBS_601_6,ORBBS,ORBBS_601_62008,601,2008,1247694,226200,1,0,120,112,12.72,27.443,125,125,10,0,595,125,9,6.76,0
ORBBS_601_6,ORBBS,ORBBS_601_62010,601,2010,1247694,226200,1,0,120,112,12.72,27.443,125,125,10,0,596,125,9,6.87,0
ORBBS_601_6,ORBBS,ORBBS_601_62012,601,2012,1247694,226200,1,0,120,112,12.72,27.443,125,125,10,0,597,125,9,6.94,0
ORBBS_601_6,ORBBS,ORBBS_601_62014,601,2014,1247694,226200,1,0,120,112,12.72,27.443,125,125,10,0,598,125,9,7.03,0
ORBBS_601_6,ORBBS,ORBBS_601_62018,601,2018,1247694,226200,1,0,120,112,12.72,27.443,125,125,10,0,599,125,9,7.1,0
ORBBS_601_6,ORBBS,ORBBS_601_62016,601,2016,1247694,226200,1,0,120,112,12.72,27.443,125,125,10,0,600,125,9,6.23,0
ORBBS_601_6,ORBBS,ORBBS_601_62020,601,2020,1247694,226200,1,0,120,112,12.72,27.443,125,125,10,0,601,125,9,7.16,0
ORBBS_601_6,ORBBS,ORBBS_601_61995,601,1995,1247694,226200,1,0,120,112,12.72,27.443,50,50,5,0,602,50,4,4.5675,1
ORBBS_601_6,ORBBS,ORBBS_601_61999,601,1999,1247694,226200,1,0,120,112,12.72,27.443,50,50,5,0,603,50,4,6.46,0
ORBBS_601_6,ORBBS,ORBBS_601_61996,601,1996,1247694,226200,1,0,120,112,12.72,27.443,50,50,5,0,604,50,4,5.68375,0
ORBBS_601_6,ORBBS,ORBBS_601_61993,601,1993,1247694,226200,1,0,120,112,12.72,27.443,50,50,5,0,605,50,4,0,1
ORBBS_601_6,ORBBS,ORBBS_601_61994,601,1994,1247694,226200,1,0,120,112,12.72,27.443,50,50,5,0,606,50,4,4.556666667,0
ORBBS_601_6,ORBBS,ORBBS_601_61997,601,1997,1247694,226200,1,0,120,112,12.72,27.443,50,50,5,0,607,50,4,6.15,0
ORBBS_601_6,ORBBS,ORBBS_601_61998,601,1998,1247694,226200,1,0,120,112,12.72,27.443,50,50,5,0,608,50,4,2.106666667,1
ORBBS_601_6,ORBBS,ORBBS_601_62000,601,2000,1247694,226200,1,0,120,112,12.72,27.443,50,50,5,0,609,50,4,6.5,0
ORBBS_604_7,ORBBS,ORBBS_604_72001,604,2001,1247728,229157,1,0,227,230,11.61,26.156,125,125,5,0,610,125,9,1.955,1
ORBBS_604_7,ORBBS,ORBBS_604_72002,604,2002,1247728,229157,1,0,227,230,11.61,26.156,125,125,8,0,611,125,9,4.62,0
ORBBS_604_7,ORBBS,ORBBS_604_72004,604,2004,1247728,229157,1,0,227,230,11.61,26.156,125,125,10,0,612,125,9,6.61,0
ORBBS_604_7,ORBBS,ORBBS_604_72006,604,2006,1247728,229157,1,0,227,230,11.61,26.156,125,125,5,0,613,125,9,6.71,0
ORBBS_604_7,ORBBS,ORBBS_604_72008,604,2008,1247728,229157,1,0,227,230,11.61,26.156,125,125,10,0,614,125,9,6.76,0
ORBBS_604_7,ORBBS,ORBBS_604_72010,604,2010,1247728,229157,1,0,227,230,11.61,26.156,125,125,10,0,615,125,9,6.87,0
ORBBS_604_7,ORBBS,ORBBS_604_72012,604,2012,1247728,229157,1,0,227,230,11.61,26.156,125,125,10,0,616,125,9,6.94,0
ORBBS_604_7,ORBBS,ORBBS_604_72014,604,2014,1247728,229157,1,0,227,230,11.61,26.156,125,125,10,0,617,125,9,7.03,0
ORBBS_604_7,ORBBS,ORBBS_604_72016,604,2016,1247728,229157,1,0,227,230,11.61,26.156,125,125,10,0,618,125,9,6.23,0
ORBBS_604_7,ORBBS,ORBBS_604_72018,604,2018,1247728,229157,1,0,227,230,11.61,26.156,125,125,10,0,619,125,9,7.1,0
ORBBS_604_7,ORBBS,ORBBS_604_72020,604,2020,1247728,229157,1,0,227,230,11.61,26.156,125,125,10,0,620,125,9,7.16,0
ORBBS_604_7,ORBBS,ORBBS_604_71997,604,1997,1247728,229157,1,0,227,230,11.61,26.156,50,50,5,0,621,50,4,5.82,0
ORBBS_604_7,ORBBS,ORBBS_604_71995,604,1995,1247728,229157,1,0,227,230,11.61,26.156,50,50,5,0,622,50,4,1.3075,1
ORBBS_604_7,ORBBS,ORBBS_604_71996,604,1996,1247728,229157,1,0,227,230,11.61,26.156,50,50,5,0,623,50,4,5.7575,0
ORBBS_604_7,ORBBS,ORBBS_604_71999,604,1999,1247728,229157,1,0,227,230,11.61,26.156,50,50,5,0,624,50,4,4.11,0
ORBBS_604_7,ORBBS,ORBBS_604_71994,604,1994,1247728,229157,1,0,227,230,11.61,26.156,50,50,5,0,625,50,4,4.79625,0
ORBBS_604_7,ORBBS,ORBBS_604_71993,604,1993,1247728,229157,1,0,227,230,11.61,26.156,50,50,5,0,626,50,4,0,1
ORBBS_604_7,ORBBS,ORBBS_604_72005,604,2005,1247728,229157,1,0,227,230,11.61,26.156,50,50,5,0,627,50,4,6.36,0
ORBBS_604_7,ORBBS,ORBBS_604_72000,604,2000,1247728,229157,1,0,227,230,11.61,26.156,50,50,5,0,628,50,4,6.5,0
ORBBS_604_7,ORBBS,ORBBS_604_71998,604,1998,1247728,229157,1,0,227,230,11.61,26.156,50,50,5,0,629,50,4,2.106666667,1
ORBBS_604_5,ORBBS,ORBBS_604_52001,604,2001,1247783,229691,1,0,256,272,11.535,26.77,125,125,5,0,630,125,9,1.955,1
ORBBS_604_5,ORBBS,ORBBS_604_52002,604,2002,1247783,229691,1,0,256,272,11.535,26.77,125,125,8,0,631,125,9,4.62,0
ORBBS_604_5,ORBBS,ORBBS_604_52004,604,2004,1247783,229691,1,0,256,272,11.535,26.77,125,125,10,0,632,125,9,6.61,0
ORBBS_604_5,ORBBS,ORBBS_604_52006,604,2006,1247783,229691,1,0,256,272,11.535,26.77,125,125,5,0,633,125,9,6.71,0
ORBBS_604_5,ORBBS,ORBBS_604_52008,604,2008,1247783,229691,1,0,256,272,11.535,26.77,125,125,10,0,634,125,9,6.76,0
ORBBS_604_5,ORBBS,ORBBS_604_52010,604,2010,1247783,229691,1,0,256,272,11.535,26.77,125,125,10,0,635,125,9,6.87,0
ORBBS_604_5,ORBBS,ORBBS_604_52012,604,2012,1247783,229691,1,0,256,272,11.535,26.77,125,125,10,0,636,125,9,6.94,0
ORBBS_604_5,ORBBS,ORBBS_604_52014,604,2014,1247783,229691,1,0,256,272,11.535,26.77,125,125,10,0,637,125,9,7.03,0
ORBBS_604_5,ORBBS,ORBBS_604_52016,604,2016,1247783,229691,1,0,256,272,11.535,26.77,125,125,10,0,638,125,9,6.23,0
ORBBS_604_5,ORBBS,ORBBS_604_52018,604,2018,1247783,229691,1,0,256,272,11.535,26.77,125,125,10,0,639,125,9,7.1,0
ORBBS_604_5,ORBBS,ORBBS_604_52020,604,2020,1247783,229691,1,0,256,272,11.535,26.77,125,125,10,0,640,125,9,7.16,0
ORBBS_604_5,ORBBS,ORBBS_604_51995,604,1995,1247783,229691,1,0,256,272,11.535,26.77,50,50,5,0,641,50,4,1.3075,1
ORBBS_604_5,ORBBS,ORBBS_604_51997,604,1997,1247783,229691,1,0,256,272,11.535,26.77,50,50,5,0,642,50,4,5.82,0
ORBBS_604_5,ORBBS,ORBBS_604_52005,604,2005,1247783,229691,1,0,256,272,11.535,26.77,50,50,10,0,643,50,4,6.36,0
ORBBS_604_5,ORBBS,ORBBS_604_51996,604,1996,1247783,229691,1,0,256,272,11.535,26.77,50,50,5,0,644,50,4,5.7575,0
ORBBS_604_5,ORBBS,ORBBS_604_51999,604,1999,1247783,229691,1,0,256,272,11.535,26.77,50,50,5,0,645,50,4,4.11,0
ORBBS_604_5,ORBBS,ORBBS_604_51993,604,1993,1247783,229691,1,0,256,272,11.535,26.77,50,50,5,0,646,50,4,0,1
ORBBS_604_5,ORBBS,ORBBS_604_51994,604,1994,1247783,229691,1,0,256,272,11.535,26.77,50,50,5,0,647,50,4,4.79625,0
ORBBS_604_5,ORBBS,ORBBS_604_52000,604,2000,1247783,229691,1,0,256,272,11.535,26.77,50,50,5,0,648,50,4,6.5,0
ORBBS_604_5,ORBBS,ORBBS_604_51998,604,1998,1247783,229691,1,0,256,272,11.535,26.77,50,50,5,0,649,50,4,2.106666667,1
ORBBS_601_7,ORBBS,ORBBS_601_72001,601,2001,1247803,225982,1,0,116,106,12.72,27.443,125,125,5,0,650,125,9,0,1
ORBBS_601_7,ORBBS,ORBBS_601_72002,601,2002,1247803,225982,1,0,116,106,12.72,27.443,125,125,8,0,651,125,9,4.43,0
ORBBS_601_7,ORBBS,ORBBS_601_72004,601,2004,1247803,225982,1,0,116,106,12.72,27.443,125,125,10,0,652,125,9,6.61,0
ORBBS_601_7,ORBBS,ORBBS_601_72006,601,2006,1247803,225982,1,0,116,106,12.72,27.443,125,125,5,0,653,125,9,0,1
ORBBS_601_7,ORBBS,ORBBS_601_72008,601,2008,1247803,225982,1,0,116,106,12.72,27.443,125,125,10,0,654,125,9,6.76,0
ORBBS_601_7,ORBBS,ORBBS_601_72010,601,2010,1247803,225982,1,0,116,106,12.72,27.443,125,125,10,0,655,125,9,6.87,0
ORBBS_601_7,ORBBS,ORBBS_601_72012,601,2012,1247803,225982,1,0,116,106,12.72,27.443,125,125,10,0,656,125,9,6.94,0
ORBBS_601_7,ORBBS,ORBBS_601_72014,601,2014,1247803,225982,1,0,116,106,12.72,27.443,125,125,10,0,657,125,9,7.03,0
ORBBS_601_7,ORBBS,ORBBS_601_72016,601,2016,1247803,225982,1,0,116,106,12.72,27.443,125,125,10,0,658,125,9,6.23,0
ORBBS_601_7,ORBBS,ORBBS_601_72018,601,2018,1247803,225982,1,0,116,106,12.72,27.443,125,125,10,0,659,125,9,7.1,0
ORBBS_601_7,ORBBS,ORBBS_601_72020,601,2020,1247803,225982,1,0,116,106,12.72,27.443,125,125,10,0,660,125,9,7.16,0
ORBBS_601_7,ORBBS,ORBBS_601_71995,601,1995,1247803,225982,1,0,116,106,12.72,27.443,50,50,5,0,661,50,4,4.5675,1
ORBBS_601_7,ORBBS,ORBBS_601_71993,601,1993,1247803,225982,1,0,116,106,12.72,27.443,50,50,5,0,662,50,4,0,1
ORBBS_601_7,ORBBS,ORBBS_601_71996,601,1996,1247803,225982,1,0,116,106,12.72,27.443,50,50,5,0,663,50,4,5.68375,0
ORBBS_601_7,ORBBS,ORBBS_601_71999,601,1999,1247803,225982,1,0,116,106,12.72,27.443,50,50,5,0,664,50,4,6.46,0
ORBBS_601_7,ORBBS,ORBBS_601_71994,601,1994,1247803,225982,1,0,116,106,12.72,27.443,50,50,5,0,665,50,4,4.556666667,0
ORBBS_601_7,ORBBS,ORBBS_601_71997,601,1997,1247803,225982,1,0,116,106,12.72,27.443,50,50,5,0,666,50,4,6.15,0
ORBBS_601_7,ORBBS,ORBBS_601_72000,601,2000,1247803,225982,1,0,116,106,12.72,27.443,50,50,5,0,667,50,4,6.5,0
ORBBS_601_7,ORBBS,ORBBS_601_71998,601,1998,1247803,225982,1,0,116,106,12.72,27.443,50,50,5,0,668,50,4,2.106666667,1
ORBBS_604_11,ORBBS,ORBBS_604_112001,604,2001,1247816,227988,1,0,158,158,12.41,26.351,125,125,5,0,669,125,9,1.955,1
ORBBS_604_11,ORBBS,ORBBS_604_112002,604,2002,1247816,227988,1,0,158,158,12.41,26.351,125,125,8,0,670,125,9,4.62,0
ORBBS_604_11,ORBBS,ORBBS_604_112004,604,2004,1247816,227988,1,0,158,158,12.41,26.351,125,125,10,0,671,125,9,6.61,0
ORBBS_604_11,ORBBS,ORBBS_604_112006,604,2006,1247816,227988,1,0,158,158,12.41,26.351,125,125,5,0,672,125,9,6.71,0
ORBBS_604_11,ORBBS,ORBBS_604_112008,604,2008,1247816,227988,1,0,158,158,12.41,26.351,125,125,10,0,673,125,9,6.76,0
ORBBS_604_11,ORBBS,ORBBS_604_112010,604,2010,1247816,227988,1,0,158,158,12.41,26.351,125,125,10,0,674,125,9,6.87,0
ORBBS_604_11,ORBBS,ORBBS_604_112012,604,2012,1247816,227988,1,0,158,158,12.41,26.351,125,125,10,0,675,125,9,6.94,0
ORBBS_604_11,ORBBS,ORBBS_604_112014,604,2014,1247816,227988,1,0,158,158,12.41,26.351,125,125,10,0,676,125,9,7.03,0
ORBBS_604_11,ORBBS,ORBBS_604_112016,604,2016,1247816,227988,1,0,158,158,12.41,26.351,125,125,10,0,677,125,9,6.23,0
ORBBS_604_11,ORBBS,ORBBS_604_112018,604,2018,1247816,227988,1,0,158,158,12.41,26.351,125,125,10,0,678,125,9,7.1,0
ORBBS_604_11,ORBBS,ORBBS_604_112020,604,2020,1247816,227988,1,0,158,158,12.41,26.351,125,125,10,0,679,125,9,7.16,0
ORBBS_604_11,ORBBS,ORBBS_604_111995,604,1995,1247816,227988,1,0,158,158,12.41,26.351,50,50,5,0,680,50,4,1.3075,1
ORBBS_604_11,ORBBS,ORBBS_604_111997,604,1997,1247816,227988,1,0,158,158,12.41,26.351,50,50,5,0,681,50,4,5.82,0
ORBBS_604_11,ORBBS,ORBBS_604_111996,604,1996,1247816,227988,1,0,158,158,12.41,26.351,50,50,5,0,682,50,4,5.7575,0
ORBBS_604_11,ORBBS,ORBBS_604_111993,604,1993,1247816,227988,1,0,158,158,12.41,26.351,50,50,5,0,683,50,4,0,1
ORBBS_604_11,ORBBS,ORBBS_604_112005,604,2005,1247816,227988,1,0,158,158,12.41,26.351,50,50,5,0,684,50,4,6.36,0
ORBBS_604_11,ORBBS,ORBBS_604_111994,604,1994,1247816,227988,1,0,158,158,12.41,26.351,50,50,5,0,685,50,4,4.79625,0
ORBBS_604_11,ORBBS,ORBBS_604_111999,604,1999,1247816,227988,1,0,158,158,12.41,26.351,50,50,5,0,686,50,4,4.11,0
ORBBS_604_11,ORBBS,ORBBS_604_112000,604,2000,1247816,227988,1,0,158,158,12.41,26.351,50,50,5,0,687,50,4,6.5,0
ORBBS_604_11,ORBBS,ORBBS_604_111998,604,1998,1247816,227988,1,0,158,158,12.41,26.351,50,50,5,0,688,50,4,2.106666667,1
ORBBS_613_3,ORBBS,ORBBS_613_32001,613,2001,1247819,212719,1,1,87,78,13.0195,28.856,125,125,5,0,689,125,9,0,1
ORBBS_613_3,ORBBS,ORBBS_613_32002,613,2002,1247819,212719,1,1,87,78,13.0195,28.856,125,125,8,0,690,125,9,4.43,0
ORBBS_613_3,ORBBS,ORBBS_613_32006,613,2006,1247819,212719,1,1,87,78,13.0195,28.856,125,125,5,0,691,125,9,0,1
ORBBS_613_3,ORBBS,ORBBS_613_32008,613,2008,1247819,212719,1,1,87,78,13.0195,28.856,125,125,10,0,692,125,9,4.29,0
ORBBS_613_3,ORBBS,ORBBS_613_32009,613,2009,1247819,212719,1,1,87,78,13.0195,28.856,125,125,10,0,693,125,9,6.83,0
ORBBS_613_3,ORBBS,ORBBS_613_32010,613,2010,1247819,212719,1,1,87,78,13.0195,28.856,125,125,10,0,694,125,9,4.89,0
ORBBS_613_3,ORBBS,ORBBS_613_32011,613,2011,1247819,212719,1,1,87,78,13.0195,28.856,125,125,10,0,695,125,9,5.33,0
ORBBS_613_3,ORBBS,ORBBS_613_32013,613,2013,1247819,212719,1,1,87,78,13.0195,28.856,125,125,10,0,696,125,9,5.76,0
ORBBS_613_3,ORBBS,ORBBS_613_32015,613,2015,1247819,212719,1,1,87,78,13.0195,28.856,125,125,10,0,697,125,9,6.1,0
ORBBS_613_3,ORBBS,ORBBS_613_32016,613,2016,1247819,212719,1,1,87,78,13.0195,28.856,125,125,10,0,698,125,9,6.23,0
ORBBS_613_3,ORBBS,ORBBS_613_32018,613,2018,1247819,212719,1,1,87,78,13.0195,28.856,125,125,10,0,699,125,9,6.45,0
ORBBS_613_3,ORBBS,ORBBS_613_32020,613,2020,1247819,212719,1,1,87,78,13.0195,28.856,125,125,10,0,700,125,9,6.61,0
ORBBS_613_3,ORBBS,ORBBS_613_32000,613,2000,1247819,212719,1,1,87,78,13.0195,28.856,50,50,5,0,701,50,4,3.22,0
ORBBS_613_3,ORBBS,ORBBS_613_31999,613,1999,1247819,212719,1,1,87,78,13.0195,28.856,50,50,5,0,702,50,4,6.25,0
ORBBS_613_3,ORBBS,ORBBS_613_31996,613,1996,1247819,212719,1,1,87,78,13.0195,28.856,50,50,5,0,703,50,4,5.67,0
ORBBS_613_3,ORBBS,ORBBS_613_31993,613,1993,1247819,212719,1,1,87,78,13.0195,28.856,50,50,5,0,704,50,4,0,1
ORBBS_613_3,ORBBS,ORBBS_613_31998,613,1998,1247819,212719,1,1,87,78,13.0195,28.856,50,50,5,0,705,50,4,6.32,0
ORBBS_613_3,ORBBS,ORBBS_613_31994,613,1994,1247819,212719,1,1,87,78,13.0195,28.856,50,50,5,0,706,50,4,4.69,0
ORBBS_613_3,ORBBS,ORBBS_613_31997,613,1997,1247819,212719,1,1,87,78,13.0195,28.856,50,50,5,0,707,50,4,6.15,0
ORBBS_613_3,ORBBS,ORBBS_613_31995,613,1995,1247819,212719,1,1,87,78,13.0195,28.856,50,50,5,0,708,50,4,4.98,0
ORBBS_613_1,ORBBS,ORBBS_613_12001,613,2001,1247822,213192,1,1,70,78,13.09,28.999,125,125,5,0,709,125,9,0,1
ORBBS_613_1,ORBBS,ORBBS_613_12002,613,2002,1247822,213192,1,1,70,78,13.09,28.999,125,125,8,0,710,125,9,4.43,0
ORBBS_613_1,ORBBS,ORBBS_613_12006,613,2006,1247822,213192,1,1,70,78,13.09,28.999,125,125,5,0,711,125,9,0,1
ORBBS_613_1,ORBBS,ORBBS_613_12008,613,2008,1247822,213192,1,1,70,78,13.09,28.999,125,125,10,0,712,125,9,4.29,0
ORBBS_613_1,ORBBS,ORBBS_613_12009,613,2009,1247822,213192,1,1,70,78,13.09,28.999,125,125,10,0,713,125,9,6.83,0
ORBBS_613_1,ORBBS,ORBBS_613_12010,613,2010,1247822,213192,1,1,70,78,13.09,28.999,125,125,10,0,714,125,9,4.89,0
ORBBS_613_1,ORBBS,ORBBS_613_12011,613,2011,1247822,213192,1,1,70,78,13.09,28.999,125,125,10,0,715,125,9,5.33,0
ORBBS_613_1,ORBBS,ORBBS_613_12013,613,2013,1247822,213192,1,1,70,78,13.09,28.999,125,125,10,0,716,125,9,5.76,0
ORBBS_613_1,ORBBS,ORBBS_613_12015,613,2015,1247822,213192,1,1,70,78,13.09,28.999,125,125,10,0,717,125,9,6.1,0
ORBBS_613_1,ORBBS,ORBBS_613_12016,613,2016,1247822,213192,1,1,70,78,13.09,28.999,125,125,10,0,718,125,9,6.23,0
ORBBS_613_1,ORBBS,ORBBS_613_12018,613,2018,1247822,213192,1,1,70,78,13.09,28.999,125,125,10,0,719,125,9,6.45,0
ORBBS_613_1,ORBBS,ORBBS_613_12020,613,2020,1247822,213192,1,1,70,78,13.09,28.999,125,125,10,0,720,125,9,6.61,0
ORBBS_613_1,ORBBS,ORBBS_613_11997,613,1997,1247822,213192,1,1,70,78,13.09,28.999,50,50,5,0,721,50,4,6.15,0
ORBBS_613_1,ORBBS,ORBBS_613_11998,613,1998,1247822,213192,1,1,70,78,13.09,28.999,50,50,5,0,722,50,4,6.32,0
ORBBS_613_1,ORBBS,ORBBS_613_11999,613,1999,1247822,213192,1,1,70,78,13.09,28.999,50,50,5,0,723,50,4,6.25,0
ORBBS_613_1,ORBBS,ORBBS_613_12000,613,2000,1247822,213192,1,1,70,78,13.09,28.999,50,50,5,0,724,50,4,3.22,0
ORBBS_613_1,ORBBS,ORBBS_613_11993,613,1993,1247822,213192,1,1,70,78,13.09,28.999,50,50,10,0,725,50,4,0,1
ORBBS_613_1,ORBBS,ORBBS_613_11994,613,1994,1247822,213192,1,1,70,78,13.09,28.999,50,50,5,0,726,50,4,4.69,0
ORBBS_613_1,ORBBS,ORBBS_613_11995,613,1995,1247822,213192,1,1,70,78,13.09,28.999,50,50,5,0,727,50,4,4.98,0
ORBBS_613_1,ORBBS,ORBBS_613_11996,613,1996,1247822,213192,1,1,70,78,13.09,28.999,50,50,5,0,728,50,4,5.67,0
ORBBS_601_8,ORBBS,ORBBS_601_82001,601,2001,1247957,225776,1,0,103,100,12.81,27.239,125,125,5,0,729,125,9,0,1
ORBBS_601_8,ORBBS,ORBBS_601_82002,601,2002,1247957,225776,1,0,103,100,12.81,27.239,125,125,8,0,730,125,9,4.43,0
ORBBS_601_8,ORBBS,ORBBS_601_82004,601,2004,1247957,225776,1,0,103,100,12.81,27.239,125,125,10,0,731,125,9,6.61,0
ORBBS_601_8,ORBBS,ORBBS_601_82006,601,2006,1247957,225776,1,0,103,100,12.81,27.239,125,125,5,0,732,125,9,0,1
ORBBS_601_8,ORBBS,ORBBS_601_82008,601,2008,1247957,225776,1,0,103,100,12.81,27.239,125,125,10,0,733,125,9,6.76,0
ORBBS_601_8,ORBBS,ORBBS_601_82010,601,2010,1247957,225776,1,0,103,100,12.81,27.239,125,125,10,0,734,125,9,6.87,0
ORBBS_601_8,ORBBS,ORBBS_601_82012,601,2012,1247957,225776,1,0,103,100,12.81,27.239,125,125,10,0,735,125,9,6.94,0
ORBBS_601_8,ORBBS,ORBBS_601_82014,601,2014,1247957,225776,1,0,103,100,12.81,27.239,125,125,10,0,736,125,9,7.03,0
ORBBS_601_8,ORBBS,ORBBS_601_82016,601,2016,1247957,225776,1,0,103,100,12.81,27.239,125,125,10,0,737,125,9,6.23,0
ORBBS_601_8,ORBBS,ORBBS_601_82018,601,2018,1247957,225776,1,0,103,100,12.81,27.239,125,125,10,0,738,125,9,7.1,0
ORBBS_601_8,ORBBS,ORBBS_601_82020,601,2020,1247957,225776,1,0,103,100,12.81,27.239,125,125,10,0,739,125,9,7.16,0
ORBBS_601_8,ORBBS,ORBBS_601_81995,601,1995,1247957,225776,1,0,103,100,12.81,27.239,50,50,5,0,740,50,4,4.5675,1
ORBBS_601_8,ORBBS,ORBBS_601_81996,601,1996,1247957,225776,1,0,103,100,12.81,27.239,50,50,5,0,741,50,4,5.68375,0
ORBBS_601_8,ORBBS,ORBBS_601_81993,601,1993,1247957,225776,1,0,103,100,12.81,27.239,50,50,5,0,742,50,4,0,1
ORBBS_601_8,ORBBS,ORBBS_601_81999,601,1999,1247957,225776,1,0,103,100,12.81,27.239,50,50,5,0,743,50,4,6.46,0
ORBBS_601_8,ORBBS,ORBBS_601_81994,601,1994,1247957,225776,1,0,103,100,12.81,27.239,50,50,5,0,744,50,4,4.556666667,0
ORBBS_601_8,ORBBS,ORBBS_601_81997,601,1997,1247957,225776,1,0,103,100,12.81,27.239,50,50,5,0,745,50,4,6.15,0
ORBBS_601_8,ORBBS,ORBBS_601_82000,601,2000,1247957,225776,1,0,103,100,12.81,27.239,50,50,5,0,746,50,4,6.5,0
ORBBS_601_8,ORBBS,ORBBS_601_81998,601,1998,1247957,225776,1,0,103,100,12.81,27.239,50,50,5,0,747,50,4,2.106666667,1
ORBBS_604_8,ORBBS,ORBBS_604_82001,604,2001,1247989,228674,1,0,181,187,12.24,26.097,125,125,5,0,748,125,9,1.955,1
ORBBS_604_8,ORBBS,ORBBS_604_82002,604,2002,1247989,228674,1,0,181,187,12.24,26.097,125,125,8,0,749,125,9,4.62,0
ORBBS_604_8,ORBBS,ORBBS_604_82004,604,2004,1247989,228674,1,0,181,187,12.24,26.097,125,125,10,0,750,125,9,6.61,0
ORBBS_604_8,ORBBS,ORBBS_604_82006,604,2006,1247989,228674,1,0,181,187,12.24,26.097,125,125,5,0,751,125,9,6.71,0
ORBBS_604_8,ORBBS,ORBBS_604_82008,604,2008,1247989,228674,1,0,181,187,12.24,26.097,125,125,10,0,752,125,9,6.76,0
ORBBS_604_8,ORBBS,ORBBS_604_82010,604,2010,1247989,228674,1,0,181,187,12.24,26.097,125,125,10,0,753,125,9,6.87,0
ORBBS_604_8,ORBBS,ORBBS_604_82012,604,2012,1247989,228674,1,0,181,187,12.24,26.097,125,125,10,0,754,125,9,6.94,0
ORBBS_604_8,ORBBS,ORBBS_604_82014,604,2014,1247989,228674,1,0,181,187,12.24,26.097,125,125,10,0,755,125,9,7.03,0
ORBBS_604_8,ORBBS,ORBBS_604_82016,604,2016,1247989,228674,1,0,181,187,12.24,26.097,125,125,10,0,756,125,9,6.23,0
ORBBS_604_8,ORBBS,ORBBS_604_82018,604,2018,1247989,228674,1,0,181,187,12.24,26.097,125,125,10,0,757,125,9,7.1,0
ORBBS_604_8,ORBBS,ORBBS_604_82020,604,2020,1247989,228674,1,0,181,187,12.24,26.097,125,125,10,0,758,125,9,7.16,0
ORBBS_604_8,ORBBS,ORBBS_604_81997,604,1997,1247989,228674,1,0,181,187,12.24,26.097,50,50,5,0,759,50,4,5.82,0
ORBBS_604_8,ORBBS,ORBBS_604_81995,604,1995,1247989,228674,1,0,181,187,12.24,26.097,50,50,5,0,760,50,4,1.3075,1
ORBBS_604_8,ORBBS,ORBBS_604_81996,604,1996,1247989,228674,1,0,181,187,12.24,26.097,50,50,5,0,761,50,4,5.7575,0
ORBBS_604_8,ORBBS,ORBBS_604_81993,604,1993,1247989,228674,1,0,181,187,12.24,26.097,50,50,5,0,762,50,4,0,1
ORBBS_604_8,ORBBS,ORBBS_604_81994,604,1994,1247989,228674,1,0,181,187,12.24,26.097,50,50,5,0,763,50,4,4.79625,0
ORBBS_604_8,ORBBS,ORBBS_604_81999,604,1999,1247989,228674,1,0,181,187,12.24,26.097,50,50,5,0,764,50,4,4.11,0
ORBBS_604_8,ORBBS,ORBBS_604_82005,604,2005,1247989,228674,1,0,181,187,12.24,26.097,50,50,10,0,765,50,4,6.36,0
ORBBS_604_8,ORBBS,ORBBS_604_82000,604,2000,1247989,228674,1,0,181,187,12.24,26.097,50,50,5,0,766,50,4,6.5,0
ORBBS_604_8,ORBBS,ORBBS_604_81998,604,1998,1247989,228674,1,0,181,187,12.24,26.097,50,50,5,0,767,50,4,2.106666667,1
ORBBS_613_4,ORBBS,ORBBS_613_42001,613,2001,1248038,212361,1,1,92,75,13.03,28.638,125,125,5,0,768,125,9,0,1
ORBBS_613_4,ORBBS,ORBBS_613_42002,613,2002,1248038,212361,1,1,92,75,13.03,28.638,125,125,8,0,769,125,9,4.43,0
ORBBS_613_4,ORBBS,ORBBS_613_42006,613,2006,1248038,212361,1,1,92,75,13.03,28.638,125,125,5,0,770,125,9,0,1
ORBBS_613_4,ORBBS,ORBBS_613_42008,613,2008,1248038,212361,1,1,92,75,13.03,28.638,125,125,10,0,771,125,9,4.29,0
ORBBS_613_4,ORBBS,ORBBS_613_42009,613,2009,1248038,212361,1,1,92,75,13.03,28.638,125,125,10,0,772,125,9,6.83,0
ORBBS_613_4,ORBBS,ORBBS_613_42010,613,2010,1248038,212361,1,1,92,75,13.03,28.638,125,125,10,0,773,125,9,4.89,0
ORBBS_613_4,ORBBS,ORBBS_613_42011,613,2011,1248038,212361,1,1,92,75,13.03,28.638,125,125,10,0,774,125,9,5.33,0
ORBBS_613_4,ORBBS,ORBBS_613_42013,613,2013,1248038,212361,1,1,92,75,13.03,28.638,125,125,10,0,775,125,9,5.76,0
ORBBS_613_4,ORBBS,ORBBS_613_42015,613,2015,1248038,212361,1,1,92,75,13.03,28.638,125,125,10,0,776,125,9,6.1,0
ORBBS_613_4,ORBBS,ORBBS_613_42016,613,2016,1248038,212361,1,1,92,75,13.03,28.638,125,125,10,0,777,125,9,6.23,0
ORBBS_613_4,ORBBS,ORBBS_613_42018,613,2018,1248038,212361,1,1,92,75,13.03,28.638,125,125,10,0,778,125,9,6.45,0
ORBBS_613_4,ORBBS,ORBBS_613_42020,613,2020,1248038,212361,1,1,92,75,13.03,28.638,125,125,10,0,779,125,9,6.61,0
ORBBS_613_4,ORBBS,ORBBS_613_42000,613,2000,1248038,212361,1,1,92,75,13.03,28.638,50,50,5,0,780,50,4,3.22,0
ORBBS_613_4,ORBBS,ORBBS_613_41999,613,1999,1248038,212361,1,1,92,75,13.03,28.638,50,50,5,0,781,50,4,6.25,0
ORBBS_613_4,ORBBS,ORBBS_613_41996,613,1996,1248038,212361,1,1,92,75,13.03,28.638,50,50,5,0,782,50,4,5.67,0
ORBBS_613_4,ORBBS,ORBBS_613_41994,613,1994,1248038,212361,1,1,92,75,13.03,28.638,50,50,5,0,783,50,4,4.69,0
ORBBS_613_4,ORBBS,ORBBS_613_41995,613,1995,1248038,212361,1,1,92,75,13.03,28.638,50,50,5,0,784,50,4,4.98,0
ORBBS_613_4,ORBBS,ORBBS_613_41993,613,1993,1248038,212361,1,1,92,75,13.03,28.638,50,50,5,0,785,50,4,0,1
ORBBS_613_4,ORBBS,ORBBS_613_41997,613,1997,1248038,212361,1,1,92,75,13.03,28.638,50,50,5,0,786,50,4,6.15,0
ORBBS_613_4,ORBBS,ORBBS_613_41998,613,1998,1248038,212361,1,1,92,75,13.03,28.638,50,50,5,0,787,50,4,6.32,0
ORBBS_604_4,ORBBS,ORBBS_604_42001,604,2001,1248044,229330,1,0,204,232,11.99,26.225,125,125,5,0,788,125,9,1.955,1
ORBBS_604_4,ORBBS,ORBBS_604_42002,604,2002,1248044,229330,1,0,204,232,11.99,26.225,125,125,8,0,789,125,9,4.62,0
ORBBS_604_4,ORBBS,ORBBS_604_42004,604,2004,1248044,229330,1,0,204,232,11.99,26.225,125,125,10,0,790,125,9,6.61,0
ORBBS_604_4,ORBBS,ORBBS_604_42006,604,2006,1248044,229330,1,0,204,232,11.99,26.225,125,125,5,0,791,125,9,6.71,0
ORBBS_604_4,ORBBS,ORBBS_604_42008,604,2008,1248044,229330,1,0,204,232,11.99,26.225,125,125,10,0,792,125,9,6.76,0
ORBBS_604_4,ORBBS,ORBBS_604_42010,604,2010,1248044,229330,1,0,204,232,11.99,26.225,125,125,10,0,793,125,9,6.87,0
ORBBS_604_4,ORBBS,ORBBS_604_42012,604,2012,1248044,229330,1,0,204,232,11.99,26.225,125,125,10,0,794,125,9,6.94,0
ORBBS_604_4,ORBBS,ORBBS_604_42014,604,2014,1248044,229330,1,0,204,232,11.99,26.225,125,125,10,0,795,125,9,7.03,0
ORBBS_604_4,ORBBS,ORBBS_604_42016,604,2016,1248044,229330,1,0,204,232,11.99,26.225,125,125,10,0,796,125,9,6.23,0
ORBBS_604_4,ORBBS,ORBBS_604_42018,604,2018,1248044,229330,1,0,204,232,11.99,26.225,125,125,10,0,797,125,9,7.1,0
ORBBS_604_4,ORBBS,ORBBS_604_42020,604,2020,1248044,229330,1,0,204,232,11.99,26.225,125,125,10,0,798,125,9,7.16,0
ORBBS_604_4,ORBBS,ORBBS_604_41995,604,1995,1248044,229330,1,0,204,232,11.99,26.225,50,50,5,0,799,50,4,1.3075,1
ORBBS_604_4,ORBBS,ORBBS_604_41997,604,1997,1248044,229330,1,0,204,232,11.99,26.225,50,50,5,0,800,50,4,5.82,0
ORBBS_604_4,ORBBS,ORBBS_604_42005,604,2005,1248044,229330,1,0,204,232,11.99,26.225,50,50,10,0,801,50,4,6.36,0
ORBBS_604_4,ORBBS,ORBBS_604_41993,604,1993,1248044,229330,1,0,204,232,11.99,26.225,50,50,5,0,802,50,4,0,1
ORBBS_604_4,ORBBS,ORBBS_604_41999,604,1999,1248044,229330,1,0,204,232,11.99,26.225,50,50,5,0,803,50,4,4.11,0
ORBBS_604_4,ORBBS,ORBBS_604_41994,604,1994,1248044,229330,1,0,204,232,11.99,26.225,50,50,5,0,804,50,4,4.79625,0
ORBBS_604_4,ORBBS,ORBBS_604_41996,604,1996,1248044,229330,1,0,204,232,11.99,26.225,50,50,5,0,805,50,4,5.7575,0
ORBBS_604_4,ORBBS,ORBBS_604_42000,604,2000,1248044,229330,1,0,204,232,11.99,26.225,50,50,10,0,806,50,4,6.5,0
ORBBS_604_4,ORBBS,ORBBS_604_41998,604,1998,1248044,229330,1,0,204,232,11.99,26.225,50,50,5,0,807,50,4,2.106666667,1
ORBBS_604_3,ORBBS,ORBBS_604_32001,604,2001,1248049,229091,1,0,189,213,11.99,26.225,125,125,5,0,808,125,9,1.955,1
ORBBS_604_3,ORBBS,ORBBS_604_32002,604,2002,1248049,229091,1,0,189,213,11.99,26.225,125,125,8,0,809,125,9,4.62,0
ORBBS_604_3,ORBBS,ORBBS_604_32004,604,2004,1248049,229091,1,0,189,213,11.99,26.225,125,125,10,0,810,125,9,6.61,0
ORBBS_604_3,ORBBS,ORBBS_604_32006,604,2006,1248049,229091,1,0,189,213,11.99,26.225,125,125,5,0,811,125,9,6.71,0
ORBBS_604_3,ORBBS,ORBBS_604_32008,604,2008,1248049,229091,1,0,189,213,11.99,26.225,125,125,10,0,812,125,9,6.76,0
ORBBS_604_3,ORBBS,ORBBS_604_32010,604,2010,1248049,229091,1,0,189,213,11.99,26.225,125,125,10,0,813,125,9,6.87,0
ORBBS_604_3,ORBBS,ORBBS_604_32012,604,2012,1248049,229091,1,0,189,213,11.99,26.225,125,125,10,0,814,125,9,6.94,0
ORBBS_604_3,ORBBS,ORBBS_604_32014,604,2014,1248049,229091,1,0,189,213,11.99,26.225,125,125,10,0,815,125,9,7.03,0
ORBBS_604_3,ORBBS,ORBBS_604_32016,604,2016,1248049,229091,1,0,189,213,11.99,26.225,125,125,10,0,816,125,9,6.23,0
ORBBS_604_3,ORBBS,ORBBS_604_32018,604,2018,1248049,229091,1,0,189,213,11.99,26.225,125,125,10,0,817,125,9,7.1,0
ORBBS_604_3,ORBBS,ORBBS_604_32020,604,2020,1248049,229091,1,0,189,213,11.99,26.225,125,125,10,0,818,125,9,7.16,0
ORBBS_604_3,ORBBS,ORBBS_604_31995,604,1995,1248049,229091,1,0,189,213,11.99,26.225,50,50,5,0,819,50,4,1.3075,1
ORBBS_604_3,ORBBS,ORBBS_604_31997,604,1997,1248049,229091,1,0,189,213,11.99,26.225,50,50,5,0,820,50,4,5.82,0
ORBBS_604_3,ORBBS,ORBBS_604_32005,604,2005,1248049,229091,1,0,189,213,11.99,26.225,50,50,5,0,821,50,4,6.36,0
ORBBS_604_3,ORBBS,ORBBS_604_31994,604,1994,1248049,229091,1,0,189,213,11.99,26.225,50,50,5,0,822,50,4,4.79625,0
ORBBS_604_3,ORBBS,ORBBS_604_31993,604,1993,1248049,229091,1,0,189,213,11.99,26.225,50,50,5,0,823,50,4,0,1
ORBBS_604_3,ORBBS,ORBBS_604_31996,604,1996,1248049,229091,1,0,189,213,11.99,26.225,50,50,5,0,824,50,4,5.7575,0
ORBBS_604_3,ORBBS,ORBBS_604_31999,604,1999,1248049,229091,1,0,189,213,11.99,26.225,50,50,5,0,825,50,4,4.11,0
ORBBS_604_3,ORBBS,ORBBS_604_32000,604,2000,1248049,229091,1,0,189,213,11.99,26.225,50,50,5,0,826,50,4,6.5,0
ORBBS_604_3,ORBBS,ORBBS_604_31998,604,1998,1248049,229091,1,0,189,213,11.99,26.225,50,50,5,0,827,50,4,2.106666667,1
ORBBS_604_10,ORBBS,ORBBS_604_102001,604,2001,1248053,228165,1,0,161,159,12.34,26.208,125,125,5,0,828,125,9,1.955,1
ORBBS_604_10,ORBBS,ORBBS_604_102002,604,2002,1248053,228165,1,0,161,159,12.34,26.208,125,125,8,0,829,125,9,4.62,0
ORBBS_604_10,ORBBS,ORBBS_604_102004,604,2004,1248053,228165,1,0,161,159,12.34,26.208,125,125,10,0,830,125,9,6.61,0
ORBBS_604_10,ORBBS,ORBBS_604_102006,604,2006,1248053,228165,1,0,161,159,12.34,26.208,125,125,5,0,831,125,9,6.71,0
ORBBS_604_10,ORBBS,ORBBS_604_102008,604,2008,1248053,228165,1,0,161,159,12.34,26.208,125,125,10,0,832,125,9,6.76,0
ORBBS_604_10,ORBBS,ORBBS_604_102010,604,2010,1248053,228165,1,0,161,159,12.34,26.208,125,125,10,0,833,125,9,6.87,0
ORBBS_604_10,ORBBS,ORBBS_604_102012,604,2012,1248053,228165,1,0,161,159,12.34,26.208,125,125,10,0,834,125,9,6.94,0
ORBBS_604_10,ORBBS,ORBBS_604_102014,604,2014,1248053,228165,1,0,161,159,12.34,26.208,125,125,10,0,835,125,9,7.03,0
ORBBS_604_10,ORBBS,ORBBS_604_102016,604,2016,1248053,228165,1,0,161,159,12.34,26.208,125,125,10,0,836,125,9,6.23,0
ORBBS_604_10,ORBBS,ORBBS_604_102018,604,2018,1248053,228165,1,0,161,159,12.34,26.208,125,125,10,0,837,125,9,7.1,0
ORBBS_604_10,ORBBS,ORBBS_604_102020,604,2020,1248053,228165,1,0,161,159,12.34,26.208,125,125,10,0,838,125,9,7.16,0
ORBBS_604_10,ORBBS,ORBBS_604_101997,604,1997,1248053,228165,1,0,161,159,12.34,26.208,50,50,5,0,839,50,4,5.82,0
ORBBS_604_10,ORBBS,ORBBS_604_101995,604,1995,1248053,228165,1,0,161,159,12.34,26.208,50,50,5,0,840,50,4,1.3075,1
ORBBS_604_10,ORBBS,ORBBS_604_101996,604,1996,1248053,228165,1,0,161,159,12.34,26.208,50,50,5,0,841,50,4,5.7575,0
ORBBS_604_10,ORBBS,ORBBS_604_101993,604,1993,1248053,228165,1,0,161,159,12.34,26.208,50,50,5,0,842,50,4,0,1
ORBBS_604_10,ORBBS,ORBBS_604_101994,604,1994,1248053,228165,1,0,161,159,12.34,26.208,50,50,5,0,843,50,4,4.79625,0
ORBBS_604_10,ORBBS,ORBBS_604_102005,604,2005,1248053,228165,1,0,161,159,12.34,26.208,50,50,5,0,844,50,4,6.36,0
ORBBS_604_10,ORBBS,ORBBS_604_101999,604,1999,1248053,228165,1,0,161,159,12.34,26.208,50,50,5,0,845,50,4,4.11,0
ORBBS_604_10,ORBBS,ORBBS_604_102000,604,2000,1248053,228165,1,0,161,159,12.34,26.208,50,50,5,0,846,50,4,6.5,0
ORBBS_604_10,ORBBS,ORBBS_604_101998,604,1998,1248053,228165,1,0,161,159,12.34,26.208,50,50,5,0,847,50,4,2.106666667,1
ORBBS_601_9,ORBBS,ORBBS_601_92001,601,2001,1248096,225537,1,0,91,94,12.81,27.239,125,125,5,0,848,125,9,0,1
ORBBS_601_9,ORBBS,ORBBS_601_92002,601,2002,1248096,225537,1,0,91,94,12.81,27.239,125,125,8,0,849,125,9,4.43,0
ORBBS_601_9,ORBBS,ORBBS_601_92004,601,2004,1248096,225537,1,0,91,94,12.81,27.239,125,125,10,0,850,125,9,6.61,0
ORBBS_601_9,ORBBS,ORBBS_601_92006,601,2006,1248096,225537,1,0,91,94,12.81,27.239,125,125,5,0,851,125,9,0,1
ORBBS_601_9,ORBBS,ORBBS_601_92008,601,2008,1248096,225537,1,0,91,94,12.81,27.239,125,125,10,0,852,125,9,6.76,0
ORBBS_601_9,ORBBS,ORBBS_601_92010,601,2010,1248096,225537,1,0,91,94,12.81,27.239,125,125,10,0,853,125,9,6.87,0
ORBBS_601_9,ORBBS,ORBBS_601_92012,601,2012,1248096,225537,1,0,91,94,12.81,27.239,125,125,10,0,854,125,9,6.94,0
ORBBS_601_9,ORBBS,ORBBS_601_92014,601,2014,1248096,225537,1,0,91,94,12.81,27.239,125,125,10,0,855,125,9,7.03,0
ORBBS_601_9,ORBBS,ORBBS_601_92016,601,2016,1248096,225537,1,0,91,94,12.81,27.239,125,125,10,0,856,125,9,6.23,0
ORBBS_601_9,ORBBS,ORBBS_601_92018,601,2018,1248096,225537,1,0,91,94,12.81,27.239,125,125,10,0,857,125,9,7.1,0
ORBBS_601_9,ORBBS,ORBBS_601_92020,601,2020,1248096,225537,1,0,91,94,12.81,27.239,125,125,10,0,858,125,9,7.16,0
ORBBS_601_9,ORBBS,ORBBS_601_91995,601,1995,1248096,225537,1,0,91,94,12.81,27.239,50,50,5,0,859,50,4,4.5675,1
ORBBS_601_9,ORBBS,ORBBS_601_91993,601,1993,1248096,225537,1,0,91,94,12.81,27.239,50,50,5,0,860,50,4,0,1
ORBBS_601_9,ORBBS,ORBBS_601_91996,601,1996,1248096,225537,1,0,91,94,12.81,27.239,50,50,5,0,861,50,4,5.68375,0
ORBBS_601_9,ORBBS,ORBBS_601_91999,601,1999,1248096,225537,1,0,91,94,12.81,27.239,50,50,5,0,862,50,4,6.46,0
ORBBS_601_9,ORBBS,ORBBS_601_91994,601,1994,1248096,225537,1,0,91,94,12.81,27.239,50,50,5,0,863,50,4,4.556666667,0
ORBBS_601_9,ORBBS,ORBBS_601_91997,601,1997,1248096,225537,1,0,91,94,12.81,27.239,50,50,5,0,864,50,4,6.15,0
ORBBS_601_9,ORBBS,ORBBS_601_92000,601,2000,1248096,225537,1,0,91,94,12.81,27.239,50,50,5,0,865,50,4,6.5,0
ORBBS_601_9,ORBBS,ORBBS_601_91998,601,1998,1248096,225537,1,0,91,94,12.81,27.239,50,50,5,0,866,50,4,2.106666667,1
ORBBS_604_2,ORBBS,ORBBS_604_22001,604,2001,1248199,228869,1,1,174,192,12.24,26.097,125,125,5,0,867,125,9,1.955,1
ORBBS_604_2,ORBBS,ORBBS_604_22002,604,2002,1248199,228869,1,1,174,192,12.24,26.097,125,125,8,0,868,125,9,4.62,0
ORBBS_604_2,ORBBS,ORBBS_604_22004,604,2004,1248199,228869,1,1,174,192,12.24,26.097,125,125,10,0,869,125,9,6.61,0
ORBBS_604_2,ORBBS,ORBBS_604_22006,604,2006,1248199,228869,1,1,174,192,12.24,26.097,125,125,5,0,870,125,9,6.71,0
ORBBS_604_2,ORBBS,ORBBS_604_22008,604,2008,1248199,228869,1,1,174,192,12.24,26.097,125,125,10,0,871,125,9,6.76,0
ORBBS_604_2,ORBBS,ORBBS_604_22010,604,2010,1248199,228869,1,1,174,192,12.24,26.097,125,125,10,0,872,125,9,6.87,0
ORBBS_604_2,ORBBS,ORBBS_604_22012,604,2012,1248199,228869,1,1,174,192,12.24,26.097,125,125,10,0,873,125,9,6.94,0
ORBBS_604_2,ORBBS,ORBBS_604_22014,604,2014,1248199,228869,1,1,174,192,12.24,26.097,125,125,10,0,874,125,9,7.03,0
ORBBS_604_2,ORBBS,ORBBS_604_22016,604,2016,1248199,228869,1,1,174,192,12.24,26.097,125,125,10,0,875,125,9,6.23,0
ORBBS_604_2,ORBBS,ORBBS_604_22018,604,2018,1248199,228869,1,1,174,192,12.24,26.097,125,125,10,0,876,125,9,7.1,0
ORBBS_604_2,ORBBS,ORBBS_604_22020,604,2020,1248199,228869,1,1,174,192,12.24,26.097,125,125,10,0,877,125,9,7.16,0
ORBBS_604_2,ORBBS,ORBBS_604_22005,604,2005,1248199,228869,1,1,174,192,12.24,26.097,50,50,5,0,878,50,4,6.36,0
ORBBS_604_2,ORBBS,ORBBS_604_21995,604,1995,1248199,228869,1,1,174,192,12.24,26.097,50,50,5,0,879,50,4,1.3075,1
ORBBS_604_2,ORBBS,ORBBS_604_21997,604,1997,1248199,228869,1,1,174,192,12.24,26.097,50,50,5,0,880,50,4,5.82,0
ORBBS_604_2,ORBBS,ORBBS_604_21994,604,1994,1248199,228869,1,1,174,192,12.24,26.097,50,50,5,0,881,50,4,4.79625,0
ORBBS_604_2,ORBBS,ORBBS_604_21996,604,1996,1248199,228869,1,1,174,192,12.24,26.097,50,50,5,0,882,50,4,5.7575,0
ORBBS_604_2,ORBBS,ORBBS_604_21999,604,1999,1248199,228869,1,1,174,192,12.24,26.097,50,50,5,0,883,50,4,4.11,0
ORBBS_604_2,ORBBS,ORBBS_604_21993,604,1993,1248199,228869,1,1,174,192,12.24,26.097,50,50,5,0,884,50,4,0,1
ORBBS_604_2,ORBBS,ORBBS_604_21998,604,1998,1248199,228869,1,1,174,192,12.24,26.097,50,50,5,0,885,50,4,2.106666667,1
ORBBS_604_2,ORBBS,ORBBS_604_22000,604,2000,1248199,228869,1,1,174,192,12.24,26.097,50,50,10,0,886,50,4,6.5,0
ORBBS_613_5,ORBBS,ORBBS_613_52001,613,2001,1248207,212073,1,0,72,72,13.03,28.638,125,125,5,0,887,125,9,0,1
ORBBS_613_5,ORBBS,ORBBS_613_52002,613,2002,1248207,212073,1,0,72,72,13.03,28.638,125,125,8,0,888,125,9,4.43,0
ORBBS_613_5,ORBBS,ORBBS_613_52006,613,2006,1248207,212073,1,0,72,72,13.03,28.638,125,125,5,0,889,125,9,0,1
ORBBS_613_5,ORBBS,ORBBS_613_52008,613,2008,1248207,212073,1,0,72,72,13.03,28.638,125,125,10,0,890,125,9,4.29,0
ORBBS_613_5,ORBBS,ORBBS_613_52009,613,2009,1248207,212073,1,0,72,72,13.03,28.638,125,125,10,0,891,125,9,6.83,0
ORBBS_613_5,ORBBS,ORBBS_613_52010,613,2010,1248207,212073,1,0,72,72,13.03,28.638,125,125,10,0,892,125,9,4.89,0
ORBBS_613_5,ORBBS,ORBBS_613_52011,613,2011,1248207,212073,1,0,72,72,13.03,28.638,125,125,10,0,893,125,9,5.33,0
ORBBS_613_5,ORBBS,ORBBS_613_52013,613,2013,1248207,212073,1,0,72,72,13.03,28.638,125,125,10,0,894,125,9,5.76,0
ORBBS_613_5,ORBBS,ORBBS_613_52015,613,2015,1248207,212073,1,0,72,72,13.03,28.638,125,125,10,0,895,125,9,6.1,0
ORBBS_613_5,ORBBS,ORBBS_613_52016,613,2016,1248207,212073,1,0,72,72,13.03,28.638,125,125,10,0,896,125,9,6.23,0
ORBBS_613_5,ORBBS,ORBBS_613_52018,613,2018,1248207,212073,1,0,72,72,13.03,28.638,125,125,10,0,897,125,9,6.45,0
ORBBS_613_5,ORBBS,ORBBS_613_52020,613,2020,1248207,212073,1,0,72,72,13.03,28.638,125,125,10,0,898,125,9,6.61,0
ORBBS_613_5,ORBBS,ORBBS_613_52000,613,2000,1248207,212073,1,0,72,72,13.03,28.638,50,50,5,0,899,50,4,3.22,0
ORBBS_613_5,ORBBS,ORBBS_613_51999,613,1999,1248207,212073,1,0,72,72,13.03,28.638,50,50,5,0,900,50,4,6.25,0
ORBBS_613_5,ORBBS,ORBBS_613_51996,613,1996,1248207,212073,1,0,72,72,13.03,28.638,50,50,10,0,901,50,4,5.67,0
ORBBS_613_5,ORBBS,ORBBS_613_51994,613,1994,1248207,212073,1,0,72,72,13.03,28.638,50,50,5,0,902,50,4,4.69,0
ORBBS_613_5,ORBBS,ORBBS_613_51995,613,1995,1248207,212073,1,0,72,72,13.03,28.638,50,50,5,0,903,50,4,4.98,0
ORBBS_613_5,ORBBS,ORBBS_613_51993,613,1993,1248207,212073,1,0,72,72,13.03,28.638,50,50,10,0,904,50,4,0,1
ORBBS_613_5,ORBBS,ORBBS_613_51997,613,1997,1248207,212073,1,0,72,72,13.03,28.638,50,50,5,0,905,50,4,6.15,0
ORBBS_613_5,ORBBS,ORBBS_613_51998,613,1998,1248207,212073,1,0,72,72,13.03,28.638,50,50,5,0,906,50,4,6.32,0
ORBBS_604_9,ORBBS,ORBBS_604_92001,604,2001,1248276,228352,1,0,158,163,12.34,26.208,125,125,5,0,907,125,9,1.955,1
ORBBS_604_9,ORBBS,ORBBS_604_92002,604,2002,1248276,228352,1,0,158,163,12.34,26.208,125,125,8,0,908,125,9,4.62,0
ORBBS_604_9,ORBBS,ORBBS_604_92004,604,2004,1248276,228352,1,0,158,163,12.34,26.208,125,125,10,0,909,125,9,6.61,0
ORBBS_604_9,ORBBS,ORBBS_604_92006,604,2006,1248276,228352,1,0,158,163,12.34,26.208,125,125,5,0,910,125,9,6.71,0
ORBBS_604_9,ORBBS,ORBBS_604_92008,604,2008,1248276,228352,1,0,158,163,12.34,26.208,125,125,10,0,911,125,9,6.76,0
ORBBS_604_9,ORBBS,ORBBS_604_92010,604,2010,1248276,228352,1,0,158,163,12.34,26.208,125,125,10,0,912,125,9,6.87,0
ORBBS_604_9,ORBBS,ORBBS_604_92012,604,2012,1248276,228352,1,0,158,163,12.34,26.208,125,125,10,0,913,125,9,6.94,0
ORBBS_604_9,ORBBS,ORBBS_604_92014,604,2014,1248276,228352,1,0,158,163,12.34,26.208,125,125,10,0,914,125,9,7.03,0
ORBBS_604_9,ORBBS,ORBBS_604_92016,604,2016,1248276,228352,1,0,158,163,12.34,26.208,125,125,10,0,915,125,9,6.23,0
ORBBS_604_9,ORBBS,ORBBS_604_92018,604,2018,1248276,228352,1,0,158,163,12.34,26.208,125,125,10,0,916,125,9,7.1,0
ORBBS_604_9,ORBBS,ORBBS_604_92020,604,2020,1248276,228352,1,0,158,163,12.34,26.208,125,125,10,0,917,125,9,7.16,0
ORBBS_604_9,ORBBS,ORBBS_604_91995,604,1995,1248276,228352,1,0,158,163,12.34,26.208,50,50,5,0,918,50,4,1.3075,1
ORBBS_604_9,ORBBS,ORBBS_604_91997,604,1997,1248276,228352,1,0,158,163,12.34,26.208,50,50,5,0,919,50,4,5.82,0
ORBBS_604_9,ORBBS,ORBBS_604_91996,604,1996,1248276,228352,1,0,158,163,12.34,26.208,50,50,5,0,920,50,4,5.7575,0
ORBBS_604_9,ORBBS,ORBBS_604_91993,604,1993,1248276,228352,1,0,158,163,12.34,26.208,50,50,5,0,921,50,4,0,1
ORBBS_604_9,ORBBS,ORBBS_604_91994,604,1994,1248276,228352,1,0,158,163,12.34,26.208,50,50,5,0,922,50,4,4.79625,0
ORBBS_604_9,ORBBS,ORBBS_604_92005,604,2005,1248276,228352,1,0,158,163,12.34,26.208,50,50,5,0,923,50,4,6.36,0
ORBBS_604_9,ORBBS,ORBBS_604_91999,604,1999,1248276,228352,1,0,158,163,12.34,26.208,50,50,5,0,924,50,4,4.11,0
ORBBS_604_9,ORBBS,ORBBS_604_92000,604,2000,1248276,228352,1,0,158,163,12.34,26.208,50,50,5,0,925,50,4,6.5,0
ORBBS_604_9,ORBBS,ORBBS_604_91998,604,1998,1248276,228352,1,0,158,163,12.34,26.208,50,50,5,0,926,50,4,2.106666667,1
ORBBS_604_1,ORBBS,ORBBS_604_12001,604,2001,1248458,228685,1,1,162,175,12.24,26.097,125,125,5,0,927,125,9,1.955,1
ORBBS_604_1,ORBBS,ORBBS_604_12002,604,2002,1248458,228685,1,1,162,175,12.24,26.097,125,125,8,0,928,125,9,4.62,0
ORBBS_604_1,ORBBS,ORBBS_604_12004,604,2004,1248458,228685,1,1,162,175,12.24,26.097,125,125,10,0,929,125,9,6.61,0
ORBBS_604_1,ORBBS,ORBBS_604_12006,604,2006,1248458,228685,1,1,162,175,12.24,26.097,125,125,5,0,930,125,9,6.71,0
ORBBS_604_1,ORBBS,ORBBS_604_12008,604,2008,1248458,228685,1,1,162,175,12.24,26.097,125,125,10,0,931,125,9,6.76,0
ORBBS_604_1,ORBBS,ORBBS_604_12010,604,2010,1248458,228685,1,1,162,175,12.24,26.097,125,125,10,0,932,125,9,6.87,0
ORBBS_604_1,ORBBS,ORBBS_604_12012,604,2012,1248458,228685,1,1,162,175,12.24,26.097,125,125,10,0,933,125,9,6.94,0
ORBBS_604_1,ORBBS,ORBBS_604_12014,604,2014,1248458,228685,1,1,162,175,12.24,26.097,125,125,10,0,934,125,9,7.03,0
ORBBS_604_1,ORBBS,ORBBS_604_12016,604,2016,1248458,228685,1,1,162,175,12.24,26.097,125,125,10,0,935,125,9,6.23,0
ORBBS_604_1,ORBBS,ORBBS_604_12018,604,2018,1248458,228685,1,1,162,175,12.24,26.097,125,125,10,0,936,125,9,7.1,0
ORBBS_604_1,ORBBS,ORBBS_604_12020,604,2020,1248458,228685,1,1,162,175,12.24,26.097,125,125,10,0,937,125,9,7.16,0
ORBBS_604_1,ORBBS,ORBBS_604_12005,604,2005,1248458,228685,1,1,162,175,12.24,26.097,50,50,10,0,938,50,4,6.36,0
ORBBS_604_1,ORBBS,ORBBS_604_11995,604,1995,1248458,228685,1,1,162,175,12.24,26.097,50,50,5,0,939,50,4,1.3075,1
ORBBS_604_1,ORBBS,ORBBS_604_11994,604,1994,1248458,228685,1,1,162,175,12.24,26.097,50,50,5,0,940,50,4,4.79625,0
ORBBS_604_1,ORBBS,ORBBS_604_11998,604,1998,1248458,228685,1,1,162,175,12.24,26.097,50,50,5,0,941,50,4,2.106666667,1
ORBBS_604_1,ORBBS,ORBBS_604_11997,604,1997,1248458,228685,1,1,162,175,12.24,26.097,50,50,5,0,942,50,4,5.82,0
ORBBS_604_1,ORBBS,ORBBS_604_11996,604,1996,1248458,228685,1,1,162,175,12.24,26.097,50,50,5,0,943,50,4,5.7575,0
ORBBS_604_1,ORBBS,ORBBS_604_11999,604,1999,1248458,228685,1,1,162,175,12.24,26.097,50,50,5,0,944,50,4,4.11,0
ORBBS_604_1,ORBBS,ORBBS_604_11993,604,1993,1248458,228685,1,1,162,175,12.24,26.097,50,50,5,0,945,50,4,0,1
ORBBS_604_1,ORBBS,ORBBS_604_12000,604,2000,1248458,228685,1,1,162,175,12.24,26.097,50,50,5,0,946,50,4,6.5,0
ORBBS_609_7,ORBBS,ORBBS_609_72001,609,2001,1248822,225549,1,1,87,88,12.83,28.25,125,125,5,0,947,125,9,1.955,1
ORBBS_609_7,ORBBS,ORBBS_609_72002,609,2002,1248822,225549,1,1,87,88,12.83,28.25,125,125,8,0,948,125,9,4.81,0
ORBBS_609_7,ORBBS,ORBBS_609_72006,609,2006,1248822,225549,1,1,87,88,12.83,28.25,125,125,5,0,949,125,9,0,1
ORBBS_609_7,ORBBS,ORBBS_609_72008,609,2008,1248822,225549,1,1,87,88,12.83,28.25,125,125,10,0,950,125,9,4.29,0
ORBBS_609_7,ORBBS,ORBBS_609_72009,609,2009,1248822,225549,1,1,87,88,12.83,28.25,125,125,10,0,951,125,9,6.83,0
ORBBS_609_7,ORBBS,ORBBS_609_72010,609,2010,1248822,225549,1,1,87,88,12.83,28.25,125,125,10,0,952,125,9,4.89,0
ORBBS_609_7,ORBBS,ORBBS_609_72011,609,2011,1248822,225549,1,1,87,88,12.83,28.25,125,125,10,0,953,125,9,5.33,0
ORBBS_609_7,ORBBS,ORBBS_609_72013,609,2013,1248822,225549,1,1,87,88,12.83,28.25,125,125,10,0,954,125,9,5.76,0
ORBBS_609_7,ORBBS,ORBBS_609_72015,609,2015,1248822,225549,1,1,87,88,12.83,28.25,125,125,10,0,955,125,9,6.1,0
ORBBS_609_7,ORBBS,ORBBS_609_72017,609,2017,1248822,225549,1,1,87,88,12.83,28.25,125,125,10,0,956,125,9,6.41,0
ORBBS_609_7,ORBBS,ORBBS_609_72018,609,2018,1248822,225549,1,1,87,88,12.83,28.25,125,125,10,0,957,125,9,6.45,0
ORBBS_609_7,ORBBS,ORBBS_609_72019,609,2019,1248822,225549,1,1,87,88,12.83,28.25,125,125,10,0,958,125,9,6.54,0
ORBBS_609_7,ORBBS,ORBBS_609_71995,609,1995,1248822,225549,1,1,87,88,12.83,28.25,50,50,5,0,959,50,4,1.64,1
ORBBS_609_7,ORBBS,ORBBS_609_71994,609,1994,1248822,225549,1,1,87,88,12.83,28.25,50,50,5,0,960,50,4,4.195555556,1
ORBBS_609_7,ORBBS,ORBBS_609_71993,609,1993,1248822,225549,1,1,87,88,12.83,28.25,50,50,5,0,961,50,4,0,1
ORBBS_609_7,ORBBS,ORBBS_609_71997,609,1997,1248822,225549,1,1,87,88,12.83,28.25,50,50,5,0,962,50,4,5.82,0
ORBBS_609_7,ORBBS,ORBBS_609_71999,609,1999,1248822,225549,1,1,87,88,12.83,28.25,50,50,5,0,963,50,4,3.95,0
ORBBS_609_7,ORBBS,ORBBS_609_72000,609,2000,1248822,225549,1,1,87,88,12.83,28.25,50,50,5,0,964,50,4,0,1
ORBBS_609_7,ORBBS,ORBBS_609_71996,609,1996,1248822,225549,1,1,87,88,12.83,28.25,50,50,5,0,965,50,4,0,1
ORBBS_609_7,ORBBS,ORBBS_609_71998,609,1998,1248822,225549,1,1,87,88,12.83,28.25,50,50,5,0,966,50,4,1.58,1
ORBBS_606_11,ORBBS,ORBBS_606_112001,606,2001,1248890,228346,1,1,152,151,12.425,26.969,125,125,5,0,967,125,9,3.91,0
ORBBS_606_11,ORBBS,ORBBS_606_112002,606,2002,1248890,228346,1,1,152,151,12.425,26.969,125,125,8,0,968,125,9,4.81,0
ORBBS_606_11,ORBBS,ORBBS_606_112004,606,2004,1248890,228346,1,1,152,151,12.425,26.969,125,125,10,0,969,125,9,6.61,0
ORBBS_606_11,ORBBS,ORBBS_606_112006,606,2006,1248890,228346,1,1,152,151,12.425,26.969,125,125,10,0,970,125,9,6.71,0
ORBBS_606_11,ORBBS,ORBBS_606_112008,606,2008,1248890,228346,1,1,152,151,12.425,26.969,125,125,10,0,971,125,9,6.76,0
ORBBS_606_11,ORBBS,ORBBS_606_112010,606,2010,1248890,228346,1,1,152,151,12.425,26.969,125,125,10,0,972,125,9,6.87,0
ORBBS_606_11,ORBBS,ORBBS_606_112013,606,2013,1248890,228346,1,1,152,151,12.425,26.969,125,125,10,0,973,125,9,6.99,0
ORBBS_606_11,ORBBS,ORBBS_606_112014,606,2014,1248890,228346,1,1,152,151,12.425,26.969,125,125,10,0,974,125,9,7.03,0
ORBBS_606_11,ORBBS,ORBBS_606_112016,606,2016,1248890,228346,1,1,152,151,12.425,26.969,125,125,10,0,975,125,9,7.08,0
ORBBS_606_11,ORBBS,ORBBS_606_112018,606,2018,1248890,228346,1,1,152,151,12.425,26.969,125,125,10,0,976,125,9,7.1,0
ORBBS_606_11,ORBBS,ORBBS_606_112020,606,2020,1248890,228346,1,1,152,151,12.425,26.969,125,125,10,0,977,125,9,7.16,0
ORBBS_606_11,ORBBS,ORBBS_606_111995,606,1995,1248890,228346,1,1,152,151,12.425,26.969,50,50,5,0,978,50,4,5.48,0
ORBBS_606_11,ORBBS,ORBBS_606_111994,606,1994,1248890,228346,1,1,152,151,12.425,26.969,50,50,5,0,979,50,4,5.13,0
ORBBS_606_11,ORBBS,ORBBS_606_111993,606,1993,1248890,228346,1,1,152,151,12.425,26.969,50,50,5,0,980,50,4,0,1
ORBBS_606_11,ORBBS,ORBBS_606_111999,606,1999,1248890,228346,1,1,152,151,12.425,26.969,50,50,5,0,981,50,4,6.46,0
ORBBS_606_11,ORBBS,ORBBS_606_112000,606,2000,1248890,228346,1,1,152,151,12.425,26.969,50,50,5,0,982,50,4,6.5,0
ORBBS_606_11,ORBBS,ORBBS_606_111996,606,1996,1248890,228346,1,1,152,151,12.425,26.969,50,50,10,0,983,50,4,5.78,0
ORBBS_606_11,ORBBS,ORBBS_606_111997,606,1997,1248890,228346,1,1,152,151,12.425,26.969,50,50,10,0,984,50,4,6.15,0
ORBBS_606_11,ORBBS,ORBBS_606_111998,606,1998,1248890,228346,1,1,152,151,12.425,26.969,50,50,5,0,985,50,4,6.32,0
ORBBS_609_6,ORBBS,ORBBS_609_62001,609,2001,1248904,226599,1,0,106,106,12.735,27.225,125,125,5,0,986,125,9,1.955,1
ORBBS_609_6,ORBBS,ORBBS_609_62002,609,2002,1248904,226599,1,0,106,106,12.735,27.225,125,125,8,0,987,125,9,4.81,0
ORBBS_609_6,ORBBS,ORBBS_609_62006,609,2006,1248904,226599,1,0,106,106,12.735,27.225,125,125,5,0,988,125,9,0,1
ORBBS_609_6,ORBBS,ORBBS_609_62008,609,2008,1248904,226599,1,0,106,106,12.735,27.225,125,125,10,0,989,125,9,4.29,0
ORBBS_609_6,ORBBS,ORBBS_609_62009,609,2009,1248904,226599,1,0,106,106,12.735,27.225,125,125,10,0,990,125,9,6.83,0
ORBBS_609_6,ORBBS,ORBBS_609_62010,609,2010,1248904,226599,1,0,106,106,12.735,27.225,125,125,10,0,991,125,9,4.89,0
ORBBS_609_6,ORBBS,ORBBS_609_62011,609,2011,1248904,226599,1,0,106,106,12.735,27.225,125,125,10,0,992,125,9,5.33,0
ORBBS_609_6,ORBBS,ORBBS_609_62013,609,2013,1248904,226599,1,0,106,106,12.735,27.225,125,125,10,0,993,125,9,5.76,0
ORBBS_609_6,ORBBS,ORBBS_609_62015,609,2015,1248904,226599,1,0,106,106,12.735,27.225,125,125,10,0,994,125,9,6.1,0
ORBBS_609_6,ORBBS,ORBBS_609_62017,609,2017,1248904,226599,1,0,106,106,12.735,27.225,125,125,10,0,995,125,9,6.41,0
ORBBS_609_6,ORBBS,ORBBS_609_62018,609,2018,1248904,226599,1,0,106,106,12.735,27.225,125,125,10,0,996,125,9,6.45,0
ORBBS_609_6,ORBBS,ORBBS_609_62019,609,2019,1248904,226599,1,0,106,106,12.735,27.225,125,125,10,0,997,125,9,6.54,0
ORBBS_609_6,ORBBS,ORBBS_609_61994,609,1994,1248904,226599,1,0,106,106,12.735,27.225,50,50,5,0,998,50,4,4.195555556,1
ORBBS_609_6,ORBBS,ORBBS_609_61995,609,1995,1248904,226599,1,0,106,106,12.735,27.225,50,50,5,0,999,50,4,1.64,1
ORBBS_609_6,ORBBS,ORBBS_609_61993,609,1993,1248904,226599,1,0,106,106,12.735,27.225,50,50,5,0,1000,50,4,0,1
ORBBS_609_6,ORBBS,ORBBS_609_61997,609,1997,1248904,226599,1,0,106,106,12.735,27.225,50,50,5,0,1001,50,4,5.82,0
ORBBS_609_6,ORBBS,ORBBS_609_61999,609,1999,1248904,226599,1,0,106,106,12.735,27.225,50,50,5,0,1002,50,4,3.95,0
ORBBS_609_6,ORBBS,ORBBS_609_62000,609,2000,1248904,226599,1,0,106,106,12.735,27.225,50,50,5,0,1003,50,4,0,1
ORBBS_609_6,ORBBS,ORBBS_609_61998,609,1998,1248904,226599,1,0,106,106,12.735,27.225,50,50,5,0,1004,50,4,1.58,1
ORBBS_609_6,ORBBS,ORBBS_609_61996,609,1996,1248904,226599,1,0,106,106,12.735,27.225,50,50,5,0,1005,50,4,0,1
ORBBS_606_12,ORBBS,ORBBS_606_122001,606,2001,1248978,228062,1,1,143,141,12.425,26.969,125,125,5,0,1006,125,9,3.91,0
ORBBS_606_12,ORBBS,ORBBS_606_122002,606,2002,1248978,228062,1,1,143,141,12.425,26.969,125,125,8,0,1007,125,9,4.81,0
ORBBS_606_12,ORBBS,ORBBS_606_122004,606,2004,1248978,228062,1,1,143,141,12.425,26.969,125,125,10,0,1008,125,9,6.61,0
ORBBS_606_12,ORBBS,ORBBS_606_122006,606,2006,1248978,228062,1,1,143,141,12.425,26.969,125,125,10,0,1009,125,9,6.71,0
ORBBS_606_12,ORBBS,ORBBS_606_122008,606,2008,1248978,228062,1,1,143,141,12.425,26.969,125,125,10,0,1010,125,9,6.76,0
ORBBS_606_12,ORBBS,ORBBS_606_122010,606,2010,1248978,228062,1,1,143,141,12.425,26.969,125,125,10,0,1011,125,9,6.87,0
ORBBS_606_12,ORBBS,ORBBS_606_122013,606,2013,1248978,228062,1,1,143,141,12.425,26.969,125,125,10,0,1012,125,9,6.99,0
ORBBS_606_12,ORBBS,ORBBS_606_122014,606,2014,1248978,228062,1,1,143,141,12.425,26.969,125,125,10,0,1013,125,9,7.03,0
ORBBS_606_12,ORBBS,ORBBS_606_122016,606,2016,1248978,228062,1,1,143,141,12.425,26.969,125,125,10,0,1014,125,9,7.08,0
ORBBS_606_12,ORBBS,ORBBS_606_122018,606,2018,1248978,228062,1,1,143,141,12.425,26.969,125,125,10,0,1015,125,9,7.1,0
ORBBS_606_12,ORBBS,ORBBS_606_122020,606,2020,1248978,228062,1,1,143,141,12.425,26.969,125,125,10,0,1016,125,9,7.16,0
ORBBS_606_12,ORBBS,ORBBS_606_121995,606,1995,1248978,228062,1,1,143,141,12.425,26.969,50,50,5,0,1017,50,4,5.48,0
ORBBS_606_12,ORBBS,ORBBS_606_121994,606,1994,1248978,228062,1,1,143,141,12.425,26.969,50,50,5,0,1018,50,4,5.13,0
ORBBS_606_12,ORBBS,ORBBS_606_121993,606,1993,1248978,228062,1,1,143,141,12.425,26.969,50,50,5,0,1019,50,4,0,1
ORBBS_606_12,ORBBS,ORBBS_606_121999,606,1999,1248978,228062,1,1,143,141,12.425,26.969,50,50,5,0,1020,50,4,6.46,0
ORBBS_606_12,ORBBS,ORBBS_606_122000,606,2000,1248978,228062,1,1,143,141,12.425,26.969,50,50,10,0,1021,50,4,6.5,0
ORBBS_606_12,ORBBS,ORBBS_606_121997,606,1997,1248978,228062,1,1,143,141,12.425,26.969,50,50,10,0,1022,50,4,6.15,0
ORBBS_606_12,ORBBS,ORBBS_606_121996,606,1996,1248978,228062,1,1,143,141,12.425,26.969,50,50,5,0,1023,50,4,5.78,0
ORBBS_606_12,ORBBS,ORBBS_606_121998,606,1998,1248978,228062,1,1,143,141,12.425,26.969,50,50,5,0,1024,50,4,6.32,0
ORBBS_606_10,ORBBS,ORBBS_606_102001,606,2001,1249030,228515,1,0,154,154,12.36,26.913,125,125,5,0,1025,125,9,3.91,0
ORBBS_606_10,ORBBS,ORBBS_606_102002,606,2002,1249030,228515,1,0,154,154,12.36,26.913,125,125,8,0,1026,125,9,4.81,0
ORBBS_606_10,ORBBS,ORBBS_606_102004,606,2004,1249030,228515,1,0,154,154,12.36,26.913,125,125,10,0,1027,125,9,6.61,0
ORBBS_606_10,ORBBS,ORBBS_606_102006,606,2006,1249030,228515,1,0,154,154,12.36,26.913,125,125,10,0,1028,125,9,6.71,0
ORBBS_606_10,ORBBS,ORBBS_606_102008,606,2008,1249030,228515,1,0,154,154,12.36,26.913,125,125,10,0,1029,125,9,6.76,0
ORBBS_606_10,ORBBS,ORBBS_606_102010,606,2010,1249030,228515,1,0,154,154,12.36,26.913,125,125,10,0,1030,125,9,6.87,0
ORBBS_606_10,ORBBS,ORBBS_606_102013,606,2013,1249030,228515,1,0,154,154,12.36,26.913,125,125,10,0,1031,125,9,6.99,0
ORBBS_606_10,ORBBS,ORBBS_606_102014,606,2014,1249030,228515,1,0,154,154,12.36,26.913,125,125,10,0,1032,125,9,7.03,0
ORBBS_606_10,ORBBS,ORBBS_606_102016,606,2016,1249030,228515,1,0,154,154,12.36,26.913,125,125,10,0,1033,125,9,7.08,0
ORBBS_606_10,ORBBS,ORBBS_606_102018,606,2018,1249030,228515,1,0,154,154,12.36,26.913,125,125,10,0,1034,125,9,7.1,0
ORBBS_606_10,ORBBS,ORBBS_606_102020,606,2020,1249030,228515,1,0,154,154,12.36,26.913,125,125,10,0,1035,125,9,7.16,0
ORBBS_606_10,ORBBS,ORBBS_606_101995,606,1995,1249030,228515,1,0,154,154,12.36,26.913,50,50,5,0,1036,50,4,5.48,0
ORBBS_606_10,ORBBS,ORBBS_606_101994,606,1994,1249030,228515,1,0,154,154,12.36,26.913,50,50,5,0,1037,50,4,5.13,0
ORBBS_606_10,ORBBS,ORBBS_606_101993,606,1993,1249030,228515,1,0,154,154,12.36,26.913,50,50,5,0,1038,50,4,0,1
ORBBS_606_10,ORBBS,ORBBS_606_101999,606,1999,1249030,228515,1,0,154,154,12.36,26.913,50,50,5,0,1039,50,4,6.46,0
ORBBS_606_10,ORBBS,ORBBS_606_102000,606,2000,1249030,228515,1,0,154,154,12.36,26.913,50,50,10,0,1040,50,4,6.5,0
ORBBS_606_10,ORBBS,ORBBS_606_101996,606,1996,1249030,228515,1,0,154,154,12.36,26.913,50,50,5,0,1041,50,4,5.78,0
ORBBS_606_10,ORBBS,ORBBS_606_101997,606,1997,1249030,228515,1,0,154,154,12.36,26.913,50,50,5,0,1042,50,4,6.15,0
ORBBS_606_10,ORBBS,ORBBS_606_101998,606,1998,1249030,228515,1,0,154,154,12.36,26.913,50,50,5,0,1043,50,4,6.32,0
ORBBS_609_8,ORBBS,ORBBS_609_82001,609,2001,1249156,225516,1,0,87,86,12.83,28.25,125,125,5,0,1044,125,9,1.955,1
ORBBS_609_8,ORBBS,ORBBS_609_82002,609,2002,1249156,225516,1,0,87,86,12.83,28.25,125,125,8,0,1045,125,9,4.81,0
ORBBS_609_8,ORBBS,ORBBS_609_82006,609,2006,1249156,225516,1,0,87,86,12.83,28.25,125,125,5,0,1046,125,9,0,1
ORBBS_609_8,ORBBS,ORBBS_609_82008,609,2008,1249156,225516,1,0,87,86,12.83,28.25,125,125,10,0,1047,125,9,4.29,0
ORBBS_609_8,ORBBS,ORBBS_609_82009,609,2009,1249156,225516,1,0,87,86,12.83,28.25,125,125,10,0,1048,125,9,6.83,0
ORBBS_609_8,ORBBS,ORBBS_609_82010,609,2010,1249156,225516,1,0,87,86,12.83,28.25,125,125,10,0,1049,125,9,4.89,0
ORBBS_609_8,ORBBS,ORBBS_609_82011,609,2011,1249156,225516,1,0,87,86,12.83,28.25,125,125,10,0,1050,125,9,5.33,0
ORBBS_609_8,ORBBS,ORBBS_609_82013,609,2013,1249156,225516,1,0,87,86,12.83,28.25,125,125,10,0,1051,125,9,5.76,0
ORBBS_609_8,ORBBS,ORBBS_609_82015,609,2015,1249156,225516,1,0,87,86,12.83,28.25,125,125,10,0,1052,125,9,6.1,0
ORBBS_609_8,ORBBS,ORBBS_609_82018,609,2018,1249156,225516,1,0,87,86,12.83,28.25,125,125,10,0,1053,125,9,6.45,0
ORBBS_609_8,ORBBS,ORBBS_609_82017,609,2017,1249156,225516,1,0,87,86,12.83,28.25,125,125,10,0,1054,125,9,6.41,0
ORBBS_609_8,ORBBS,ORBBS_609_82019,609,2019,1249156,225516,1,0,87,86,12.83,28.25,125,125,10,0,1055,125,9,6.54,0
ORBBS_609_8,ORBBS,ORBBS_609_81995,609,1995,1249156,225516,1,0,87,86,12.83,28.25,50,50,5,0,1056,50,4,1.64,1
ORBBS_609_8,ORBBS,ORBBS_609_81994,609,1994,1249156,225516,1,0,87,86,12.83,28.25,50,50,5,0,1057,50,4,4.195555556,1
ORBBS_609_8,ORBBS,ORBBS_609_81993,609,1993,1249156,225516,1,0,87,86,12.83,28.25,50,50,5,0,1058,50,4,0,1
ORBBS_609_8,ORBBS,ORBBS_609_81997,609,1997,1249156,225516,1,0,87,86,12.83,28.25,50,50,5,0,1059,50,4,5.82,0
ORBBS_609_8,ORBBS,ORBBS_609_81999,609,1999,1249156,225516,1,0,87,86,12.83,28.25,50,50,5,0,1060,50,4,3.95,0
ORBBS_609_8,ORBBS,ORBBS_609_82000,609,2000,1249156,225516,1,0,87,86,12.83,28.25,50,50,5,0,1061,50,4,0,1
ORBBS_609_8,ORBBS,ORBBS_609_81996,609,1996,1249156,225516,1,0,87,86,12.83,28.25,50,50,5,0,1062,50,4,0,1
ORBBS_609_8,ORBBS,ORBBS_609_81998,609,1998,1249156,225516,1,0,87,86,12.83,28.25,50,50,5,0,1063,50,4,1.58,1
ORBBS_609_5,ORBBS,ORBBS_609_52001,609,2001,1249161,225926,1,0,92,92,12.765,27.593,125,125,5,0,1064,125,9,1.955,1
ORBBS_609_5,ORBBS,ORBBS_609_52002,609,2002,1249161,225926,1,0,92,92,12.765,27.593,125,125,8,0,1065,125,9,4.81,0
ORBBS_609_5,ORBBS,ORBBS_609_52006,609,2006,1249161,225926,1,0,92,92,12.765,27.593,125,125,5,0,1066,125,9,0,1
ORBBS_609_5,ORBBS,ORBBS_609_52008,609,2008,1249161,225926,1,0,92,92,12.765,27.593,125,125,10,0,1067,125,9,4.29,0
ORBBS_609_5,ORBBS,ORBBS_609_52009,609,2009,1249161,225926,1,0,92,92,12.765,27.593,125,125,10,0,1068,125,9,6.83,0
ORBBS_609_5,ORBBS,ORBBS_609_52010,609,2010,1249161,225926,1,0,92,92,12.765,27.593,125,125,10,0,1069,125,9,4.89,0
ORBBS_609_5,ORBBS,ORBBS_609_52011,609,2011,1249161,225926,1,0,92,92,12.765,27.593,125,125,10,0,1070,125,9,5.33,0
ORBBS_609_5,ORBBS,ORBBS_609_52013,609,2013,1249161,225926,1,0,92,92,12.765,27.593,125,125,10,0,1071,125,9,5.76,0
ORBBS_609_5,ORBBS,ORBBS_609_52015,609,2015,1249161,225926,1,0,92,92,12.765,27.593,125,125,10,0,1072,125,9,6.1,0
ORBBS_609_5,ORBBS,ORBBS_609_52017,609,2017,1249161,225926,1,0,92,92,12.765,27.593,125,125,10,0,1073,125,9,6.41,0
ORBBS_609_5,ORBBS,ORBBS_609_52018,609,2018,1249161,225926,1,0,92,92,12.765,27.593,125,125,10,0,1074,125,9,6.45,0
ORBBS_609_5,ORBBS,ORBBS_609_52019,609,2019,1249161,225926,1,0,92,92,12.765,27.593,125,125,10,0,1075,125,9,6.54,0
ORBBS_609_5,ORBBS,ORBBS_609_51994,609,1994,1249161,225926,1,0,92,92,12.765,27.593,50,50,5,0,1076,50,4,4.195555556,1
ORBBS_609_5,ORBBS,ORBBS_609_51995,609,1995,1249161,225926,1,0,92,92,12.765,27.593,50,50,5,0,1077,50,4,1.64,1
ORBBS_609_5,ORBBS,ORBBS_609_51993,609,1993,1249161,225926,1,0,92,92,12.765,27.593,50,50,5,0,1078,50,4,0,1
ORBBS_609_5,ORBBS,ORBBS_609_51997,609,1997,1249161,225926,1,0,92,92,12.765,27.593,50,50,5,0,1079,50,4,5.82,0
ORBBS_609_5,ORBBS,ORBBS_609_51999,609,1999,1249161,225926,1,0,92,92,12.765,27.593,50,50,5,0,1080,50,4,3.95,0
ORBBS_609_5,ORBBS,ORBBS_609_52000,609,2000,1249161,225926,1,0,92,92,12.765,27.593,50,50,5,0,1081,50,4,0,1
ORBBS_609_5,ORBBS,ORBBS_609_51998,609,1998,1249161,225926,1,0,92,92,12.765,27.593,50,50,5,0,1082,50,4,1.58,1
ORBBS_609_5,ORBBS,ORBBS_609_51996,609,1996,1249161,225926,1,0,92,92,12.765,27.593,50,50,5,0,1083,50,4,0,1
ORBBS_606_6,ORBBS,ORBBS_606_62001,606,2001,1249203,227920,1,1,138,134,12.49,27.225,125,125,5,0,1084,125,9,3.91,0
ORBBS_606_6,ORBBS,ORBBS_606_62002,606,2002,1249203,227920,1,1,138,134,12.49,27.225,125,125,8,0,1085,125,9,4.81,0
ORBBS_606_6,ORBBS,ORBBS_606_62004,606,2004,1249203,227920,1,1,138,134,12.49,27.225,125,125,10,0,1086,125,9,6.61,0
ORBBS_606_6,ORBBS,ORBBS_606_62006,606,2006,1249203,227920,1,1,138,134,12.49,27.225,125,125,10,0,1087,125,9,6.71,0
ORBBS_606_6,ORBBS,ORBBS_606_62008,606,2008,1249203,227920,1,1,138,134,12.49,27.225,125,125,10,0,1088,125,9,6.76,0
ORBBS_606_6,ORBBS,ORBBS_606_62010,606,2010,1249203,227920,1,1,138,134,12.49,27.225,125,125,10,0,1089,125,9,6.87,0
ORBBS_606_6,ORBBS,ORBBS_606_62013,606,2013,1249203,227920,1,1,138,134,12.49,27.225,125,125,10,0,1090,125,9,6.99,0
ORBBS_606_6,ORBBS,ORBBS_606_62014,606,2014,1249203,227920,1,1,138,134,12.49,27.225,125,125,10,0,1091,125,9,7.03,0
ORBBS_606_6,ORBBS,ORBBS_606_62016,606,2016,1249203,227920,1,1,138,134,12.49,27.225,125,125,10,0,1092,125,9,7.08,0
ORBBS_606_6,ORBBS,ORBBS_606_62018,606,2018,1249203,227920,1,1,138,134,12.49,27.225,125,125,10,0,1093,125,9,7.1,0
ORBBS_606_6,ORBBS,ORBBS_606_62020,606,2020,1249203,227920,1,1,138,134,12.49,27.225,125,125,10,0,1094,125,9,7.16,0
ORBBS_606_6,ORBBS,ORBBS_606_61995,606,1995,1249203,227920,1,1,138,134,12.49,27.225,50,50,5,0,1095,50,4,5.48,0
ORBBS_606_6,ORBBS,ORBBS_606_61994,606,1994,1249203,227920,1,1,138,134,12.49,27.225,50,50,5,0,1096,50,4,5.13,0
ORBBS_606_6,ORBBS,ORBBS_606_61993,606,1993,1249203,227920,1,1,138,134,12.49,27.225,50,50,5,0,1097,50,4,0,1
ORBBS_606_6,ORBBS,ORBBS_606_61999,606,1999,1249203,227920,1,1,138,134,12.49,27.225,50,50,5,0,1098,50,4,6.46,0
ORBBS_606_6,ORBBS,ORBBS_606_62000,606,2000,1249203,227920,1,1,138,134,12.49,27.225,50,50,5,0,1099,50,4,6.5,0
ORBBS_606_6,ORBBS,ORBBS_606_61996,606,1996,1249203,227920,1,1,138,134,12.49,27.225,50,50,5,0,1100,50,4,5.78,0
ORBBS_606_6,ORBBS,ORBBS_606_61997,606,1997,1249203,227920,1,1,138,134,12.49,27.225,50,50,5,0,1101,50,4,6.15,0
ORBBS_606_6,ORBBS,ORBBS_606_61998,606,1998,1249203,227920,1,1,138,134,12.49,27.225,50,50,5,0,1102,50,4,6.32,0
ORBBS_606_8,ORBBS,ORBBS_606_82001,606,2001,1249225,228467,1,0,148,149,12.425,26.969,125,125,5,0,1103,125,9,3.91,0
ORBBS_606_8,ORBBS,ORBBS_606_82002,606,2002,1249225,228467,1,0,148,149,12.425,26.969,125,125,8,0,1104,125,9,4.81,0
ORBBS_606_8,ORBBS,ORBBS_606_82004,606,2004,1249225,228467,1,0,148,149,12.425,26.969,125,125,10,0,1105,125,9,6.61,0
ORBBS_606_8,ORBBS,ORBBS_606_82006,606,2006,1249225,228467,1,0,148,149,12.425,26.969,125,125,10,0,1106,125,9,6.71,0
ORBBS_606_8,ORBBS,ORBBS_606_82008,606,2008,1249225,228467,1,0,148,149,12.425,26.969,125,125,10,0,1107,125,9,6.76,0
ORBBS_606_8,ORBBS,ORBBS_606_82010,606,2010,1249225,228467,1,0,148,149,12.425,26.969,125,125,10,0,1108,125,9,6.87,0
ORBBS_606_8,ORBBS,ORBBS_606_82013,606,2013,1249225,228467,1,0,148,149,12.425,26.969,125,125,10,0,1109,125,9,6.99,0
ORBBS_606_8,ORBBS,ORBBS_606_82014,606,2014,1249225,228467,1,0,148,149,12.425,26.969,125,125,10,0,1110,125,9,7.03,0
ORBBS_606_8,ORBBS,ORBBS_606_82016,606,2016,1249225,228467,1,0,148,149,12.425,26.969,125,125,10,0,1111,125,9,7.08,0
ORBBS_606_8,ORBBS,ORBBS_606_82018,606,2018,1249225,228467,1,0,148,149,12.425,26.969,125,125,10,0,1112,125,9,7.1,0
ORBBS_606_8,ORBBS,ORBBS_606_82020,606,2020,1249225,228467,1,0,148,149,12.425,26.969,125,125,10,0,1113,125,9,7.16,0
ORBBS_606_8,ORBBS,ORBBS_606_81995,606,1995,1249225,228467,1,0,148,149,12.425,26.969,50,50,5,0,1114,50,4,5.48,0
ORBBS_606_8,ORBBS,ORBBS_606_81994,606,1994,1249225,228467,1,0,148,149,12.425,26.969,50,50,5,0,1115,50,4,5.13,0
ORBBS_606_8,ORBBS,ORBBS_606_81993,606,1993,1249225,228467,1,0,148,149,12.425,26.969,50,50,5,0,1116,50,4,0,1
ORBBS_606_8,ORBBS,ORBBS_606_81999,606,1999,1249225,228467,1,0,148,149,12.425,26.969,50,50,5,0,1117,50,4,6.46,0
ORBBS_606_8,ORBBS,ORBBS_606_82000,606,2000,1249225,228467,1,0,148,149,12.425,26.969,50,50,5,0,1118,50,4,6.5,0
ORBBS_606_8,ORBBS,ORBBS_606_81996,606,1996,1249225,228467,1,0,148,149,12.425,26.969,50,50,5,0,1119,50,4,5.78,0
ORBBS_606_8,ORBBS,ORBBS_606_81997,606,1997,1249225,228467,1,0,148,149,12.425,26.969,50,50,5,0,1120,50,4,6.15,0
ORBBS_606_8,ORBBS,ORBBS_606_81998,606,1998,1249225,228467,1,0,148,149,12.425,26.969,50,50,5,0,1121,50,4,6.32,0
ORBBS_606_9,ORBBS,ORBBS_606_92001,606,2001,1249265,228685,1,0,150,157,12.36,26.913,125,125,5,0,1122,125,9,3.91,0
ORBBS_606_9,ORBBS,ORBBS_606_92002,606,2002,1249265,228685,1,0,150,157,12.36,26.913,125,125,8,0,1123,125,9,4.81,0
ORBBS_606_9,ORBBS,ORBBS_606_92004,606,2004,1249265,228685,1,0,150,157,12.36,26.913,125,125,10,0,1124,125,9,6.61,0
ORBBS_606_9,ORBBS,ORBBS_606_92006,606,2006,1249265,228685,1,0,150,157,12.36,26.913,125,125,10,0,1125,125,9,6.71,0
ORBBS_606_9,ORBBS,ORBBS_606_92008,606,2008,1249265,228685,1,0,150,157,12.36,26.913,125,125,10,0,1126,125,9,6.76,0
ORBBS_606_9,ORBBS,ORBBS_606_92010,606,2010,1249265,228685,1,0,150,157,12.36,26.913,125,125,10,0,1127,125,9,6.87,0
ORBBS_606_9,ORBBS,ORBBS_606_92013,606,2013,1249265,228685,1,0,150,157,12.36,26.913,125,125,10,0,1128,125,9,6.99,0
ORBBS_606_9,ORBBS,ORBBS_606_92014,606,2014,1249265,228685,1,0,150,157,12.36,26.913,125,125,10,0,1129,125,9,7.03,0
ORBBS_606_9,ORBBS,ORBBS_606_92016,606,2016,1249265,228685,1,0,150,157,12.36,26.913,125,125,10,0,1130,125,9,7.08,0
ORBBS_606_9,ORBBS,ORBBS_606_92018,606,2018,1249265,228685,1,0,150,157,12.36,26.913,125,125,10,0,1131,125,9,7.1,0
ORBBS_606_9,ORBBS,ORBBS_606_92020,606,2020,1249265,228685,1,0,150,157,12.36,26.913,125,125,10,0,1132,125,9,7.16,0
ORBBS_606_9,ORBBS,ORBBS_606_91995,606,1995,1249265,228685,1,0,150,157,12.36,26.913,50,50,5,0,1133,50,4,5.48,0
ORBBS_606_9,ORBBS,ORBBS_606_91994,606,1994,1249265,228685,1,0,150,157,12.36,26.913,50,50,5,0,1134,50,4,5.13,0
ORBBS_606_9,ORBBS,ORBBS_606_91993,606,1993,1249265,228685,1,0,150,157,12.36,26.913,50,50,5,0,1135,50,4,0,1
ORBBS_606_9,ORBBS,ORBBS_606_91999,606,1999,1249265,228685,1,0,150,157,12.36,26.913,50,50,5,0,1136,50,4,6.46,0
ORBBS_606_9,ORBBS,ORBBS_606_92000,606,2000,1249265,228685,1,0,150,157,12.36,26.913,50,50,5,0,1137,50,4,6.5,0
ORBBS_606_9,ORBBS,ORBBS_606_91996,606,1996,1249265,228685,1,0,150,157,12.36,26.913,50,50,5,0,1138,50,4,5.78,0
ORBBS_606_9,ORBBS,ORBBS_606_91997,606,1997,1249265,228685,1,0,150,157,12.36,26.913,50,50,5,0,1139,50,4,6.15,0
ORBBS_606_9,ORBBS,ORBBS_606_91998,606,1998,1249265,228685,1,0,150,157,12.36,26.913,50,50,5,0,1140,50,4,6.32,0
ORBBS_606_7,ORBBS,ORBBS_606_72001,606,2001,1249292,228208,1,0,140,140,12.425,26.969,125,125,5,0,1141,125,9,3.91,0
ORBBS_606_7,ORBBS,ORBBS_606_72002,606,2002,1249292,228208,1,0,140,140,12.425,26.969,125,125,8,0,1142,125,9,4.81,0
ORBBS_606_7,ORBBS,ORBBS_606_72004,606,2004,1249292,228208,1,0,140,140,12.425,26.969,125,125,10,0,1143,125,9,6.61,0
ORBBS_606_7,ORBBS,ORBBS_606_72006,606,2006,1249292,228208,1,0,140,140,12.425,26.969,125,125,10,0,1144,125,9,6.71,0
ORBBS_606_7,ORBBS,ORBBS_606_72008,606,2008,1249292,228208,1,0,140,140,12.425,26.969,125,125,10,0,1145,125,9,6.76,0
ORBBS_606_7,ORBBS,ORBBS_606_72010,606,2010,1249292,228208,1,0,140,140,12.425,26.969,125,125,10,0,1146,125,9,6.87,0
ORBBS_606_7,ORBBS,ORBBS_606_72013,606,2013,1249292,228208,1,0,140,140,12.425,26.969,125,125,10,0,1147,125,9,6.99,0
ORBBS_606_7,ORBBS,ORBBS_606_72014,606,2014,1249292,228208,1,0,140,140,12.425,26.969,125,125,10,0,1148,125,9,7.03,0
ORBBS_606_7,ORBBS,ORBBS_606_72016,606,2016,1249292,228208,1,0,140,140,12.425,26.969,125,125,10,0,1149,125,9,7.08,0
ORBBS_606_7,ORBBS,ORBBS_606_72018,606,2018,1249292,228208,1,0,140,140,12.425,26.969,125,125,10,0,1150,125,9,7.1,0
ORBBS_606_7,ORBBS,ORBBS_606_72020,606,2020,1249292,228208,1,0,140,140,12.425,26.969,125,125,10,0,1151,125,9,7.16,0
ORBBS_606_7,ORBBS,ORBBS_606_71995,606,1995,1249292,228208,1,0,140,140,12.425,26.969,50,50,5,0,1152,50,4,5.48,0
ORBBS_606_7,ORBBS,ORBBS_606_71994,606,1994,1249292,228208,1,0,140,140,12.425,26.969,50,50,5,0,1153,50,4,5.13,0
ORBBS_606_7,ORBBS,ORBBS_606_71993,606,1993,1249292,228208,1,0,140,140,12.425,26.969,50,50,5,0,1154,50,4,0,1
ORBBS_606_7,ORBBS,ORBBS_606_71999,606,1999,1249292,228208,1,0,140,140,12.425,26.969,50,50,5,0,1155,50,4,6.46,0
ORBBS_606_7,ORBBS,ORBBS_606_72000,606,2000,1249292,228208,1,0,140,140,12.425,26.969,50,50,5,0,1156,50,4,6.5,0
ORBBS_606_7,ORBBS,ORBBS_606_71996,606,1996,1249292,228208,1,0,140,140,12.425,26.969,50,50,5,0,1157,50,4,5.78,0
ORBBS_606_7,ORBBS,ORBBS_606_71997,606,1997,1249292,228208,1,0,140,140,12.425,26.969,50,50,5,0,1158,50,4,6.15,0
ORBBS_606_7,ORBBS,ORBBS_606_71998,606,1998,1249292,228208,1,0,140,140,12.425,26.969,50,50,5,0,1159,50,4,6.32,0
ORBBS_609_4,ORBBS,ORBBS_609_42001,609,2001,1249296,226160,1,0,94,95,12.765,27.593,125,125,5,0,1160,125,9,1.955,1
ORBBS_609_4,ORBBS,ORBBS_609_42002,609,2002,1249296,226160,1,0,94,95,12.765,27.593,125,125,8,0,1161,125,9,4.81,0
ORBBS_609_4,ORBBS,ORBBS_609_42006,609,2006,1249296,226160,1,0,94,95,12.765,27.593,125,125,5,0,1162,125,9,0,1
ORBBS_609_4,ORBBS,ORBBS_609_42008,609,2008,1249296,226160,1,0,94,95,12.765,27.593,125,125,10,0,1163,125,9,4.29,0
ORBBS_609_4,ORBBS,ORBBS_609_42009,609,2009,1249296,226160,1,0,94,95,12.765,27.593,125,125,10,0,1164,125,9,6.83,0
ORBBS_609_4,ORBBS,ORBBS_609_42010,609,2010,1249296,226160,1,0,94,95,12.765,27.593,125,125,10,0,1165,125,9,4.89,0
ORBBS_609_4,ORBBS,ORBBS_609_42011,609,2011,1249296,226160,1,0,94,95,12.765,27.593,125,125,10,0,1166,125,9,5.33,0
ORBBS_609_4,ORBBS,ORBBS_609_42013,609,2013,1249296,226160,1,0,94,95,12.765,27.593,125,125,10,0,1167,125,9,5.76,0
ORBBS_609_4,ORBBS,ORBBS_609_42015,609,2015,1249296,226160,1,0,94,95,12.765,27.593,125,125,10,0,1168,125,9,6.1,0
ORBBS_609_4,ORBBS,ORBBS_609_42017,609,2017,1249296,226160,1,0,94,95,12.765,27.593,125,125,10,0,1169,125,9,6.41,0
ORBBS_609_4,ORBBS,ORBBS_609_42018,609,2018,1249296,226160,1,0,94,95,12.765,27.593,125,125,10,0,1170,125,9,6.45,0
ORBBS_609_4,ORBBS,ORBBS_609_42019,609,2019,1249296,226160,1,0,94,95,12.765,27.593,125,125,10,0,1171,125,9,6.54,0
ORBBS_609_4,ORBBS,ORBBS_609_41994,609,1994,1249296,226160,1,0,94,95,12.765,27.593,50,50,5,0,1172,50,4,4.195555556,1
ORBBS_609_4,ORBBS,ORBBS_609_41995,609,1995,1249296,226160,1,0,94,95,12.765,27.593,50,50,5,0,1173,50,4,1.64,1
ORBBS_609_4,ORBBS,ORBBS_609_41993,609,1993,1249296,226160,1,0,94,95,12.765,27.593,50,50,5,0,1174,50,4,0,1
ORBBS_609_4,ORBBS,ORBBS_609_41997,609,1997,1249296,226160,1,0,94,95,12.765,27.593,50,50,5,0,1175,50,4,5.82,0
ORBBS_609_4,ORBBS,ORBBS_609_41999,609,1999,1249296,226160,1,0,94,95,12.765,27.593,50,50,5,0,1176,50,4,3.95,0
ORBBS_609_4,ORBBS,ORBBS_609_42000,609,2000,1249296,226160,1,0,94,95,12.765,27.593,50,50,5,0,1177,50,4,0,1
ORBBS_609_4,ORBBS,ORBBS_609_41998,609,1998,1249296,226160,1,0,94,95,12.765,27.593,50,50,5,0,1178,50,4,1.58,1
ORBBS_609_4,ORBBS,ORBBS_609_41996,609,1996,1249296,226160,1,0,94,95,12.765,27.593,50,50,5,0,1179,50,4,0,1
ORBBS_609_3,ORBBS,ORBBS_609_32001,609,2001,1249423,226360,1,0,97,98,12.735,27.225,125,125,5,0,1180,125,9,1.955,1
ORBBS_609_3,ORBBS,ORBBS_609_32002,609,2002,1249423,226360,1,0,97,98,12.735,27.225,125,125,8,0,1181,125,9,4.81,0
ORBBS_609_3,ORBBS,ORBBS_609_32006,609,2006,1249423,226360,1,0,97,98,12.735,27.225,125,125,5,0,1182,125,9,0,1
ORBBS_609_3,ORBBS,ORBBS_609_32008,609,2008,1249423,226360,1,0,97,98,12.735,27.225,125,125,10,0,1183,125,9,4.29,0
ORBBS_609_3,ORBBS,ORBBS_609_32009,609,2009,1249423,226360,1,0,97,98,12.735,27.225,125,125,10,0,1184,125,9,6.83,0
ORBBS_609_3,ORBBS,ORBBS_609_32010,609,2010,1249423,226360,1,0,97,98,12.735,27.225,125,125,10,0,1185,125,9,4.89,0
ORBBS_609_3,ORBBS,ORBBS_609_32011,609,2011,1249423,226360,1,0,97,98,12.735,27.225,125,125,10,0,1186,125,9,5.33,0
ORBBS_609_3,ORBBS,ORBBS_609_32013,609,2013,1249423,226360,1,0,97,98,12.735,27.225,125,125,10,0,1187,125,9,5.76,0
ORBBS_609_3,ORBBS,ORBBS_609_32015,609,2015,1249423,226360,1,0,97,98,12.735,27.225,125,125,10,0,1188,125,9,6.1,0
ORBBS_609_3,ORBBS,ORBBS_609_32018,609,2018,1249423,226360,1,0,97,98,12.735,27.225,125,125,10,0,1189,125,9,6.45,0
ORBBS_609_3,ORBBS,ORBBS_609_32017,609,2017,1249423,226360,1,0,97,98,12.735,27.225,125,125,10,0,1190,125,9,6.41,0
ORBBS_609_3,ORBBS,ORBBS_609_32019,609,2019,1249423,226360,1,0,97,98,12.735,27.225,125,125,10,0,1191,125,9,6.54,0
ORBBS_609_3,ORBBS,ORBBS_609_31994,609,1994,1249423,226360,1,0,97,98,12.735,27.225,50,50,5,0,1192,50,4,4.195555556,1
ORBBS_609_3,ORBBS,ORBBS_609_31993,609,1993,1249423,226360,1,0,97,98,12.735,27.225,50,50,5,0,1193,50,4,0,1
ORBBS_609_3,ORBBS,ORBBS_609_31995,609,1995,1249423,226360,1,0,97,98,12.735,27.225,50,50,5,0,1194,50,4,1.64,1
ORBBS_609_3,ORBBS,ORBBS_609_31997,609,1997,1249423,226360,1,0,97,98,12.735,27.225,50,50,5,0,1195,50,4,5.82,0
ORBBS_609_3,ORBBS,ORBBS_609_31999,609,1999,1249423,226360,1,0,97,98,12.735,27.225,50,50,5,0,1196,50,4,3.95,0
ORBBS_609_3,ORBBS,ORBBS_609_32000,609,2000,1249423,226360,1,0,97,98,12.735,27.225,50,50,5,0,1197,50,4,0,1
ORBBS_609_3,ORBBS,ORBBS_609_31998,609,1998,1249423,226360,1,0,97,98,12.735,27.225,50,50,5,0,1198,50,4,1.58,1
ORBBS_609_3,ORBBS,ORBBS_609_31996,609,1996,1249423,226360,1,0,97,98,12.735,27.225,50,50,5,0,1199,50,4,0,1
ORBBS_609_2,ORBBS,ORBBS_609_22001,609,2001,1249585,226655,1,0,101,101,12.645,28.294,125,125,5,0,1200,125,9,1.955,1
ORBBS_609_2,ORBBS,ORBBS_609_22002,609,2002,1249585,226655,1,0,101,101,12.645,28.294,125,125,8,0,1201,125,9,4.81,0
ORBBS_609_2,ORBBS,ORBBS_609_22006,609,2006,1249585,226655,1,0,101,101,12.645,28.294,125,125,5,0,1202,125,9,0,1
ORBBS_609_2,ORBBS,ORBBS_609_22008,609,2008,1249585,226655,1,0,101,101,12.645,28.294,125,125,10,0,1203,125,9,4.29,0
ORBBS_609_2,ORBBS,ORBBS_609_22009,609,2009,1249585,226655,1,0,101,101,12.645,28.294,125,125,10,0,1204,125,9,6.83,0
ORBBS_609_2,ORBBS,ORBBS_609_22010,609,2010,1249585,226655,1,0,101,101,12.645,28.294,125,125,10,0,1205,125,9,4.89,0
ORBBS_609_2,ORBBS,ORBBS_609_22011,609,2011,1249585,226655,1,0,101,101,12.645,28.294,125,125,10,0,1206,125,9,5.33,0
ORBBS_609_2,ORBBS,ORBBS_609_22013,609,2013,1249585,226655,1,0,101,101,12.645,28.294,125,125,10,0,1207,125,9,5.76,0
ORBBS_609_2,ORBBS,ORBBS_609_22015,609,2015,1249585,226655,1,0,101,101,12.645,28.294,125,125,10,0,1208,125,9,6.1,0
ORBBS_609_2,ORBBS,ORBBS_609_22017,609,2017,1249585,226655,1,0,101,101,12.645,28.294,125,125,10,0,1209,125,9,6.41,0
ORBBS_609_2,ORBBS,ORBBS_609_22018,609,2018,1249585,226655,1,0,101,101,12.645,28.294,125,125,10,0,1210,125,9,6.45,0
ORBBS_609_2,ORBBS,ORBBS_609_22019,609,2019,1249585,226655,1,0,101,101,12.645,28.294,125,125,10,0,1211,125,9,6.54,0
ORBBS_609_2,ORBBS,ORBBS_609_21994,609,1994,1249585,226655,1,0,101,101,12.645,28.294,50,50,5,0,1212,50,4,4.195555556,1
ORBBS_609_2,ORBBS,ORBBS_609_21993,609,1993,1249585,226655,1,0,101,101,12.645,28.294,50,50,5,0,1213,50,4,0,1
ORBBS_609_2,ORBBS,ORBBS_609_21997,609,1997,1249585,226655,1,0,101,101,12.645,28.294,50,50,5,0,1214,50,4,5.82,0
ORBBS_609_2,ORBBS,ORBBS_609_21995,609,1995,1249585,226655,1,0,101,101,12.645,28.294,50,50,5,0,1215,50,4,1.64,1
ORBBS_609_2,ORBBS,ORBBS_609_21999,609,1999,1249585,226655,1,0,101,101,12.645,28.294,50,50,5,0,1216,50,4,3.95,0
ORBBS_609_2,ORBBS,ORBBS_609_21998,609,1998,1249585,226655,1,0,101,101,12.645,28.294,50,50,5,0,1217,50,4,1.58,1
ORBBS_609_2,ORBBS,ORBBS_609_22000,609,2000,1249585,226655,1,0,101,101,12.645,28.294,50,50,5,0,1218,50,4,0,1
ORBBS_609_2,ORBBS,ORBBS_609_21996,609,1996,1249585,226655,1,0,101,101,12.645,28.294,50,50,5,0,1219,50,4,0,1
ORBBS_606_5,ORBBS,ORBBS_606_52001,606,2001,1249597,227836,1,0,135,128,12.49,27.225,125,125,5,0,1220,125,9,3.91,0
ORBBS_606_5,ORBBS,ORBBS_606_52002,606,2002,1249597,227836,1,0,135,128,12.49,27.225,125,125,8,0,1221,125,9,4.81,0
ORBBS_606_5,ORBBS,ORBBS_606_52004,606,2004,1249597,227836,1,0,135,128,12.49,27.225,125,125,10,0,1222,125,9,6.61,0
ORBBS_606_5,ORBBS,ORBBS_606_52006,606,2006,1249597,227836,1,0,135,128,12.49,27.225,125,125,10,0,1223,125,9,6.71,0
ORBBS_606_5,ORBBS,ORBBS_606_52008,606,2008,1249597,227836,1,0,135,128,12.49,27.225,125,125,10,0,1224,125,9,6.76,0
ORBBS_606_5,ORBBS,ORBBS_606_52010,606,2010,1249597,227836,1,0,135,128,12.49,27.225,125,125,10,0,1225,125,9,6.87,0
ORBBS_606_5,ORBBS,ORBBS_606_52013,606,2013,1249597,227836,1,0,135,128,12.49,27.225,125,125,10,0,1226,125,9,6.99,0
ORBBS_606_5,ORBBS,ORBBS_606_52014,606,2014,1249597,227836,1,0,135,128,12.49,27.225,125,125,10,0,1227,125,9,7.03,0
ORBBS_606_5,ORBBS,ORBBS_606_52016,606,2016,1249597,227836,1,0,135,128,12.49,27.225,125,125,10,0,1228,125,9,7.08,0
ORBBS_606_5,ORBBS,ORBBS_606_52018,606,2018,1249597,227836,1,0,135,128,12.49,27.225,125,125,10,0,1229,125,9,7.1,0
ORBBS_606_5,ORBBS,ORBBS_606_52020,606,2020,1249597,227836,1,0,135,128,12.49,27.225,125,125,10,0,1230,125,9,7.16,0
ORBBS_606_5,ORBBS,ORBBS_606_51995,606,1995,1249597,227836,1,0,135,128,12.49,27.225,50,50,5,0,1231,50,4,5.48,0
ORBBS_606_5,ORBBS,ORBBS_606_51993,606,1993,1249597,227836,1,0,135,128,12.49,27.225,50,50,5,0,1232,50,4,0,1
ORBBS_606_5,ORBBS,ORBBS_606_51999,606,1999,1249597,227836,1,0,135,128,12.49,27.225,50,50,10,0,1233,50,4,6.46,0
ORBBS_606_5,ORBBS,ORBBS_606_51994,606,1994,1249597,227836,1,0,135,128,12.49,27.225,50,50,10,0,1234,50,4,5.13,0
ORBBS_606_5,ORBBS,ORBBS_606_52000,606,2000,1249597,227836,1,0,135,128,12.49,27.225,50,50,5,0,1235,50,4,6.5,0
ORBBS_606_5,ORBBS,ORBBS_606_51996,606,1996,1249597,227836,1,0,135,128,12.49,27.225,50,50,5,0,1236,50,4,5.78,0
ORBBS_606_5,ORBBS,ORBBS_606_51997,606,1997,1249597,227836,1,0,135,128,12.49,27.225,50,50,10,0,1237,50,4,6.15,0
ORBBS_606_5,ORBBS,ORBBS_606_51998,606,1998,1249597,227836,1,0,135,128,12.49,27.225,50,50,5,0,1238,50,4,6.32,0
ORBBS_609_9,ORBBS,ORBBS_609_92001,609,2001,1249606,225926,1,0,90,90,12.72,28.423,125,125,5,0,1239,125,9,1.955,1
ORBBS_609_9,ORBBS,ORBBS_609_92002,609,2002,1249606,225926,1,0,90,90,12.72,28.423,125,125,8,0,1240,125,9,4.81,0
ORBBS_609_9,ORBBS,ORBBS_609_92006,609,2006,1249606,225926,1,0,90,90,12.72,28.423,125,125,5,0,1241,125,9,0,1
ORBBS_609_9,ORBBS,ORBBS_609_92008,609,2008,1249606,225926,1,0,90,90,12.72,28.423,125,125,10,0,1242,125,9,4.29,0
ORBBS_609_9,ORBBS,ORBBS_609_92009,609,2009,1249606,225926,1,0,90,90,12.72,28.423,125,125,10,0,1243,125,9,6.83,0
ORBBS_609_9,ORBBS,ORBBS_609_92010,609,2010,1249606,225926,1,0,90,90,12.72,28.423,125,125,10,0,1244,125,9,4.89,0
ORBBS_609_9,ORBBS,ORBBS_609_92011,609,2011,1249606,225926,1,0,90,90,12.72,28.423,125,125,10,0,1245,125,9,5.33,0
ORBBS_609_9,ORBBS,ORBBS_609_92013,609,2013,1249606,225926,1,0,90,90,12.72,28.423,125,125,10,0,1246,125,9,5.76,0
ORBBS_609_9,ORBBS,ORBBS_609_92015,609,2015,1249606,225926,1,0,90,90,12.72,28.423,125,125,10,0,1247,125,9,6.1,0
ORBBS_609_9,ORBBS,ORBBS_609_92017,609,2017,1249606,225926,1,0,90,90,12.72,28.423,125,125,10,0,1248,125,9,6.41,0
ORBBS_609_9,ORBBS,ORBBS_609_92018,609,2018,1249606,225926,1,0,90,90,12.72,28.423,125,125,10,0,1249,125,9,6.45,0
ORBBS_609_9,ORBBS,ORBBS_609_92019,609,2019,1249606,225926,1,0,90,90,12.72,28.423,125,125,10,0,1250,125,9,6.54,0
ORBBS_609_9,ORBBS,ORBBS_609_91995,609,1995,1249606,225926,1,0,90,90,12.72,28.423,50,50,5,0,1251,50,4,1.64,1
ORBBS_609_9,ORBBS,ORBBS_609_91994,609,1994,1249606,225926,1,0,90,90,12.72,28.423,50,50,5,0,1252,50,4,4.195555556,1
ORBBS_609_9,ORBBS,ORBBS_609_91993,609,1993,1249606,225926,1,0,90,90,12.72,28.423,50,50,5,0,1253,50,4,0,1
ORBBS_609_9,ORBBS,ORBBS_609_91997,609,1997,1249606,225926,1,0,90,90,12.72,28.423,50,50,5,0,1254,50,4,5.82,0
ORBBS_609_9,ORBBS,ORBBS_609_91999,609,1999,1249606,225926,1,0,90,90,12.72,28.423,50,50,5,0,1255,50,4,3.95,0
ORBBS_609_9,ORBBS,ORBBS_609_92000,609,2000,1249606,225926,1,0,90,90,12.72,28.423,50,50,5,0,1256,50,4,0,1
ORBBS_609_9,ORBBS,ORBBS_609_91996,609,1996,1249606,225926,1,0,90,90,12.72,28.423,50,50,5,0,1257,50,4,0,1
ORBBS_609_9,ORBBS,ORBBS_609_91998,609,1998,1249606,225926,1,0,90,90,12.72,28.423,50,50,5,0,1258,50,4,1.58,1
ORBBS_609_13,ORBBS,ORBBS_609_132001,609,2001,1249697,226432,1,0,95,97,12.645,28.294,125,125,5,0,1259,125,9,1.955,1
ORBBS_609_13,ORBBS,ORBBS_609_132002,609,2002,1249697,226432,1,0,95,97,12.645,28.294,125,125,8,0,1260,125,9,4.81,0
ORBBS_609_13,ORBBS,ORBBS_609_132006,609,2006,1249697,226432,1,0,95,97,12.645,28.294,125,125,5,0,1261,125,9,0,1
ORBBS_609_13,ORBBS,ORBBS_609_132008,609,2008,1249697,226432,1,0,95,97,12.645,28.294,125,125,10,0,1262,125,9,4.29,0
ORBBS_609_13,ORBBS,ORBBS_609_132009,609,2009,1249697,226432,1,0,95,97,12.645,28.294,125,125,10,0,1263,125,9,6.83,0
ORBBS_609_13,ORBBS,ORBBS_609_132010,609,2010,1249697,226432,1,0,95,97,12.645,28.294,125,125,10,0,1264,125,9,4.89,0
ORBBS_609_13,ORBBS,ORBBS_609_132011,609,2011,1249697,226432,1,0,95,97,12.645,28.294,125,125,10,0,1265,125,9,5.33,0
ORBBS_609_13,ORBBS,ORBBS_609_132013,609,2013,1249697,226432,1,0,95,97,12.645,28.294,125,125,10,0,1266,125,9,5.76,0
ORBBS_609_13,ORBBS,ORBBS_609_132015,609,2015,1249697,226432,1,0,95,97,12.645,28.294,125,125,10,0,1267,125,9,6.1,0
ORBBS_609_13,ORBBS,ORBBS_609_132017,609,2017,1249697,226432,1,0,95,97,12.645,28.294,125,125,10,0,1268,125,9,6.41,0
ORBBS_609_13,ORBBS,ORBBS_609_132018,609,2018,1249697,226432,1,0,95,97,12.645,28.294,125,125,10,0,1269,125,9,6.45,0
ORBBS_609_13,ORBBS,ORBBS_609_132019,609,2019,1249697,226432,1,0,95,97,12.645,28.294,125,125,10,0,1270,125,9,6.54,0
ORBBS_609_13,ORBBS,ORBBS_609_131995,609,1995,1249697,226432,1,0,95,97,12.645,28.294,50,50,5,0,1271,50,4,1.64,1
ORBBS_609_13,ORBBS,ORBBS_609_131994,609,1994,1249697,226432,1,0,95,97,12.645,28.294,50,50,5,0,1272,50,4,4.195555556,1
ORBBS_609_13,ORBBS,ORBBS_609_131993,609,1993,1249697,226432,1,0,95,97,12.645,28.294,50,50,5,0,1273,50,4,0,1
ORBBS_609_13,ORBBS,ORBBS_609_131997,609,1997,1249697,226432,1,0,95,97,12.645,28.294,50,50,5,0,1274,50,4,5.82,0
ORBBS_609_13,ORBBS,ORBBS_609_132000,609,2000,1249697,226432,1,0,95,97,12.645,28.294,50,50,5,0,1275,50,4,0,1
ORBBS_609_13,ORBBS,ORBBS_609_131996,609,1996,1249697,226432,1,0,95,97,12.645,28.294,50,50,5,0,1276,50,4,0,1
ORBBS_609_13,ORBBS,ORBBS_609_131999,609,1999,1249697,226432,1,0,95,97,12.645,28.294,50,50,5,0,1277,50,4,3.95,0
ORBBS_609_13,ORBBS,ORBBS_609_131998,609,1998,1249697,226432,1,0,95,97,12.645,28.294,50,50,5,0,1278,50,4,1.58,1
ORBBS_606_4,ORBBS,ORBBS_606_42001,606,2001,1249741,227653,1,0,124,122,12.525,27.457,125,125,5,0,1279,125,9,3.91,0
ORBBS_606_4,ORBBS,ORBBS_606_42002,606,2002,1249741,227653,1,0,124,122,12.525,27.457,125,125,8,0,1280,125,9,4.81,0
ORBBS_606_4,ORBBS,ORBBS_606_42004,606,2004,1249741,227653,1,0,124,122,12.525,27.457,125,125,10,0,1281,125,9,6.61,0
ORBBS_606_4,ORBBS,ORBBS_606_42006,606,2006,1249741,227653,1,0,124,122,12.525,27.457,125,125,10,0,1282,125,9,6.71,0
ORBBS_606_4,ORBBS,ORBBS_606_42008,606,2008,1249741,227653,1,0,124,122,12.525,27.457,125,125,10,0,1283,125,9,6.76,0
ORBBS_606_4,ORBBS,ORBBS_606_42010,606,2010,1249741,227653,1,0,124,122,12.525,27.457,125,125,10,0,1284,125,9,6.87,0
ORBBS_606_4,ORBBS,ORBBS_606_42013,606,2013,1249741,227653,1,0,124,122,12.525,27.457,125,125,10,0,1285,125,9,6.99,0
ORBBS_606_4,ORBBS,ORBBS_606_42014,606,2014,1249741,227653,1,0,124,122,12.525,27.457,125,125,10,0,1286,125,9,7.03,0
ORBBS_606_4,ORBBS,ORBBS_606_42016,606,2016,1249741,227653,1,0,124,122,12.525,27.457,125,125,10,0,1287,125,9,7.08,0
ORBBS_606_4,ORBBS,ORBBS_606_42018,606,2018,1249741,227653,1,0,124,122,12.525,27.457,125,125,10,0,1288,125,9,7.1,0
ORBBS_606_4,ORBBS,ORBBS_606_42020,606,2020,1249741,227653,1,0,124,122,12.525,27.457,125,125,10,0,1289,125,9,7.16,0
ORBBS_606_4,ORBBS,ORBBS_606_41995,606,1995,1249741,227653,1,0,124,122,12.525,27.457,50,50,5,0,1290,50,4,5.48,0
ORBBS_606_4,ORBBS,ORBBS_606_41993,606,1993,1249741,227653,1,0,124,122,12.525,27.457,50,50,5,0,1291,50,4,0,1
ORBBS_606_4,ORBBS,ORBBS_606_41999,606,1999,1249741,227653,1,0,124,122,12.525,27.457,50,50,5,0,1292,50,4,6.46,0
ORBBS_606_4,ORBBS,ORBBS_606_42000,606,2000,1249741,227653,1,0,124,122,12.525,27.457,50,50,5,0,1293,50,4,6.5,0
ORBBS_606_4,ORBBS,ORBBS_606_41994,606,1994,1249741,227653,1,0,124,122,12.525,27.457,50,50,5,0,1294,50,4,5.13,0
ORBBS_606_4,ORBBS,ORBBS_606_41996,606,1996,1249741,227653,1,0,124,122,12.525,27.457,50,50,5,0,1295,50,4,5.78,0
ORBBS_606_4,ORBBS,ORBBS_606_41997,606,1997,1249741,227653,1,0,124,122,12.525,27.457,50,50,5,0,1296,50,4,6.15,0
ORBBS_606_4,ORBBS,ORBBS_606_41998,606,1998,1249741,227653,1,0,124,122,12.525,27.457,50,50,5,0,1297,50,4,6.32,0
ORBBS_609_12,ORBBS,ORBBS_609_122001,609,2001,1249829,226164,1,0,91,92,12.72,28.423,125,125,5,0,1298,125,9,1.955,1
ORBBS_609_12,ORBBS,ORBBS_609_122002,609,2002,1249829,226164,1,0,91,92,12.72,28.423,125,125,8,0,1299,125,9,4.81,0
ORBBS_609_12,ORBBS,ORBBS_609_122006,609,2006,1249829,226164,1,0,91,92,12.72,28.423,125,125,5,0,1300,125,9,0,1
ORBBS_609_12,ORBBS,ORBBS_609_122008,609,2008,1249829,226164,1,0,91,92,12.72,28.423,125,125,10,0,1301,125,9,4.29,0
ORBBS_609_12,ORBBS,ORBBS_609_122009,609,2009,1249829,226164,1,0,91,92,12.72,28.423,125,125,10,0,1302,125,9,6.83,0
ORBBS_609_12,ORBBS,ORBBS_609_122010,609,2010,1249829,226164,1,0,91,92,12.72,28.423,125,125,10,0,1303,125,9,4.89,0
ORBBS_609_12,ORBBS,ORBBS_609_122011,609,2011,1249829,226164,1,0,91,92,12.72,28.423,125,125,10,0,1304,125,9,5.33,0
ORBBS_609_12,ORBBS,ORBBS_609_122013,609,2013,1249829,226164,1,0,91,92,12.72,28.423,125,125,10,0,1305,125,9,5.76,0
ORBBS_609_12,ORBBS,ORBBS_609_122015,609,2015,1249829,226164,1,0,91,92,12.72,28.423,125,125,10,0,1306,125,9,6.1,0
ORBBS_609_12,ORBBS,ORBBS_609_122017,609,2017,1249829,226164,1,0,91,92,12.72,28.423,125,125,10,0,1307,125,9,6.41,0
ORBBS_609_12,ORBBS,ORBBS_609_122018,609,2018,1249829,226164,1,0,91,92,12.72,28.423,125,125,10,0,1308,125,9,6.45,0
ORBBS_609_12,ORBBS,ORBBS_609_122019,609,2019,1249829,226164,1,0,91,92,12.72,28.423,125,125,10,0,1309,125,9,6.54,0
ORBBS_609_12,ORBBS,ORBBS_609_121995,609,1995,1249829,226164,1,0,91,92,12.72,28.423,50,50,5,0,1310,50,4,1.64,1
ORBBS_609_12,ORBBS,ORBBS_609_121994,609,1994,1249829,226164,1,0,91,92,12.72,28.423,50,50,5,0,1311,50,4,4.195555556,1
ORBBS_609_12,ORBBS,ORBBS_609_121993,609,1993,1249829,226164,1,0,91,92,12.72,28.423,50,50,5,0,1312,50,4,0,1
ORBBS_609_12,ORBBS,ORBBS_609_121997,609,1997,1249829,226164,1,0,91,92,12.72,28.423,50,50,5,0,1313,50,4,5.82,0
ORBBS_609_12,ORBBS,ORBBS_609_122000,609,2000,1249829,226164,1,0,91,92,12.72,28.423,50,50,5,0,1314,50,4,0,1
ORBBS_609_12,ORBBS,ORBBS_609_121999,609,1999,1249829,226164,1,0,91,92,12.72,28.423,50,50,5,0,1315,50,4,3.95,0
ORBBS_609_12,ORBBS,ORBBS_609_121996,609,1996,1249829,226164,1,0,91,92,12.72,28.423,50,50,5,0,1316,50,4,0,1
ORBBS_609_12,ORBBS,ORBBS_609_121998,609,1998,1249829,226164,1,0,91,92,12.72,28.423,50,50,5,0,1317,50,4,1.58,1
ORBBS_606_3,ORBBS,ORBBS_606_32001,606,2001,1249837,227438,1,1,115,117,12.565,27.895,125,125,5,0,1318,125,9,3.91,0
ORBBS_606_3,ORBBS,ORBBS_606_32002,606,2002,1249837,227438,1,1,115,117,12.565,27.895,125,125,8,0,1319,125,9,4.81,0
ORBBS_606_3,ORBBS,ORBBS_606_32004,606,2004,1249837,227438,1,1,115,117,12.565,27.895,125,125,10,0,1320,125,9,6.61,0
ORBBS_606_3,ORBBS,ORBBS_606_32006,606,2006,1249837,227438,1,1,115,117,12.565,27.895,125,125,10,0,1321,125,9,6.71,0
ORBBS_606_3,ORBBS,ORBBS_606_32008,606,2008,1249837,227438,1,1,115,117,12.565,27.895,125,125,10,0,1322,125,9,6.76,0
ORBBS_606_3,ORBBS,ORBBS_606_32010,606,2010,1249837,227438,1,1,115,117,12.565,27.895,125,125,10,0,1323,125,9,6.87,0
ORBBS_606_3,ORBBS,ORBBS_606_32013,606,2013,1249837,227438,1,1,115,117,12.565,27.895,125,125,10,0,1324,125,9,6.99,0
ORBBS_606_3,ORBBS,ORBBS_606_32014,606,2014,1249837,227438,1,1,115,117,12.565,27.895,125,125,10,0,1325,125,9,7.03,0
ORBBS_606_3,ORBBS,ORBBS_606_32016,606,2016,1249837,227438,1,1,115,117,12.565,27.895,125,125,10,0,1326,125,9,7.08,0
ORBBS_606_3,ORBBS,ORBBS_606_32018,606,2018,1249837,227438,1,1,115,117,12.565,27.895,125,125,10,0,1327,125,9,7.1,0
ORBBS_606_3,ORBBS,ORBBS_606_32020,606,2020,1249837,227438,1,1,115,117,12.565,27.895,125,125,10,0,1328,125,9,7.16,0
ORBBS_606_3,ORBBS,ORBBS_606_31995,606,1995,1249837,227438,1,1,115,117,12.565,27.895,50,50,5,0,1329,50,4,5.48,0
ORBBS_606_3,ORBBS,ORBBS_606_31993,606,1993,1249837,227438,1,1,115,117,12.565,27.895,50,50,5,0,1330,50,4,0,1
ORBBS_606_3,ORBBS,ORBBS_606_31999,606,1999,1249837,227438,1,1,115,117,12.565,27.895,50,50,5,0,1331,50,4,6.46,0
ORBBS_606_3,ORBBS,ORBBS_606_32000,606,2000,1249837,227438,1,1,115,117,12.565,27.895,50,50,5,0,1332,50,4,6.5,0
ORBBS_606_3,ORBBS,ORBBS_606_31994,606,1994,1249837,227438,1,1,115,117,12.565,27.895,50,50,5,0,1333,50,4,5.13,0
ORBBS_606_3,ORBBS,ORBBS_606_31996,606,1996,1249837,227438,1,1,115,117,12.565,27.895,50,50,5,0,1334,50,4,5.78,0
ORBBS_606_3,ORBBS,ORBBS_606_31997,606,1997,1249837,227438,1,1,115,117,12.565,27.895,50,50,5,0,1335,50,4,6.15,0
ORBBS_606_3,ORBBS,ORBBS_606_31998,606,1998,1249837,227438,1,1,115,117,12.565,27.895,50,50,5,0,1336,50,4,6.32,0
ORBBS_609_1,ORBBS,ORBBS_609_12001,609,2001,1249857,226466,1,0,94,97,12.645,28.294,125,125,5,0,1337,125,9,1.955,1
ORBBS_609_1,ORBBS,ORBBS_609_12002,609,2002,1249857,226466,1,0,94,97,12.645,28.294,125,125,8,0,1338,125,9,4.81,0
ORBBS_609_1,ORBBS,ORBBS_609_12006,609,2006,1249857,226466,1,0,94,97,12.645,28.294,125,125,5,0,1339,125,9,0,1
ORBBS_609_1,ORBBS,ORBBS_609_12008,609,2008,1249857,226466,1,0,94,97,12.645,28.294,125,125,10,0,1340,125,9,4.29,0
ORBBS_609_1,ORBBS,ORBBS_609_12009,609,2009,1249857,226466,1,0,94,97,12.645,28.294,125,125,10,0,1341,125,9,6.83,0
ORBBS_609_1,ORBBS,ORBBS_609_12010,609,2010,1249857,226466,1,0,94,97,12.645,28.294,125,125,10,0,1342,125,9,4.89,0
ORBBS_609_1,ORBBS,ORBBS_609_12011,609,2011,1249857,226466,1,0,94,97,12.645,28.294,125,125,10,0,1343,125,9,5.33,0
ORBBS_609_1,ORBBS,ORBBS_609_12013,609,2013,1249857,226466,1,0,94,97,12.645,28.294,125,125,10,0,1344,125,9,5.76,0
ORBBS_609_1,ORBBS,ORBBS_609_12015,609,2015,1249857,226466,1,0,94,97,12.645,28.294,125,125,10,0,1345,125,9,6.1,0
ORBBS_609_1,ORBBS,ORBBS_609_12017,609,2017,1249857,226466,1,0,94,97,12.645,28.294,125,125,10,0,1346,125,9,6.41,0
ORBBS_609_1,ORBBS,ORBBS_609_12018,609,2018,1249857,226466,1,0,94,97,12.645,28.294,125,125,10,0,1347,125,9,6.45,0
ORBBS_609_1,ORBBS,ORBBS_609_12019,609,2019,1249857,226466,1,0,94,97,12.645,28.294,125,125,10,0,1348,125,9,6.54,0
ORBBS_609_1,ORBBS,ORBBS_609_11995,609,1995,1249857,226466,1,0,94,97,12.645,28.294,50,50,5,0,1349,50,4,1.64,1
ORBBS_609_1,ORBBS,ORBBS_609_11994,609,1994,1249857,226466,1,0,94,97,12.645,28.294,50,50,5,0,1350,50,4,4.195555556,1
ORBBS_609_1,ORBBS,ORBBS_609_11993,609,1993,1249857,226466,1,0,94,97,12.645,28.294,50,50,5,0,1351,50,4,0,1
ORBBS_609_1,ORBBS,ORBBS_609_11997,609,1997,1249857,226466,1,0,94,97,12.645,28.294,50,50,5,0,1352,50,4,5.82,0
ORBBS_609_1,ORBBS,ORBBS_609_11999,609,1999,1249857,226466,1,0,94,97,12.645,28.294,50,50,10,0,1353,50,4,3.95,0
ORBBS_609_1,ORBBS,ORBBS_609_11998,609,1998,1249857,226466,1,0,94,97,12.645,28.294,50,50,5,0,1354,50,4,1.58,1
ORBBS_609_1,ORBBS,ORBBS_609_12000,609,2000,1249857,226466,1,0,94,97,12.645,28.294,50,50,5,0,1355,50,4,0,1
ORBBS_609_1,ORBBS,ORBBS_609_11996,609,1996,1249857,226466,1,0,94,97,12.645,28.294,50,50,5,0,1356,50,4,0,1
ORBBS_606_2,ORBBS,ORBBS_606_22001,606,2001,1249857,227183,1,1,109,111,12.565,27.895,125,125,5,0,1357,125,9,3.91,0
ORBBS_606_2,ORBBS,ORBBS_606_22002,606,2002,1249857,227183,1,1,109,111,12.565,27.895,125,125,8,0,1358,125,9,4.81,0
ORBBS_606_2,ORBBS,ORBBS_606_22004,606,2004,1249857,227183,1,1,109,111,12.565,27.895,125,125,10,0,1359,125,9,6.61,0
ORBBS_606_2,ORBBS,ORBBS_606_22006,606,2006,1249857,227183,1,1,109,111,12.565,27.895,125,125,10,0,1360,125,9,6.71,0
ORBBS_606_2,ORBBS,ORBBS_606_22008,606,2008,1249857,227183,1,1,109,111,12.565,27.895,125,125,10,0,1361,125,9,6.76,0
ORBBS_606_2,ORBBS,ORBBS_606_22010,606,2010,1249857,227183,1,1,109,111,12.565,27.895,125,125,10,0,1362,125,9,6.87,0
ORBBS_606_2,ORBBS,ORBBS_606_22013,606,2013,1249857,227183,1,1,109,111,12.565,27.895,125,125,10,0,1363,125,9,6.99,0
ORBBS_606_2,ORBBS,ORBBS_606_22014,606,2014,1249857,227183,1,1,109,111,12.565,27.895,125,125,10,0,1364,125,9,7.03,0
ORBBS_606_2,ORBBS,ORBBS_606_22016,606,2016,1249857,227183,1,1,109,111,12.565,27.895,125,125,10,0,1365,125,9,7.08,0
ORBBS_606_2,ORBBS,ORBBS_606_22018,606,2018,1249857,227183,1,1,109,111,12.565,27.895,125,125,10,0,1366,125,9,7.1,0
ORBBS_606_2,ORBBS,ORBBS_606_22020,606,2020,1249857,227183,1,1,109,111,12.565,27.895,125,125,10,0,1367,125,9,7.16,0
ORBBS_606_2,ORBBS,ORBBS_606_21995,606,1995,1249857,227183,1,1,109,111,12.565,27.895,50,50,5,0,1368,50,4,5.48,0
ORBBS_606_2,ORBBS,ORBBS_606_21993,606,1993,1249857,227183,1,1,109,111,12.565,27.895,50,50,5,0,1369,50,4,0,1
ORBBS_606_2,ORBBS,ORBBS_606_21999,606,1999,1249857,227183,1,1,109,111,12.565,27.895,50,50,5,0,1370,50,4,6.46,0
ORBBS_606_2,ORBBS,ORBBS_606_21996,606,1996,1249857,227183,1,1,109,111,12.565,27.895,50,50,5,0,1371,50,4,5.78,0
ORBBS_606_2,ORBBS,ORBBS_606_22000,606,2000,1249857,227183,1,1,109,111,12.565,27.895,50,50,5,0,1372,50,4,6.5,0
ORBBS_606_2,ORBBS,ORBBS_606_21994,606,1994,1249857,227183,1,1,109,111,12.565,27.895,50,50,5,0,1373,50,4,5.13,0
ORBBS_606_2,ORBBS,ORBBS_606_21997,606,1997,1249857,227183,1,1,109,111,12.565,27.895,50,50,5,0,1374,50,4,6.15,0
ORBBS_606_2,ORBBS,ORBBS_606_21998,606,1998,1249857,227183,1,1,109,111,12.565,27.895,50,50,5,0,1375,50,4,6.32,0
ORBBS_609_10,ORBBS,ORBBS_609_102001,609,2001,1249861,225877,0,0,87,88,12.72,28.423,125,125,5,0,1376,125,9,1.955,1
ORBBS_609_10,ORBBS,ORBBS_609_102002,609,2002,1249861,225877,0,0,87,88,12.72,28.423,125,125,8,0,1377,125,9,4.81,0
ORBBS_609_10,ORBBS,ORBBS_609_102006,609,2006,1249861,225877,0,0,87,88,12.72,28.423,125,125,5,0,1378,125,9,0,1
ORBBS_609_10,ORBBS,ORBBS_609_102008,609,2008,1249861,225877,0,0,87,88,12.72,28.423,125,125,10,0,1379,125,9,4.29,0
ORBBS_609_10,ORBBS,ORBBS_609_102009,609,2009,1249861,225877,0,0,87,88,12.72,28.423,125,125,10,0,1380,125,9,6.83,0
ORBBS_609_10,ORBBS,ORBBS_609_102010,609,2010,1249861,225877,0,0,87,88,12.72,28.423,125,125,10,0,1381,125,9,4.89,0
ORBBS_609_10,ORBBS,ORBBS_609_102011,609,2011,1249861,225877,0,0,87,88,12.72,28.423,125,125,10,0,1382,125,9,5.33,0
ORBBS_609_10,ORBBS,ORBBS_609_102013,609,2013,1249861,225877,0,0,87,88,12.72,28.423,125,125,10,0,1383,125,9,5.76,0
ORBBS_609_10,ORBBS,ORBBS_609_102015,609,2015,1249861,225877,0,0,87,88,12.72,28.423,125,125,10,0,1384,125,9,6.1,0
ORBBS_609_10,ORBBS,ORBBS_609_102017,609,2017,1249861,225877,0,0,87,88,12.72,28.423,125,125,10,0,1385,125,9,6.41,0
ORBBS_609_10,ORBBS,ORBBS_609_102018,609,2018,1249861,225877,0,0,87,88,12.72,28.423,125,125,10,0,1386,125,9,6.45,0
ORBBS_609_10,ORBBS,ORBBS_609_102019,609,2019,1249861,225877,0,0,87,88,12.72,28.423,125,125,10,0,1387,125,9,6.54,0
ORBBS_609_10,ORBBS,ORBBS_609_101995,609,1995,1249861,225877,0,0,87,88,12.72,28.423,50,50,5,0,1388,50,4,1.64,1
ORBBS_609_10,ORBBS,ORBBS_609_101994,609,1994,1249861,225877,0,0,87,88,12.72,28.423,50,50,5,0,1389,50,4,4.195555556,1
ORBBS_609_10,ORBBS,ORBBS_609_101993,609,1993,1249861,225877,0,0,87,88,12.72,28.423,50,50,5,0,1390,50,4,0,1
ORBBS_609_10,ORBBS,ORBBS_609_101997,609,1997,1249861,225877,0,0,87,88,12.72,28.423,50,50,5,0,1391,50,4,5.82,0
ORBBS_609_10,ORBBS,ORBBS_609_102000,609,2000,1249861,225877,0,0,87,88,12.72,28.423,50,50,5,0,1392,50,4,0,1
ORBBS_609_10,ORBBS,ORBBS_609_101999,609,1999,1249861,225877,0,0,87,88,12.72,28.423,50,50,5,0,1393,50,4,3.95,0
ORBBS_609_10,ORBBS,ORBBS_609_101996,609,1996,1249861,225877,0,0,87,88,12.72,28.423,50,50,5,0,1394,50,4,0,1
ORBBS_609_10,ORBBS,ORBBS_609_101998,609,1998,1249861,225877,0,0,87,88,12.72,28.423,50,50,5,0,1395,50,4,1.58,1
ORBBS_609_11,ORBBS,ORBBS_609_112001,609,2001,1250019,225760,0,0,85,86,12.72,28.423,125,125,5,0,1396,125,9,1.955,1
ORBBS_609_11,ORBBS,ORBBS_609_112002,609,2002,1250019,225760,0,0,85,86,12.72,28.423,125,125,8,0,1397,125,9,4.81,0
ORBBS_609_11,ORBBS,ORBBS_609_112006,609,2006,1250019,225760,0,0,85,86,12.72,28.423,125,125,5,0,1398,125,9,0,1
ORBBS_609_11,ORBBS,ORBBS_609_112008,609,2008,1250019,225760,0,0,85,86,12.72,28.423,125,125,10,0,1399,125,9,4.29,0
ORBBS_609_11,ORBBS,ORBBS_609_112009,609,2009,1250019,225760,0,0,85,86,12.72,28.423,125,125,10,0,1400,125,9,6.83,0
ORBBS_609_11,ORBBS,ORBBS_609_112010,609,2010,1250019,225760,0,0,85,86,12.72,28.423,125,125,10,0,1401,125,9,4.89,0
ORBBS_609_11,ORBBS,ORBBS_609_112011,609,2011,1250019,225760,0,0,85,86,12.72,28.423,125,125,10,0,1402,125,9,5.33,0
ORBBS_609_11,ORBBS,ORBBS_609_112013,609,2013,1250019,225760,0,0,85,86,12.72,28.423,125,125,10,0,1403,125,9,5.76,0
ORBBS_609_11,ORBBS,ORBBS_609_112015,609,2015,1250019,225760,0,0,85,86,12.72,28.423,125,125,10,0,1404,125,9,6.1,0
ORBBS_609_11,ORBBS,ORBBS_609_112017,609,2017,1250019,225760,0,0,85,86,12.72,28.423,125,125,10,0,1405,125,9,6.41,0
ORBBS_609_11,ORBBS,ORBBS_609_112018,609,2018,1250019,225760,0,0,85,86,12.72,28.423,125,125,10,0,1406,125,9,6.45,0
ORBBS_609_11,ORBBS,ORBBS_609_112019,609,2019,1250019,225760,0,0,85,86,12.72,28.423,125,125,10,0,1407,125,9,6.54,0
ORBBS_609_11,ORBBS,ORBBS_609_111995,609,1995,1250019,225760,0,0,85,86,12.72,28.423,50,50,5,0,1408,50,4,1.64,1
ORBBS_609_11,ORBBS,ORBBS_609_111994,609,1994,1250019,225760,0,0,85,86,12.72,28.423,50,50,5,0,1409,50,4,4.195555556,1
ORBBS_609_11,ORBBS,ORBBS_609_111993,609,1993,1250019,225760,0,0,85,86,12.72,28.423,50,50,5,0,1410,50,4,0,1
ORBBS_609_11,ORBBS,ORBBS_609_111997,609,1997,1250019,225760,0,0,85,86,12.72,28.423,50,50,5,0,1411,50,4,5.82,0
ORBBS_609_11,ORBBS,ORBBS_609_112000,609,2000,1250019,225760,0,0,85,86,12.72,28.423,50,50,5,0,1412,50,4,0,1
ORBBS_609_11,ORBBS,ORBBS_609_111999,609,1999,1250019,225760,0,0,85,86,12.72,28.423,50,50,5,0,1413,50,4,3.95,0
ORBBS_609_11,ORBBS,ORBBS_609_111996,609,1996,1250019,225760,0,0,85,86,12.72,28.423,50,50,5,0,1414,50,4,0,1
ORBBS_609_11,ORBBS,ORBBS_609_111998,609,1998,1250019,225760,0,0,85,86,12.72,28.423,50,50,5,0,1415,50,4,1.58,1
ORBBS_606_1,ORBBS,ORBBS_606_12001,606,2001,1250090,227058,1,1,102,107,12.615,27.913,125,125,5,0,1416,125,9,3.91,0
ORBBS_606_1,ORBBS,ORBBS_606_12002,606,2002,1250090,227058,1,1,102,107,12.615,27.913,125,125,8,0,1417,125,9,4.81,0
ORBBS_606_1,ORBBS,ORBBS_606_12004,606,2004,1250090,227058,1,1,102,107,12.615,27.913,125,125,10,0,1418,125,9,6.61,0
ORBBS_606_1,ORBBS,ORBBS_606_12006,606,2006,1250090,227058,1,1,102,107,12.615,27.913,125,125,10,0,1419,125,9,6.71,0
ORBBS_606_1,ORBBS,ORBBS_606_12008,606,2008,1250090,227058,1,1,102,107,12.615,27.913,125,125,10,0,1420,125,9,6.76,0
ORBBS_606_1,ORBBS,ORBBS_606_12010,606,2010,1250090,227058,1,1,102,107,12.615,27.913,125,125,10,0,1421,125,9,6.87,0
ORBBS_606_1,ORBBS,ORBBS_606_12013,606,2013,1250090,227058,1,1,102,107,12.615,27.913,125,125,10,0,1422,125,9,6.99,0
ORBBS_606_1,ORBBS,ORBBS_606_12014,606,2014,1250090,227058,1,1,102,107,12.615,27.913,125,125,10,0,1423,125,9,7.03,0
ORBBS_606_1,ORBBS,ORBBS_606_12016,606,2016,1250090,227058,1,1,102,107,12.615,27.913,125,125,10,0,1424,125,9,7.08,0
ORBBS_606_1,ORBBS,ORBBS_606_12018,606,2018,1250090,227058,1,1,102,107,12.615,27.913,125,125,10,0,1425,125,9,7.1,0
ORBBS_606_1,ORBBS,ORBBS_606_12020,606,2020,1250090,227058,1,1,102,107,12.615,27.913,125,125,10,0,1426,125,9,7.16,0
ORBBS_606_1,ORBBS,ORBBS_606_11993,606,1993,1250090,227058,1,1,102,107,12.615,27.913,50,50,5,0,1427,50,4,0,1
ORBBS_606_1,ORBBS,ORBBS_606_11995,606,1995,1250090,227058,1,1,102,107,12.615,27.913,50,50,5,0,1428,50,4,5.48,0
ORBBS_606_1,ORBBS,ORBBS_606_11998,606,1998,1250090,227058,1,1,102,107,12.615,27.913,50,50,5,0,1429,50,4,6.32,0
ORBBS_606_1,ORBBS,ORBBS_606_11999,606,1999,1250090,227058,1,1,102,107,12.615,27.913,50,50,5,0,1430,50,4,6.46,0
ORBBS_606_1,ORBBS,ORBBS_606_12000,606,2000,1250090,227058,1,1,102,107,12.615,27.913,50,50,5,0,1431,50,4,6.5,0
ORBBS_606_1,ORBBS,ORBBS_606_11996,606,1996,1250090,227058,1,1,102,107,12.615,27.913,50,50,5,0,1432,50,4,5.78,0
ORBBS_606_1,ORBBS,ORBBS_606_11997,606,1997,1250090,227058,1,1,102,107,12.615,27.913,50,50,5,0,1433,50,4,6.15,0
ORBBS_606_1,ORBBS,ORBBS_606_11994,606,1994,1250090,227058,1,1,102,107,12.615,27.913,50,50,5,0,1434,50,4,5.13,0
ORBBS_603_1,ORBBS,ORBBS_603_12001,603,2001,1252671,223925,1,1,57,60,13.02,26.747,125,125,5,0,1435,125,9,6.18,0
ORBBS_603_1,ORBBS,ORBBS_603_12002,603,2002,1252671,223925,1,1,57,60,13.02,26.747,125,125,8,0,1436,125,9,4.81,0
ORBBS_603_1,ORBBS,ORBBS_603_12004,603,2004,1252671,223925,1,1,57,60,13.02,26.747,125,125,10,0,1437,125,9,6.61,0
ORBBS_603_1,ORBBS,ORBBS_603_12011,603,2011,1252671,223925,1,1,57,60,13.02,26.747,125,125,10,0,1438,125,9,5.33,0
ORBBS_603_1,ORBBS,ORBBS_603_12013,603,2013,1252671,223925,1,1,57,60,13.02,26.747,125,125,10,0,1439,125,9,5.76,0
ORBBS_603_1,ORBBS,ORBBS_603_12014,603,2014,1252671,223925,1,1,57,60,13.02,26.747,125,125,10,0,1440,125,9,5.96,0
ORBBS_603_1,ORBBS,ORBBS_603_12016,603,2016,1252671,223925,1,1,57,60,13.02,26.747,125,125,10,0,1441,125,9,6.23,0
ORBBS_603_1,ORBBS,ORBBS_603_12018,603,2018,1252671,223925,1,1,57,60,13.02,26.747,125,125,10,0,1442,125,9,6.45,0
ORBBS_603_1,ORBBS,ORBBS_603_12007,603,2007,1252671,223925,1,1,57,60,13.02,26.747,50,50,5,0,1443,50,4,6.48,0
ORBBS_603_1,ORBBS,ORBBS_603_12003,603,2003,1252671,223925,1,1,57,60,13.02,26.747,50,50,5,0,1444,50,4,6.25,0
ORBBS_603_1,ORBBS,ORBBS_603_12000,603,2000,1252671,223925,1,1,57,60,13.02,26.747,50,50,5,0,1445,50,4,6.5,0
ORBBS_603_1,ORBBS,ORBBS_603_11994,603,1994,1252671,223925,1,1,57,60,13.02,26.747,50,50,5,0,1446,50,4,4.18125,1
ORBBS_603_1,ORBBS,ORBBS_603_11995,603,1995,1252671,223925,1,1,57,60,13.02,26.747,50,50,5,0,1447,50,4,2.83,1
ORBBS_603_1,ORBBS,ORBBS_603_11996,603,1996,1252671,223925,1,1,57,60,13.02,26.747,50,50,5,0,1448,50,4,5.792857143,0
ORBBS_603_1,ORBBS,ORBBS_603_12005,603,2005,1252671,223925,1,1,57,60,13.02,26.747,50,50,5,0,1449,50,4,6.36,0
ORBBS_603_1,ORBBS,ORBBS_603_11997,603,1997,1252671,223925,1,1,57,60,13.02,26.747,50,50,5,0,1450,50,4,5.82,0
ORBBS_603_1,ORBBS,ORBBS_603_12009,603,2009,1252671,223925,1,1,57,60,13.02,26.747,50,50,10,0,1451,50,4,6.58,0
ORBBS_603_1,ORBBS,ORBBS_603_12008,603,2008,1252671,223925,1,1,57,60,13.02,26.747,50,50,5,0,1452,50,4,6.53,0
ORBBS_603_1,ORBBS,ORBBS_603_11998,603,1998,1252671,223925,1,1,57,60,13.02,26.747,50,50,5,0,1453,50,4,0,1
ORBBS_603_1,ORBBS,ORBBS_603_12012,603,2012,1252671,223925,1,1,57,60,13.02,26.747,50,50,5,0,1454,50,4,6.63,0
ORBBS_603_1,ORBBS,ORBBS_603_12006,603,2006,1252671,223925,1,1,57,60,13.02,26.747,50,50,5,0,1455,50,4,6.44,0
ORBBS_603_1,ORBBS,ORBBS_603_11999,603,1999,1252671,223925,1,1,57,60,13.02,26.747,50,50,5,0,1456,50,4,6.07,0
ORBBS_603_1,ORBBS,ORBBS_603_11993,603,1993,1252671,223925,1,1,57,60,13.02,26.747,50,50,5,0,1457,50,4,0,1
ORBBS_603_1,ORBBS,ORBBS_603_12010,603,2010,1252671,223925,1,1,57,60,13.02,26.747,50,50,5,0,1458,50,4,6.61,0
ORBBS_603_2,ORBBS,ORBBS_603_22001,603,2001,1252938,224085,1,1,59,60,13.02,26.747,125,125,5,0,1459,125,9,6.18,0
ORBBS_603_2,ORBBS,ORBBS_603_22002,603,2002,1252938,224085,1,1,59,60,13.02,26.747,125,125,8,0,1460,125,9,4.81,0
ORBBS_603_2,ORBBS,ORBBS_603_22004,603,2004,1252938,224085,1,1,59,60,13.02,26.747,125,125,10,0,1461,125,9,6.61,0
ORBBS_603_2,ORBBS,ORBBS_603_22011,603,2011,1252938,224085,1,1,59,60,13.02,26.747,125,125,10,0,1462,125,9,5.33,0
ORBBS_603_2,ORBBS,ORBBS_603_22013,603,2013,1252938,224085,1,1,59,60,13.02,26.747,125,125,10,0,1463,125,9,5.76,0
ORBBS_603_2,ORBBS,ORBBS_603_22014,603,2014,1252938,224085,1,1,59,60,13.02,26.747,125,125,10,0,1464,125,9,5.96,0
ORBBS_603_2,ORBBS,ORBBS_603_22016,603,2016,1252938,224085,1,1,59,60,13.02,26.747,125,125,10,0,1465,125,9,6.23,0
ORBBS_603_2,ORBBS,ORBBS_603_22018,603,2018,1252938,224085,1,1,59,60,13.02,26.747,125,125,10,0,1466,125,9,6.45,0
ORBBS_603_2,ORBBS,ORBBS_603_22003,603,2003,1252938,224085,1,1,59,60,13.02,26.747,50,50,5,0,1467,50,4,6.25,0
ORBBS_603_2,ORBBS,ORBBS_603_22007,603,2007,1252938,224085,1,1,59,60,13.02,26.747,50,50,5,0,1468,50,4,6.48,0
ORBBS_603_2,ORBBS,ORBBS_603_21994,603,1994,1252938,224085,1,1,59,60,13.02,26.747,50,50,5,0,1469,50,4,4.18125,1
ORBBS_603_2,ORBBS,ORBBS_603_21995,603,1995,1252938,224085,1,1,59,60,13.02,26.747,50,50,5,0,1470,50,4,2.83,1
ORBBS_603_2,ORBBS,ORBBS_603_22005,603,2005,1252938,224085,1,1,59,60,13.02,26.747,50,50,5,0,1471,50,4,6.36,0
ORBBS_603_2,ORBBS,ORBBS_603_21996,603,1996,1252938,224085,1,1,59,60,13.02,26.747,50,50,5,0,1472,50,4,5.792857143,0
ORBBS_603_2,ORBBS,ORBBS_603_22008,603,2008,1252938,224085,1,1,59,60,13.02,26.747,50,50,5,0,1473,50,4,6.53,0
ORBBS_603_2,ORBBS,ORBBS_603_21997,603,1997,1252938,224085,1,1,59,60,13.02,26.747,50,50,5,0,1474,50,4,5.82,0
ORBBS_603_2,ORBBS,ORBBS_603_22009,603,2009,1252938,224085,1,1,59,60,13.02,26.747,50,50,10,0,1475,50,4,6.58,0
ORBBS_603_2,ORBBS,ORBBS_603_22000,603,2000,1252938,224085,1,1,59,60,13.02,26.747,50,50,5,0,1476,50,4,6.5,0
ORBBS_603_2,ORBBS,ORBBS_603_22012,603,2012,1252938,224085,1,1,59,60,13.02,26.747,50,50,5,0,1477,50,4,6.63,0
ORBBS_603_2,ORBBS,ORBBS_603_22006,603,2006,1252938,224085,1,1,59,60,13.02,26.747,50,50,5,0,1478,50,4,6.44,0
ORBBS_603_2,ORBBS,ORBBS_603_21993,603,1993,1252938,224085,1,1,59,60,13.02,26.747,50,50,5,0,1479,50,4,0,1
ORBBS_603_2,ORBBS,ORBBS_603_21999,603,1999,1252938,224085,1,1,59,60,13.02,26.747,50,50,5,0,1480,50,4,6.07,0
ORBBS_603_2,ORBBS,ORBBS_603_21998,603,1998,1252938,224085,1,1,59,60,13.02,26.747,50,50,5,0,1481,50,4,0,1
ORBBS_603_2,ORBBS,ORBBS_603_22010,603,2010,1252938,224085,1,1,59,60,13.02,26.747,50,50,5,0,1482,50,4,6.61,0
ORBBS_603_3,ORBBS,ORBBS_603_32001,603,2001,1253195,224108,1,1,59,59,13.075,26.811,125,125,5,0,1483,125,9,6.18,0
ORBBS_603_3,ORBBS,ORBBS_603_32002,603,2002,1253195,224108,1,1,59,59,13.075,26.811,125,125,8,0,1484,125,9,4.81,0
ORBBS_603_3,ORBBS,ORBBS_603_32004,603,2004,1253195,224108,1,1,59,59,13.075,26.811,125,125,10,0,1485,125,9,6.61,0
ORBBS_603_3,ORBBS,ORBBS_603_32011,603,2011,1253195,224108,1,1,59,59,13.075,26.811,125,125,10,0,1486,125,9,5.33,0
ORBBS_603_3,ORBBS,ORBBS_603_32013,603,2013,1253195,224108,1,1,59,59,13.075,26.811,125,125,10,0,1487,125,9,5.76,0
ORBBS_603_3,ORBBS,ORBBS_603_32014,603,2014,1253195,224108,1,1,59,59,13.075,26.811,125,125,10,0,1488,125,9,5.96,0
ORBBS_603_3,ORBBS,ORBBS_603_32016,603,2016,1253195,224108,1,1,59,59,13.075,26.811,125,125,10,0,1489,125,9,6.23,0
ORBBS_603_3,ORBBS,ORBBS_603_32018,603,2018,1253195,224108,1,1,59,59,13.075,26.811,125,125,10,0,1490,125,9,6.45,0
ORBBS_603_3,ORBBS,ORBBS_603_32007,603,2007,1253195,224108,1,1,59,59,13.075,26.811,50,50,5,0,1491,50,4,6.48,0
ORBBS_603_3,ORBBS,ORBBS_603_32003,603,2003,1253195,224108,1,1,59,59,13.075,26.811,50,50,5,0,1492,50,4,6.25,0
ORBBS_603_3,ORBBS,ORBBS_603_31995,603,1995,1253195,224108,1,1,59,59,13.075,26.811,50,50,5,0,1493,50,4,2.83,1
ORBBS_603_3,ORBBS,ORBBS_603_31994,603,1994,1253195,224108,1,1,59,59,13.075,26.811,50,50,5,0,1494,50,4,4.18125,1
ORBBS_603_3,ORBBS,ORBBS_603_31997,603,1997,1253195,224108,1,1,59,59,13.075,26.811,50,50,5,0,1495,50,4,5.82,0
ORBBS_603_3,ORBBS,ORBBS_603_32005,603,2005,1253195,224108,1,1,59,59,13.075,26.811,50,50,5,0,1496,50,4,6.36,0
ORBBS_603_3,ORBBS,ORBBS_603_31996,603,1996,1253195,224108,1,1,59,59,13.075,26.811,50,50,5,0,1497,50,4,5.792857143,0
ORBBS_603_3,ORBBS,ORBBS_603_32008,603,2008,1253195,224108,1,1,59,59,13.075,26.811,50,50,5,0,1498,50,4,6.53,0
ORBBS_603_3,ORBBS,ORBBS_603_32009,603,2009,1253195,224108,1,1,59,59,13.075,26.811,50,50,5,0,1499,50,4,6.58,0
ORBBS_603_3,ORBBS,ORBBS_603_31993,603,1993,1253195,224108,1,1,59,59,13.075,26.811,50,50,5,0,1500,50,4,0,1
ORBBS_603_3,ORBBS,ORBBS_603_32012,603,2012,1253195,224108,1,1,59,59,13.075,26.811,50,50,5,0,1501,50,4,6.63,0
ORBBS_603_3,ORBBS,ORBBS_603_32006,603,2006,1253195,224108,1,1,59,59,13.075,26.811,50,50,5,0,1502,50,4,6.44,0
ORBBS_603_3,ORBBS,ORBBS_603_32000,603,2000,1253195,224108,1,1,59,59,13.075,26.811,50,50,5,0,1503,50,4,6.5,0
ORBBS_603_3,ORBBS,ORBBS_603_32010,603,2010,1253195,224108,1,1,59,59,13.075,26.811,50,50,10,0,1504,50,4,6.61,0
ORBBS_603_3,ORBBS,ORBBS_603_31998,603,1998,1253195,224108,1,1,59,59,13.075,26.811,50,50,5,0,1505,50,4,0,1
ORBBS_603_3,ORBBS,ORBBS_603_31999,603,1999,1253195,224108,1,1,59,59,13.075,26.811,50,50,5,0,1506,50,4,6.07,0
ORBBS_603_5,ORBBS,ORBBS_603_52001,603,2001,1253474,223202,1,1,47,49,13.1395,24.618,125,125,5,0,1507,125,9,6.18,0
ORBBS_603_5,ORBBS,ORBBS_603_52002,603,2002,1253474,223202,1,1,47,49,13.1395,24.618,125,125,8,0,1508,125,9,4.81,0
ORBBS_603_5,ORBBS,ORBBS_603_52004,603,2004,1253474,223202,1,1,47,49,13.1395,24.618,125,125,10,0,1509,125,9,6.61,0
ORBBS_603_5,ORBBS,ORBBS_603_52011,603,2011,1253474,223202,1,1,47,49,13.1395,24.618,125,125,10,0,1510,125,9,5.33,0
ORBBS_603_5,ORBBS,ORBBS_603_52013,603,2013,1253474,223202,1,1,47,49,13.1395,24.618,125,125,10,0,1511,125,9,5.76,0
ORBBS_603_5,ORBBS,ORBBS_603_52014,603,2014,1253474,223202,1,1,47,49,13.1395,24.618,125,125,10,0,1512,125,9,5.96,0
ORBBS_603_5,ORBBS,ORBBS_603_52016,603,2016,1253474,223202,1,1,47,49,13.1395,24.618,125,125,10,0,1513,125,9,6.23,0
ORBBS_603_5,ORBBS,ORBBS_603_52018,603,2018,1253474,223202,1,1,47,49,13.1395,24.618,125,125,10,0,1514,125,9,6.45,0
ORBBS_603_5,ORBBS,ORBBS_603_51996,603,1996,1253474,223202,1,1,47,49,13.1395,24.618,50,50,5,0,1515,50,4,5.792857143,0
ORBBS_603_5,ORBBS,ORBBS_603_52003,603,2003,1253474,223202,1,1,47,49,13.1395,24.618,50,50,5,0,1516,50,4,6.25,0
ORBBS_603_5,ORBBS,ORBBS_603_51995,603,1995,1253474,223202,1,1,47,49,13.1395,24.618,50,50,5,0,1517,50,4,2.83,1
ORBBS_603_5,ORBBS,ORBBS_603_51993,603,1993,1253474,223202,1,1,47,49,13.1395,24.618,50,50,5,0,1518,50,4,0,1
ORBBS_603_5,ORBBS,ORBBS_603_52007,603,2007,1253474,223202,1,1,47,49,13.1395,24.618,50,50,5,0,1519,50,4,6.48,0
ORBBS_603_5,ORBBS,ORBBS_603_51994,603,1994,1253474,223202,1,1,47,49,13.1395,24.618,50,50,5,0,1520,50,4,4.18125,1
ORBBS_603_5,ORBBS,ORBBS_603_52009,603,2009,1253474,223202,1,1,47,49,13.1395,24.618,50,50,5,0,1521,50,4,6.58,0
ORBBS_603_5,ORBBS,ORBBS_603_52008,603,2008,1253474,223202,1,1,47,49,13.1395,24.618,50,50,10,0,1522,50,4,6.53,0
ORBBS_603_5,ORBBS,ORBBS_603_52012,603,2012,1253474,223202,1,1,47,49,13.1395,24.618,50,50,5,0,1523,50,4,6.63,0
ORBBS_603_5,ORBBS,ORBBS_603_52005,603,2005,1253474,223202,1,1,47,49,13.1395,24.618,50,50,5,0,1524,50,4,6.36,0
ORBBS_603_5,ORBBS,ORBBS_603_52010,603,2010,1253474,223202,1,1,47,49,13.1395,24.618,50,50,10,0,1525,50,4,6.61,0
ORBBS_603_5,ORBBS,ORBBS_603_52006,603,2006,1253474,223202,1,1,47,49,13.1395,24.618,50,50,5,0,1526,50,4,6.44,0
ORBBS_603_5,ORBBS,ORBBS_603_51999,603,1999,1253474,223202,1,1,47,49,13.1395,24.618,50,50,5,0,1527,50,4,6.07,0
ORBBS_603_5,ORBBS,ORBBS_603_51997,603,1997,1253474,223202,1,1,47,49,13.1395,24.618,50,50,5,0,1528,50,4,5.82,0
ORBBS_603_5,ORBBS,ORBBS_603_51998,603,1998,1253474,223202,1,1,47,49,13.1395,24.618,50,50,5,0,1529,50,4,0,1
ORBBS_603_5,ORBBS,ORBBS_603_52000,603,2000,1253474,223202,1,1,47,49,13.1395,24.618,50,50,5,0,1530,50,4,6.5,0
ORBBS_603_4,ORBBS,ORBBS_603_42001,603,2001,1253491,223601,1,1,52,52,13.095,25.724,125,125,5,0,1531,125,9,6.18,0
ORBBS_603_4,ORBBS,ORBBS_603_42002,603,2002,1253491,223601,1,1,52,52,13.095,25.724,125,125,8,0,1532,125,9,4.81,0
ORBBS_603_4,ORBBS,ORBBS_603_42004,603,2004,1253491,223601,1,1,52,52,13.095,25.724,125,125,10,0,1533,125,9,6.61,0
ORBBS_603_4,ORBBS,ORBBS_603_42011,603,2011,1253491,223601,1,1,52,52,13.095,25.724,125,125,10,0,1534,125,9,5.33,0
ORBBS_603_4,ORBBS,ORBBS_603_42013,603,2013,1253491,223601,1,1,52,52,13.095,25.724,125,125,10,0,1535,125,9,5.76,0
ORBBS_603_4,ORBBS,ORBBS_603_42014,603,2014,1253491,223601,1,1,52,52,13.095,25.724,125,125,10,0,1536,125,9,5.96,0
ORBBS_603_4,ORBBS,ORBBS_603_42018,603,2018,1253491,223601,1,1,52,52,13.095,25.724,125,125,10,0,1537,125,9,6.45,0
ORBBS_603_4,ORBBS,ORBBS_603_42016,603,2016,1253491,223601,1,1,52,52,13.095,25.724,125,125,10,0,1538,125,9,6.23,0
ORBBS_603_4,ORBBS,ORBBS_603_41995,603,1995,1253491,223601,1,1,52,52,13.095,25.724,50,50,5,0,1539,50,4,2.83,1
ORBBS_603_4,ORBBS,ORBBS_603_42003,603,2003,1253491,223601,1,1,52,52,13.095,25.724,50,50,5,0,1540,50,4,6.25,0
ORBBS_603_4,ORBBS,ORBBS_603_41996,603,1996,1253491,223601,1,1,52,52,13.095,25.724,50,50,5,0,1541,50,4,5.792857143,0
ORBBS_603_4,ORBBS,ORBBS_603_42007,603,2007,1253491,223601,1,1,52,52,13.095,25.724,50,50,5,0,1542,50,4,6.48,0
ORBBS_603_4,ORBBS,ORBBS_603_41994,603,1994,1253491,223601,1,1,52,52,13.095,25.724,50,50,5,0,1543,50,4,4.18125,1
ORBBS_603_4,ORBBS,ORBBS_603_41993,603,1993,1253491,223601,1,1,52,52,13.095,25.724,50,50,5,0,1544,50,4,0,1
ORBBS_603_4,ORBBS,ORBBS_603_42009,603,2009,1253491,223601,1,1,52,52,13.095,25.724,50,50,5,0,1545,50,4,6.58,0
ORBBS_603_4,ORBBS,ORBBS_603_42008,603,2008,1253491,223601,1,1,52,52,13.095,25.724,50,50,5,0,1546,50,4,6.53,0
ORBBS_603_4,ORBBS,ORBBS_603_42012,603,2012,1253491,223601,1,1,52,52,13.095,25.724,50,50,5,0,1547,50,4,6.63,0
ORBBS_603_4,ORBBS,ORBBS_603_42005,603,2005,1253491,223601,1,1,52,52,13.095,25.724,50,50,5,0,1548,50,4,6.36,0
ORBBS_603_4,ORBBS,ORBBS_603_42006,603,2006,1253491,223601,1,1,52,52,13.095,25.724,50,50,5,0,1549,50,4,6.44,0
ORBBS_603_4,ORBBS,ORBBS_603_41997,603,1997,1253491,223601,1,1,52,52,13.095,25.724,50,50,5,0,1550,50,4,5.82,0
ORBBS_603_4,ORBBS,ORBBS_603_41999,603,1999,1253491,223601,1,1,52,52,13.095,25.724,50,50,5,0,1551,50,4,6.07,0
ORBBS_603_4,ORBBS,ORBBS_603_41998,603,1998,1253491,223601,1,1,52,52,13.095,25.724,50,50,5,0,1552,50,4,0,1
ORBBS_603_4,ORBBS,ORBBS_603_42000,603,2000,1253491,223601,1,1,52,52,13.095,25.724,50,50,5,0,1553,50,4,6.5,0
ORBBS_603_4,ORBBS,ORBBS_603_42010,603,2010,1253491,223601,1,1,52,52,13.095,25.724,50,50,5,0,1554,50,4,6.61,0
ORBBS_603_7,ORBBS,ORBBS_603_72001,603,2001,1253499,222621,1,1,43,45,13.17,24.398,125,125,5,0,1555,125,9,6.18,0
ORBBS_603_7,ORBBS,ORBBS_603_72002,603,2002,1253499,222621,1,1,43,45,13.17,24.398,125,125,8,0,1556,125,9,4.81,0
ORBBS_603_7,ORBBS,ORBBS_603_72004,603,2004,1253499,222621,1,1,43,45,13.17,24.398,125,125,10,0,1557,125,9,6.61,0
ORBBS_603_7,ORBBS,ORBBS_603_72011,603,2011,1253499,222621,1,1,43,45,13.17,24.398,125,125,10,0,1558,125,9,5.33,0
ORBBS_603_7,ORBBS,ORBBS_603_72013,603,2013,1253499,222621,1,1,43,45,13.17,24.398,125,125,10,0,1559,125,9,5.76,0
ORBBS_603_7,ORBBS,ORBBS_603_72014,603,2014,1253499,222621,1,1,43,45,13.17,24.398,125,125,10,0,1560,125,9,5.96,0
ORBBS_603_7,ORBBS,ORBBS_603_72016,603,2016,1253499,222621,1,1,43,45,13.17,24.398,125,125,10,0,1561,125,9,6.23,0
ORBBS_603_7,ORBBS,ORBBS_603_72018,603,2018,1253499,222621,1,1,43,45,13.17,24.398,125,125,10,0,1562,125,9,6.45,0
ORBBS_603_7,ORBBS,ORBBS_603_71996,603,1996,1253499,222621,1,1,43,45,13.17,24.398,50,50,5,0,1563,50,4,5.792857143,0
ORBBS_603_7,ORBBS,ORBBS_603_71993,603,1993,1253499,222621,1,1,43,45,13.17,24.398,50,50,5,0,1564,50,4,0,1
ORBBS_603_7,ORBBS,ORBBS_603_71994,603,1994,1253499,222621,1,1,43,45,13.17,24.398,50,50,5,0,1565,50,4,4.18125,1
ORBBS_603_7,ORBBS,ORBBS_603_71995,603,1995,1253499,222621,1,1,43,45,13.17,24.398,50,50,5,0,1566,50,4,2.83,1
ORBBS_603_7,ORBBS,ORBBS_603_72003,603,2003,1253499,222621,1,1,43,45,13.17,24.398,50,50,5,0,1567,50,4,6.25,0
ORBBS_603_7,ORBBS,ORBBS_603_72007,603,2007,1253499,222621,1,1,43,45,13.17,24.398,50,50,5,0,1568,50,4,6.48,0
ORBBS_603_7,ORBBS,ORBBS_603_72012,603,2012,1253499,222621,1,1,43,45,13.17,24.398,50,50,5,0,1569,50,4,6.63,0
ORBBS_603_7,ORBBS,ORBBS_603_72008,603,2008,1253499,222621,1,1,43,45,13.17,24.398,50,50,5,0,1570,50,4,6.53,0
ORBBS_603_7,ORBBS,ORBBS_603_72009,603,2009,1253499,222621,1,1,43,45,13.17,24.398,50,50,5,0,1571,50,4,6.58,0
ORBBS_603_7,ORBBS,ORBBS_603_72005,603,2005,1253499,222621,1,1,43,45,13.17,24.398,50,50,10,0,1572,50,4,6.36,0
ORBBS_603_7,ORBBS,ORBBS_603_72010,603,2010,1253499,222621,1,1,43,45,13.17,24.398,50,50,10,0,1573,50,4,6.61,0
ORBBS_603_7,ORBBS,ORBBS_603_72006,603,2006,1253499,222621,1,1,43,45,13.17,24.398,50,50,5,0,1574,50,4,6.44,0
ORBBS_603_7,ORBBS,ORBBS_603_72000,603,2000,1253499,222621,1,1,43,45,13.17,24.398,50,50,5,0,1575,50,4,6.5,0
ORBBS_603_7,ORBBS,ORBBS_603_71998,603,1998,1253499,222621,1,1,43,45,13.17,24.398,50,50,5,0,1576,50,4,0,1
ORBBS_603_7,ORBBS,ORBBS_603_71997,603,1997,1253499,222621,1,1,43,45,13.17,24.398,50,50,5,0,1577,50,4,5.82,0
ORBBS_603_7,ORBBS,ORBBS_603_71999,603,1999,1253499,222621,1,1,43,45,13.17,24.398,50,50,5,0,1578,50,4,6.07,0
ORBBS_603_9,ORBBS,ORBBS_603_92001,603,2001,1253551,221930,1,1,38,41,13.245,22.347,125,125,5,0,1579,125,9,6.18,0
ORBBS_603_9,ORBBS,ORBBS_603_92002,603,2002,1253551,221930,1,1,38,41,13.245,22.347,125,125,8,0,1580,125,9,4.645,0
ORBBS_603_9,ORBBS,ORBBS_603_92004,603,2004,1253551,221930,1,1,38,41,13.245,22.347,125,125,10,0,1581,125,9,6.61,0
ORBBS_603_9,ORBBS,ORBBS_603_92011,603,2011,1253551,221930,1,1,38,41,13.245,22.347,125,125,10,0,1582,125,9,5.33,0
ORBBS_603_9,ORBBS,ORBBS_603_92013,603,2013,1253551,221930,1,1,38,41,13.245,22.347,125,125,10,0,1583,125,9,5.76,0
ORBBS_603_9,ORBBS,ORBBS_603_92014,603,2014,1253551,221930,1,1,38,41,13.245,22.347,125,125,10,0,1584,125,9,5.96,0
ORBBS_603_9,ORBBS,ORBBS_603_92016,603,2016,1253551,221930,1,1,38,41,13.245,22.347,125,125,10,0,1585,125,9,6.23,0
ORBBS_603_9,ORBBS,ORBBS_603_92018,603,2018,1253551,221930,1,1,38,41,13.245,22.347,125,125,10,0,1586,125,9,6.45,0
ORBBS_603_9,ORBBS,ORBBS_603_91996,603,1996,1253551,221930,1,1,38,41,13.245,22.347,50,50,5,0,1587,50,4,5.792857143,0
ORBBS_603_9,ORBBS,ORBBS_603_91993,603,1993,1253551,221930,1,1,38,41,13.245,22.347,50,50,5,0,1588,50,4,0,1
ORBBS_603_9,ORBBS,ORBBS_603_91994,603,1994,1253551,221930,1,1,38,41,13.245,22.347,50,50,5,0,1589,50,4,4.18125,1
ORBBS_603_9,ORBBS,ORBBS_603_91995,603,1995,1253551,221930,1,1,38,41,13.245,22.347,50,50,5,0,1590,50,4,2.83,1
ORBBS_603_9,ORBBS,ORBBS_603_92003,603,2003,1253551,221930,1,1,38,41,13.245,22.347,50,50,5,0,1591,50,4,6.25,0
ORBBS_603_9,ORBBS,ORBBS_603_92007,603,2007,1253551,221930,1,1,38,41,13.245,22.347,50,50,5,0,1592,50,4,6.48,0
ORBBS_603_9,ORBBS,ORBBS_603_92009,603,2009,1253551,221930,1,1,38,41,13.245,22.347,50,50,5,0,1593,50,4,6.58,0
ORBBS_603_9,ORBBS,ORBBS_603_92008,603,2008,1253551,221930,1,1,38,41,13.245,22.347,50,50,5,0,1594,50,4,6.53,0
ORBBS_603_9,ORBBS,ORBBS_603_92010,603,2010,1253551,221930,1,1,38,41,13.245,22.347,50,50,5,0,1595,50,4,6.61,0
ORBBS_603_9,ORBBS,ORBBS_603_92005,603,2005,1253551,221930,1,1,38,41,13.245,22.347,50,50,10,0,1596,50,4,6.36,0
ORBBS_603_9,ORBBS,ORBBS_603_92012,603,2012,1253551,221930,1,1,38,41,13.245,22.347,50,50,5,0,1597,50,4,6.63,0
ORBBS_603_9,ORBBS,ORBBS_603_92006,603,2006,1253551,221930,1,1,38,41,13.245,22.347,50,50,10,0,1598,50,4,6.44,0
ORBBS_603_9,ORBBS,ORBBS_603_92000,603,2000,1253551,221930,1,1,38,41,13.245,22.347,50,50,5,0,1599,50,4,6.5,0
ORBBS_603_9,ORBBS,ORBBS_603_91997,603,1997,1253551,221930,1,1,38,41,13.245,22.347,50,50,5,0,1600,50,4,5.82,0
ORBBS_603_9,ORBBS,ORBBS_603_91999,603,1999,1253551,221930,1,1,38,41,13.245,22.347,50,50,5,0,1601,50,4,6.07,0
ORBBS_603_9,ORBBS,ORBBS_603_91998,603,1998,1253551,221930,1,1,38,41,13.245,22.347,50,50,5,0,1602,50,4,0,1
ORBBS_603_6,ORBBS,ORBBS_603_62001,603,2001,1253554,222695,1,1,43,45,13.17,24.398,125,125,5,0,1603,125,9,6.18,0
ORBBS_603_6,ORBBS,ORBBS_603_62002,603,2002,1253554,222695,1,1,43,45,13.17,24.398,125,125,8,0,1604,125,9,4.81,0
ORBBS_603_6,ORBBS,ORBBS_603_62004,603,2004,1253554,222695,1,1,43,45,13.17,24.398,125,125,10,0,1605,125,9,6.61,0
ORBBS_603_6,ORBBS,ORBBS_603_62011,603,2011,1253554,222695,1,1,43,45,13.17,24.398,125,125,10,0,1606,125,9,5.33,0
ORBBS_603_6,ORBBS,ORBBS_603_62013,603,2013,1253554,222695,1,1,43,45,13.17,24.398,125,125,10,0,1607,125,9,5.76,0
ORBBS_603_6,ORBBS,ORBBS_603_62014,603,2014,1253554,222695,1,1,43,45,13.17,24.398,125,125,10,0,1608,125,9,5.96,0
ORBBS_603_6,ORBBS,ORBBS_603_62016,603,2016,1253554,222695,1,1,43,45,13.17,24.398,125,125,10,0,1609,125,9,6.23,0
ORBBS_603_6,ORBBS,ORBBS_603_62018,603,2018,1253554,222695,1,1,43,45,13.17,24.398,125,125,10,0,1610,125,9,6.45,0
ORBBS_603_6,ORBBS,ORBBS_603_61996,603,1996,1253554,222695,1,1,43,45,13.17,24.398,50,50,5,0,1611,50,4,5.792857143,0
ORBBS_603_6,ORBBS,ORBBS_603_61993,603,1993,1253554,222695,1,1,43,45,13.17,24.398,50,50,5,0,1612,50,4,0,1
ORBBS_603_6,ORBBS,ORBBS_603_62003,603,2003,1253554,222695,1,1,43,45,13.17,24.398,50,50,5,0,1613,50,4,6.25,0
ORBBS_603_6,ORBBS,ORBBS_603_61994,603,1994,1253554,222695,1,1,43,45,13.17,24.398,50,50,5,0,1614,50,4,4.18125,1
ORBBS_603_6,ORBBS,ORBBS_603_61995,603,1995,1253554,222695,1,1,43,45,13.17,24.398,50,50,5,0,1615,50,4,2.83,1
ORBBS_603_6,ORBBS,ORBBS_603_62007,603,2007,1253554,222695,1,1,43,45,13.17,24.398,50,50,5,0,1616,50,4,6.48,0
ORBBS_603_6,ORBBS,ORBBS_603_62009,603,2009,1253554,222695,1,1,43,45,13.17,24.398,50,50,5,0,1617,50,4,6.58,0
ORBBS_603_6,ORBBS,ORBBS_603_62012,603,2012,1253554,222695,1,1,43,45,13.17,24.398,50,50,5,0,1618,50,4,6.63,0
ORBBS_603_6,ORBBS,ORBBS_603_62008,603,2008,1253554,222695,1,1,43,45,13.17,24.398,50,50,10,0,1619,50,4,6.53,0
ORBBS_603_6,ORBBS,ORBBS_603_62010,603,2010,1253554,222695,1,1,43,45,13.17,24.398,50,50,5,0,1620,50,4,6.61,0
ORBBS_603_6,ORBBS,ORBBS_603_62005,603,2005,1253554,222695,1,1,43,45,13.17,24.398,50,50,10,0,1621,50,4,6.36,0
ORBBS_603_6,ORBBS,ORBBS_603_61999,603,1999,1253554,222695,1,1,43,45,13.17,24.398,50,50,5,0,1622,50,4,6.07,0
ORBBS_603_6,ORBBS,ORBBS_603_62006,603,2006,1253554,222695,1,1,43,45,13.17,24.398,50,50,5,0,1623,50,4,6.44,0
ORBBS_603_6,ORBBS,ORBBS_603_62000,603,2000,1253554,222695,1,1,43,45,13.17,24.398,50,50,5,0,1624,50,4,6.5,0
ORBBS_603_6,ORBBS,ORBBS_603_61997,603,1997,1253554,222695,1,1,43,45,13.17,24.398,50,50,5,0,1625,50,4,5.82,0
ORBBS_603_6,ORBBS,ORBBS_603_61998,603,1998,1253554,222695,1,1,43,45,13.17,24.398,50,50,5,0,1626,50,4,0,1
ORBBS_603_10,ORBBS,ORBBS_603_102001,603,2001,1253556,221951,1,1,38,41,13.2245,23.211,125,125,5,0,1627,125,9,6.18,0
ORBBS_603_10,ORBBS,ORBBS_603_102002,603,2002,1253556,221951,1,1,38,41,13.2245,23.211,125,125,8,0,1628,125,9,4.645,0
ORBBS_603_10,ORBBS,ORBBS_603_102004,603,2004,1253556,221951,1,1,38,41,13.2245,23.211,125,125,10,0,1629,125,9,6.61,0
ORBBS_603_10,ORBBS,ORBBS_603_102011,603,2011,1253556,221951,1,1,38,41,13.2245,23.211,125,125,10,0,1630,125,9,5.33,0
ORBBS_603_10,ORBBS,ORBBS_603_102013,603,2013,1253556,221951,1,1,38,41,13.2245,23.211,125,125,10,0,1631,125,9,5.76,0
ORBBS_603_10,ORBBS,ORBBS_603_102014,603,2014,1253556,221951,1,1,38,41,13.2245,23.211,125,125,10,0,1632,125,9,5.96,0
ORBBS_603_10,ORBBS,ORBBS_603_102016,603,2016,1253556,221951,1,1,38,41,13.2245,23.211,125,125,10,0,1633,125,9,6.23,0
ORBBS_603_10,ORBBS,ORBBS_603_102018,603,2018,1253556,221951,1,1,38,41,13.2245,23.211,125,125,10,0,1634,125,9,6.45,0
ORBBS_603_10,ORBBS,ORBBS_603_101996,603,1996,1253556,221951,1,1,38,41,13.2245,23.211,50,50,5,0,1635,50,4,5.792857143,0
ORBBS_603_10,ORBBS,ORBBS_603_101993,603,1993,1253556,221951,1,1,38,41,13.2245,23.211,50,50,5,0,1636,50,4,0,1
ORBBS_603_10,ORBBS,ORBBS_603_101994,603,1994,1253556,221951,1,1,38,41,13.2245,23.211,50,50,5,0,1637,50,4,4.18125,1
ORBBS_603_10,ORBBS,ORBBS_603_101995,603,1995,1253556,221951,1,1,38,41,13.2245,23.211,50,50,5,0,1638,50,4,2.83,1
ORBBS_603_10,ORBBS,ORBBS_603_102003,603,2003,1253556,221951,1,1,38,41,13.2245,23.211,50,50,5,0,1639,50,4,6.25,0
ORBBS_603_10,ORBBS,ORBBS_603_102009,603,2009,1253556,221951,1,1,38,41,13.2245,23.211,50,50,5,0,1640,50,4,6.58,0
ORBBS_603_10,ORBBS,ORBBS_603_102007,603,2007,1253556,221951,1,1,38,41,13.2245,23.211,50,50,5,0,1641,50,4,6.48,0
ORBBS_603_10,ORBBS,ORBBS_603_102008,603,2008,1253556,221951,1,1,38,41,13.2245,23.211,50,50,10,0,1642,50,4,6.53,0
ORBBS_603_10,ORBBS,ORBBS_603_102010,603,2010,1253556,221951,1,1,38,41,13.2245,23.211,50,50,5,0,1643,50,4,6.61,0
ORBBS_603_10,ORBBS,ORBBS_603_102005,603,2005,1253556,221951,1,1,38,41,13.2245,23.211,50,50,5,0,1644,50,4,6.36,0
ORBBS_603_10,ORBBS,ORBBS_603_102012,603,2012,1253556,221951,1,1,38,41,13.2245,23.211,50,50,5,0,1645,50,4,6.63,0
ORBBS_603_10,ORBBS,ORBBS_603_102006,603,2006,1253556,221951,1,1,38,41,13.2245,23.211,50,50,5,0,1646,50,4,6.44,0
ORBBS_603_10,ORBBS,ORBBS_603_102000,603,2000,1253556,221951,1,1,38,41,13.2245,23.211,50,50,5,0,1647,50,4,6.5,0
ORBBS_603_10,ORBBS,ORBBS_603_101997,603,1997,1253556,221951,1,1,38,41,13.2245,23.211,50,50,5,0,1648,50,4,5.82,0
ORBBS_603_10,ORBBS,ORBBS_603_101999,603,1999,1253556,221951,1,1,38,41,13.2245,23.211,50,50,10,0,1649,50,4,6.07,0
ORBBS_603_10,ORBBS,ORBBS_603_101998,603,1998,1253556,221951,1,1,38,41,13.2245,23.211,50,50,5,0,1650,50,4,0,1
ORBBS_603_8,ORBBS,ORBBS_603_82001,603,2001,1253577,222167,1,1,39,42,13.2245,23.211,125,125,5,0,1651,125,9,6.18,0
ORBBS_603_8,ORBBS,ORBBS_603_82002,603,2002,1253577,222167,1,1,39,42,13.2245,23.211,125,125,8,0,1652,125,9,4.645,0
ORBBS_603_8,ORBBS,ORBBS_603_82004,603,2004,1253577,222167,1,1,39,42,13.2245,23.211,125,125,10,0,1653,125,9,6.61,0
ORBBS_603_8,ORBBS,ORBBS_603_82011,603,2011,1253577,222167,1,1,39,42,13.2245,23.211,125,125,10,0,1654,125,9,5.33,0
ORBBS_603_8,ORBBS,ORBBS_603_82013,603,2013,1253577,222167,1,1,39,42,13.2245,23.211,125,125,10,0,1655,125,9,5.76,0
ORBBS_603_8,ORBBS,ORBBS_603_82014,603,2014,1253577,222167,1,1,39,42,13.2245,23.211,125,125,10,0,1656,125,9,5.96,0
ORBBS_603_8,ORBBS,ORBBS_603_82016,603,2016,1253577,222167,1,1,39,42,13.2245,23.211,125,125,10,0,1657,125,9,6.23,0
ORBBS_603_8,ORBBS,ORBBS_603_82018,603,2018,1253577,222167,1,1,39,42,13.2245,23.211,125,125,10,0,1658,125,9,6.45,0
ORBBS_603_8,ORBBS,ORBBS_603_81996,603,1996,1253577,222167,1,1,39,42,13.2245,23.211,50,50,5,0,1659,50,4,5.792857143,0
ORBBS_603_8,ORBBS,ORBBS_603_81993,603,1993,1253577,222167,1,1,39,42,13.2245,23.211,50,50,5,0,1660,50,4,0,1
ORBBS_603_8,ORBBS,ORBBS_603_81994,603,1994,1253577,222167,1,1,39,42,13.2245,23.211,50,50,5,0,1661,50,4,4.18125,1
ORBBS_603_8,ORBBS,ORBBS_603_81995,603,1995,1253577,222167,1,1,39,42,13.2245,23.211,50,50,5,0,1662,50,4,2.83,1
ORBBS_603_8,ORBBS,ORBBS_603_82003,603,2003,1253577,222167,1,1,39,42,13.2245,23.211,50,50,5,0,1663,50,4,6.25,0
ORBBS_603_8,ORBBS,ORBBS_603_82007,603,2007,1253577,222167,1,1,39,42,13.2245,23.211,50,50,5,0,1664,50,4,6.48,0
ORBBS_603_8,ORBBS,ORBBS_603_82009,603,2009,1253577,222167,1,1,39,42,13.2245,23.211,50,50,5,0,1665,50,4,6.58,0
ORBBS_603_8,ORBBS,ORBBS_603_82008,603,2008,1253577,222167,1,1,39,42,13.2245,23.211,50,50,5,0,1666,50,4,6.53,0
ORBBS_603_8,ORBBS,ORBBS_603_82012,603,2012,1253577,222167,1,1,39,42,13.2245,23.211,50,50,5,0,1667,50,4,6.63,0
ORBBS_603_8,ORBBS,ORBBS_603_82005,603,2005,1253577,222167,1,1,39,42,13.2245,23.211,50,50,5,0,1668,50,4,6.36,0
ORBBS_603_8,ORBBS,ORBBS_603_82010,603,2010,1253577,222167,1,1,39,42,13.2245,23.211,50,50,5,0,1669,50,4,6.61,0
ORBBS_603_8,ORBBS,ORBBS_603_82006,603,2006,1253577,222167,1,1,39,42,13.2245,23.211,50,50,5,0,1670,50,4,6.44,0
ORBBS_603_8,ORBBS,ORBBS_603_82000,603,2000,1253577,222167,1,1,39,42,13.2245,23.211,50,50,5,0,1671,50,4,6.5,0
ORBBS_603_8,ORBBS,ORBBS_603_81997,603,1997,1253577,222167,1,1,39,42,13.2245,23.211,50,50,5,0,1672,50,4,5.82,0
ORBBS_603_8,ORBBS,ORBBS_603_81999,603,1999,1253577,222167,1,1,39,42,13.2245,23.211,50,50,5,0,1673,50,4,6.07,0
ORBBS_603_8,ORBBS,ORBBS_603_81998,603,1998,1253577,222167,1,1,39,42,13.2245,23.211,50,50,5,0,1674,50,4,0,1
ORBBS_603_12,ORBBS,ORBBS_603_122001,603,2001,1253620,220639,1,1,29,35,13.285,20.892,125,125,5,0,1675,125,9,6.18,0
ORBBS_603_12,ORBBS,ORBBS_603_122002,603,2002,1253620,220639,1,1,29,35,13.285,20.892,125,125,8,0,1676,125,9,4.645,0
ORBBS_603_12,ORBBS,ORBBS_603_122004,603,2004,1253620,220639,1,1,29,35,13.285,20.892,125,125,10,0,1677,125,9,6.61,0
ORBBS_603_12,ORBBS,ORBBS_603_122011,603,2011,1253620,220639,1,1,29,35,13.285,20.892,125,125,10,0,1678,125,9,5.33,0
ORBBS_603_12,ORBBS,ORBBS_603_122013,603,2013,1253620,220639,1,1,29,35,13.285,20.892,125,125,10,0,1679,125,9,5.76,0
ORBBS_603_12,ORBBS,ORBBS_603_122014,603,2014,1253620,220639,1,1,29,35,13.285,20.892,125,125,10,0,1680,125,9,5.96,0
ORBBS_603_12,ORBBS,ORBBS_603_122016,603,2016,1253620,220639,1,1,29,35,13.285,20.892,125,125,10,0,1681,125,9,6.23,0
ORBBS_603_12,ORBBS,ORBBS_603_122018,603,2018,1253620,220639,1,1,29,35,13.285,20.892,125,125,10,0,1682,125,9,6.45,0
ORBBS_603_12,ORBBS,ORBBS_603_121996,603,1996,1253620,220639,1,1,29,35,13.285,20.892,50,50,5,0,1683,50,4,5.792857143,0
ORBBS_603_12,ORBBS,ORBBS_603_121993,603,1993,1253620,220639,1,1,29,35,13.285,20.892,50,50,5,0,1684,50,4,0,1
ORBBS_603_12,ORBBS,ORBBS_603_121994,603,1994,1253620,220639,1,1,29,35,13.285,20.892,50,50,5,0,1685,50,4,4.18125,1
ORBBS_603_12,ORBBS,ORBBS_603_121995,603,1995,1253620,220639,1,1,29,35,13.285,20.892,50,50,5,0,1686,50,4,2.83,1
ORBBS_603_12,ORBBS,ORBBS_603_122003,603,2003,1253620,220639,1,1,29,35,13.285,20.892,50,50,5,0,1687,50,4,6.25,0
ORBBS_603_12,ORBBS,ORBBS_603_122007,603,2007,1253620,220639,1,1,29,35,13.285,20.892,50,50,5,0,1688,50,4,6.48,0
ORBBS_603_12,ORBBS,ORBBS_603_122009,603,2009,1253620,220639,1,1,29,35,13.285,20.892,50,50,10,0,1689,50,4,6.58,0
ORBBS_603_12,ORBBS,ORBBS_603_122010,603,2010,1253620,220639,1,1,29,35,13.285,20.892,50,50,5,0,1690,50,4,6.61,0
ORBBS_603_12,ORBBS,ORBBS_603_122005,603,2005,1253620,220639,1,1,29,35,13.285,20.892,50,50,10,0,1691,50,4,6.36,0
ORBBS_603_12,ORBBS,ORBBS_603_122012,603,2012,1253620,220639,1,1,29,35,13.285,20.892,50,50,5,0,1692,50,4,6.63,0
ORBBS_603_12,ORBBS,ORBBS_603_122008,603,2008,1253620,220639,1,1,29,35,13.285,20.892,50,50,5,0,1693,50,4,6.53,0
ORBBS_603_12,ORBBS,ORBBS_603_122006,603,2006,1253620,220639,1,1,29,35,13.285,20.892,50,50,5,0,1694,50,4,6.44,0
ORBBS_603_12,ORBBS,ORBBS_603_122000,603,2000,1253620,220639,1,1,29,35,13.285,20.892,50,50,5,0,1695,50,4,6.5,0
ORBBS_603_12,ORBBS,ORBBS_603_121999,603,1999,1253620,220639,1,1,29,35,13.285,20.892,50,50,5,0,1696,50,4,6.07,0
ORBBS_603_12,ORBBS,ORBBS_603_121997,603,1997,1253620,220639,1,1,29,35,13.285,20.892,50,50,5,0,1697,50,4,5.82,0
ORBBS_603_12,ORBBS,ORBBS_603_121998,603,1998,1253620,220639,1,1,29,35,13.285,20.892,50,50,5,0,1698,50,4,0,1
ORBBS_603_11,ORBBS,ORBBS_603_112001,603,2001,1253671,220861,1,1,30,36,13.285,20.892,125,125,5,0,1699,125,9,6.18,0
ORBBS_603_11,ORBBS,ORBBS_603_112002,603,2002,1253671,220861,1,1,30,36,13.285,20.892,125,125,8,0,1700,125,9,4.645,0
ORBBS_603_11,ORBBS,ORBBS_603_112004,603,2004,1253671,220861,1,1,30,36,13.285,20.892,125,125,10,0,1701,125,9,6.61,0
ORBBS_603_11,ORBBS,ORBBS_603_112011,603,2011,1253671,220861,1,1,30,36,13.285,20.892,125,125,10,0,1702,125,9,5.33,0
ORBBS_603_11,ORBBS,ORBBS_603_112013,603,2013,1253671,220861,1,1,30,36,13.285,20.892,125,125,10,0,1703,125,9,5.76,0
ORBBS_603_11,ORBBS,ORBBS_603_112014,603,2014,1253671,220861,1,1,30,36,13.285,20.892,125,125,10,0,1704,125,9,5.96,0
ORBBS_603_11,ORBBS,ORBBS_603_112016,603,2016,1253671,220861,1,1,30,36,13.285,20.892,125,125,10,0,1705,125,9,6.23,0
ORBBS_603_11,ORBBS,ORBBS_603_112018,603,2018,1253671,220861,1,1,30,36,13.285,20.892,125,125,10,0,1706,125,9,6.45,0
ORBBS_603_11,ORBBS,ORBBS_603_111996,603,1996,1253671,220861,1,1,30,36,13.285,20.892,50,50,5,0,1707,50,4,5.792857143,0
ORBBS_603_11,ORBBS,ORBBS_603_111993,603,1993,1253671,220861,1,1,30,36,13.285,20.892,50,50,5,0,1708,50,4,0,1
ORBBS_603_11,ORBBS,ORBBS_603_111994,603,1994,1253671,220861,1,1,30,36,13.285,20.892,50,50,5,0,1709,50,4,4.18125,1
ORBBS_603_11,ORBBS,ORBBS_603_111995,603,1995,1253671,220861,1,1,30,36,13.285,20.892,50,50,5,0,1710,50,4,2.83,1
ORBBS_603_11,ORBBS,ORBBS_603_112003,603,2003,1253671,220861,1,1,30,36,13.285,20.892,50,50,5,0,1711,50,4,6.25,0
ORBBS_603_11,ORBBS,ORBBS_603_112007,603,2007,1253671,220861,1,1,30,36,13.285,20.892,50,50,5,0,1712,50,4,6.48,0
ORBBS_603_11,ORBBS,ORBBS_603_112009,603,2009,1253671,220861,1,1,30,36,13.285,20.892,50,50,10,0,1713,50,4,6.58,0
ORBBS_603_11,ORBBS,ORBBS_603_112010,603,2010,1253671,220861,1,1,30,36,13.285,20.892,50,50,10,0,1714,50,4,6.61,0
ORBBS_603_11,ORBBS,ORBBS_603_112005,603,2005,1253671,220861,1,1,30,36,13.285,20.892,50,50,5,0,1715,50,4,6.36,0
ORBBS_603_11,ORBBS,ORBBS_603_112012,603,2012,1253671,220861,1,1,30,36,13.285,20.892,50,50,5,0,1716,50,4,6.63,0
ORBBS_603_11,ORBBS,ORBBS_603_112008,603,2008,1253671,220861,1,1,30,36,13.285,20.892,50,50,5,0,1717,50,4,6.53,0
ORBBS_603_11,ORBBS,ORBBS_603_112006,603,2006,1253671,220861,1,1,30,36,13.285,20.892,50,50,5,0,1718,50,4,6.44,0
ORBBS_603_11,ORBBS,ORBBS_603_112000,603,2000,1253671,220861,1,1,30,36,13.285,20.892,50,50,5,0,1719,50,4,6.5,0
ORBBS_603_11,ORBBS,ORBBS_603_111997,603,1997,1253671,220861,1,1,30,36,13.285,20.892,50,50,5,0,1720,50,4,5.82,0
ORBBS_603_11,ORBBS,ORBBS_603_111999,603,1999,1253671,220861,1,1,30,36,13.285,20.892,50,50,5,0,1721,50,4,6.07,0
ORBBS_603_11,ORBBS,ORBBS_603_111998,603,1998,1253671,220861,1,1,30,36,13.285,20.892,50,50,5,0,1722,50,4,0,1
ORBBS_611_7,ORBBS,ORBBS_611_72001,611,2001,1257840,252263,0,0,144,187,12.315,28.78,125,125,5,0,1723,125,9,6.18,0
ORBBS_611_7,ORBBS,ORBBS_611_72002,611,2002,1257840,252263,0,0,144,187,12.315,28.78,125,125,8,0,1724,125,9,4.645,0
ORBBS_611_7,ORBBS,ORBBS_611_72010,611,2010,1257840,252263,0,0,144,187,12.315,28.78,125,125,10,0,1725,125,9,4.89,0
ORBBS_611_7,ORBBS,ORBBS_611_72011,611,2011,1257840,252263,0,0,144,187,12.315,28.78,125,125,10,0,1726,125,9,5.33,0
ORBBS_611_7,ORBBS,ORBBS_611_72013,611,2013,1257840,252263,0,0,144,187,12.315,28.78,125,125,10,0,1727,125,9,5.76,0
ORBBS_611_7,ORBBS,ORBBS_611_72014,611,2014,1257840,252263,0,0,144,187,12.315,28.78,125,125,10,0,1728,125,9,5.96,0
ORBBS_611_7,ORBBS,ORBBS_611_72015,611,2015,1257840,252263,0,0,144,187,12.315,28.78,125,125,10,0,1729,125,9,6.1,0
ORBBS_611_7,ORBBS,ORBBS_611_72017,611,2017,1257840,252263,0,0,144,187,12.315,28.78,125,125,10,0,1730,125,9,6.41,0
ORBBS_611_7,ORBBS,ORBBS_611_72019,611,2019,1257840,252263,0,0,144,187,12.315,28.78,125,125,10,0,1731,125,9,6.54,0
ORBBS_611_7,ORBBS,ORBBS_611_71995,611,1995,1257840,252263,0,0,144,187,12.315,28.78,50,50,5,0,1732,50,4,3.22,0
ORBBS_611_7,ORBBS,ORBBS_611_71994,611,1994,1257840,252263,0,0,144,187,12.315,28.78,50,50,5,0,1733,50,4,2.56,0
ORBBS_611_7,ORBBS,ORBBS_611_72007,611,2007,1257840,252263,0,0,144,187,12.315,28.78,50,50,10,0,1734,50,4,6.48,0
ORBBS_611_7,ORBBS,ORBBS_611_72003,611,2003,1257840,252263,0,0,144,187,12.315,28.78,50,50,5,0,1735,50,4,6.25,0
ORBBS_611_7,ORBBS,ORBBS_611_71993,611,1993,1257840,252263,0,0,144,187,12.315,28.78,50,50,5,0,1736,50,4,0,1
ORBBS_611_7,ORBBS,ORBBS_611_71997,611,1997,1257840,252263,0,0,144,187,12.315,28.78,50,50,5,0,1737,50,4,5.82,0
ORBBS_611_7,ORBBS,ORBBS_611_71999,611,1999,1257840,252263,0,0,144,187,12.315,28.78,50,50,10,0,1738,50,4,6.07,0
ORBBS_611_7,ORBBS,ORBBS_611_72008,611,2008,1257840,252263,0,0,144,187,12.315,28.78,50,50,5,0,1739,50,4,6.53,0
ORBBS_611_7,ORBBS,ORBBS_611_72000,611,2000,1257840,252263,0,0,144,187,12.315,28.78,50,50,5,0,1740,50,4,6.15,0
ORBBS_611_7,ORBBS,ORBBS_611_72009,611,2009,1257840,252263,0,0,144,187,12.315,28.78,50,50,5,0,1741,50,4,6.58,0
ORBBS_611_7,ORBBS,ORBBS_611_72004,611,2004,1257840,252263,0,0,144,187,12.315,28.78,50,50,5,0,1742,50,4,6.32,0
ORBBS_611_7,ORBBS,ORBBS_611_71996,611,1996,1257840,252263,0,0,144,187,12.315,28.78,50,50,10,0,1743,50,4,5.71,0
ORBBS_611_7,ORBBS,ORBBS_611_72005,611,2005,1257840,252263,0,0,144,187,12.315,28.78,50,50,5,0,1744,50,4,6.36,0
ORBBS_611_7,ORBBS,ORBBS_611_72006,611,2006,1257840,252263,0,0,144,187,12.315,28.78,50,50,10,0,1745,50,4,6.44,0
ORBBS_611_7,ORBBS,ORBBS_611_72012,611,2012,1257840,252263,0,0,144,187,12.315,28.78,50,50,5,0,1746,50,4,6.63,0
ORBBS_611_7,ORBBS,ORBBS_611_71998,611,1998,1257840,252263,0,0,144,187,12.315,28.78,50,50,5,0,1747,50,4,6.02,0
ORBBS_611_8,ORBBS,ORBBS_611_82001,611,2001,1257857,252222,0,0,143,189,12.315,28.78,125,125,5,0,1748,125,9,6.18,0
ORBBS_611_8,ORBBS,ORBBS_611_82002,611,2002,1257857,252222,0,0,143,189,12.315,28.78,125,125,8,0,1749,125,9,4.645,0
ORBBS_611_8,ORBBS,ORBBS_611_82010,611,2010,1257857,252222,0,0,143,189,12.315,28.78,125,125,10,0,1750,125,9,4.89,0
ORBBS_611_8,ORBBS,ORBBS_611_82011,611,2011,1257857,252222,0,0,143,189,12.315,28.78,125,125,10,0,1751,125,9,5.33,0
ORBBS_611_8,ORBBS,ORBBS_611_82013,611,2013,1257857,252222,0,0,143,189,12.315,28.78,125,125,10,0,1752,125,9,5.76,0
ORBBS_611_8,ORBBS,ORBBS_611_82014,611,2014,1257857,252222,0,0,143,189,12.315,28.78,125,125,10,0,1753,125,9,5.96,0
ORBBS_611_8,ORBBS,ORBBS_611_82015,611,2015,1257857,252222,0,0,143,189,12.315,28.78,125,125,10,0,1754,125,9,6.1,0
ORBBS_611_8,ORBBS,ORBBS_611_82017,611,2017,1257857,252222,0,0,143,189,12.315,28.78,125,125,10,0,1755,125,9,6.41,0
ORBBS_611_8,ORBBS,ORBBS_611_82019,611,2019,1257857,252222,0,0,143,189,12.315,28.78,125,125,10,0,1756,125,9,6.54,0
ORBBS_611_8,ORBBS,ORBBS_611_81995,611,1995,1257857,252222,0,0,143,189,12.315,28.78,50,50,5,0,1757,50,4,3.22,0
ORBBS_611_8,ORBBS,ORBBS_611_81994,611,1994,1257857,252222,0,0,143,189,12.315,28.78,50,50,5,0,1758,50,4,2.56,0
ORBBS_611_8,ORBBS,ORBBS_611_82007,611,2007,1257857,252222,0,0,143,189,12.315,28.78,50,50,5,0,1759,50,4,6.48,0
ORBBS_611_8,ORBBS,ORBBS_611_82003,611,2003,1257857,252222,0,0,143,189,12.315,28.78,50,50,5,0,1760,50,4,6.25,0
ORBBS_611_8,ORBBS,ORBBS_611_81997,611,1997,1257857,252222,0,0,143,189,12.315,28.78,50,50,5,0,1761,50,4,5.82,0
ORBBS_611_8,ORBBS,ORBBS_611_81993,611,1993,1257857,252222,0,0,143,189,12.315,28.78,50,50,5,0,1762,50,4,0,1
ORBBS_611_8,ORBBS,ORBBS_611_82008,611,2008,1257857,252222,0,0,143,189,12.315,28.78,50,50,5,0,1763,50,4,6.53,0
ORBBS_611_8,ORBBS,ORBBS_611_82009,611,2009,1257857,252222,0,0,143,189,12.315,28.78,50,50,5,0,1764,50,4,6.58,0
ORBBS_611_8,ORBBS,ORBBS_611_82000,611,2000,1257857,252222,0,0,143,189,12.315,28.78,50,50,10,0,1765,50,4,6.15,0
ORBBS_611_8,ORBBS,ORBBS_611_82004,611,2004,1257857,252222,0,0,143,189,12.315,28.78,50,50,5,0,1766,50,4,6.32,0
ORBBS_611_8,ORBBS,ORBBS_611_81999,611,1999,1257857,252222,0,0,143,189,12.315,28.78,50,50,10,0,1767,50,4,6.07,0
ORBBS_611_8,ORBBS,ORBBS_611_82005,611,2005,1257857,252222,0,0,143,189,12.315,28.78,50,50,5,0,1768,50,4,6.36,0
ORBBS_611_8,ORBBS,ORBBS_611_82006,611,2006,1257857,252222,0,0,143,189,12.315,28.78,50,50,10,0,1769,50,4,6.44,0
ORBBS_611_8,ORBBS,ORBBS_611_81996,611,1996,1257857,252222,0,0,143,189,12.315,28.78,50,50,5,0,1770,50,4,5.71,0
ORBBS_611_8,ORBBS,ORBBS_611_82012,611,2012,1257857,252222,0,0,143,189,12.315,28.78,50,50,5,0,1771,50,4,6.63,0
ORBBS_611_8,ORBBS,ORBBS_611_81998,611,1998,1257857,252222,0,0,143,189,12.315,28.78,50,50,5,0,1772,50,4,6.02,0
ORBBS_611_6,ORBBS,ORBBS_611_62001,611,2001,1258105,252426,1,0,140,156,12.315,28.78,125,125,5,0,1773,125,9,6.18,0
ORBBS_611_6,ORBBS,ORBBS_611_62002,611,2002,1258105,252426,1,0,140,156,12.315,28.78,125,125,8,0,1774,125,9,4.645,0
ORBBS_611_6,ORBBS,ORBBS_611_62010,611,2010,1258105,252426,1,0,140,156,12.315,28.78,125,125,10,0,1775,125,9,4.89,0
ORBBS_611_6,ORBBS,ORBBS_611_62011,611,2011,1258105,252426,1,0,140,156,12.315,28.78,125,125,10,0,1776,125,9,5.33,0
ORBBS_611_6,ORBBS,ORBBS_611_62013,611,2013,1258105,252426,1,0,140,156,12.315,28.78,125,125,10,0,1777,125,9,5.76,0
ORBBS_611_6,ORBBS,ORBBS_611_62014,611,2014,1258105,252426,1,0,140,156,12.315,28.78,125,125,10,0,1778,125,9,5.96,0
ORBBS_611_6,ORBBS,ORBBS_611_62015,611,2015,1258105,252426,1,0,140,156,12.315,28.78,125,125,10,0,1779,125,9,6.1,0
ORBBS_611_6,ORBBS,ORBBS_611_62017,611,2017,1258105,252426,1,0,140,156,12.315,28.78,125,125,10,0,1780,125,9,6.41,0
ORBBS_611_6,ORBBS,ORBBS_611_62019,611,2019,1258105,252426,1,0,140,156,12.315,28.78,125,125,10,0,1781,125,9,6.54,0
ORBBS_611_6,ORBBS,ORBBS_611_61995,611,1995,1258105,252426,1,0,140,156,12.315,28.78,50,50,5,0,1782,50,4,3.22,0
ORBBS_611_6,ORBBS,ORBBS_611_61994,611,1994,1258105,252426,1,0,140,156,12.315,28.78,50,50,5,0,1783,50,4,2.56,0
ORBBS_611_6,ORBBS,ORBBS_611_62007,611,2007,1258105,252426,1,0,140,156,12.315,28.78,50,50,5,0,1784,50,4,6.48,0
ORBBS_611_6,ORBBS,ORBBS_611_61999,611,1999,1258105,252426,1,0,140,156,12.315,28.78,50,50,5,0,1785,50,4,6.07,0
ORBBS_611_6,ORBBS,ORBBS_611_62003,611,2003,1258105,252426,1,0,140,156,12.315,28.78,50,50,5,0,1786,50,4,6.25,0
ORBBS_611_6,ORBBS,ORBBS_611_61993,611,1993,1258105,252426,1,0,140,156,12.315,28.78,50,50,5,0,1787,50,4,0,1
ORBBS_611_6,ORBBS,ORBBS_611_61997,611,1997,1258105,252426,1,0,140,156,12.315,28.78,50,50,10,0,1788,50,4,5.82,0
ORBBS_611_6,ORBBS,ORBBS_611_62008,611,2008,1258105,252426,1,0,140,156,12.315,28.78,50,50,5,0,1789,50,4,6.53,0
ORBBS_611_6,ORBBS,ORBBS_611_62000,611,2000,1258105,252426,1,0,140,156,12.315,28.78,50,50,10,0,1790,50,4,6.15,0
ORBBS_611_6,ORBBS,ORBBS_611_62009,611,2009,1258105,252426,1,0,140,156,12.315,28.78,50,50,5,0,1791,50,4,6.58,0
ORBBS_611_6,ORBBS,ORBBS_611_62004,611,2004,1258105,252426,1,0,140,156,12.315,28.78,50,50,5,0,1792,50,4,6.32,0
ORBBS_611_6,ORBBS,ORBBS_611_61996,611,1996,1258105,252426,1,0,140,156,12.315,28.78,50,50,10,0,1793,50,4,5.71,0
ORBBS_611_6,ORBBS,ORBBS_611_62006,611,2006,1258105,252426,1,0,140,156,12.315,28.78,50,50,10,0,1794,50,4,6.44,0
ORBBS_611_6,ORBBS,ORBBS_611_62005,611,2005,1258105,252426,1,0,140,156,12.315,28.78,50,50,5,0,1795,50,4,6.36,0
ORBBS_611_6,ORBBS,ORBBS_611_62012,611,2012,1258105,252426,1,0,140,156,12.315,28.78,50,50,5,0,1796,50,4,6.63,0
ORBBS_611_6,ORBBS,ORBBS_611_61998,611,1998,1258105,252426,1,0,140,156,12.315,28.78,50,50,5,0,1797,50,4,6.02,0
ORBBS_611_4,ORBBS,ORBBS_611_42001,611,2001,1258112,252892,1,0,139,170,12.29,28.798,125,125,5,0,1798,125,9,6.18,0
ORBBS_611_4,ORBBS,ORBBS_611_42002,611,2002,1258112,252892,1,0,139,170,12.29,28.798,125,125,8,0,1799,125,9,4.645,0
ORBBS_611_4,ORBBS,ORBBS_611_42010,611,2010,1258112,252892,1,0,139,170,12.29,28.798,125,125,10,0,1800,125,9,4.89,0
ORBBS_611_4,ORBBS,ORBBS_611_42011,611,2011,1258112,252892,1,0,139,170,12.29,28.798,125,125,10,0,1801,125,9,5.33,0
ORBBS_611_4,ORBBS,ORBBS_611_42013,611,2013,1258112,252892,1,0,139,170,12.29,28.798,125,125,10,0,1802,125,9,5.76,0
ORBBS_611_4,ORBBS,ORBBS_611_42014,611,2014,1258112,252892,1,0,139,170,12.29,28.798,125,125,10,0,1803,125,9,5.96,0
ORBBS_611_4,ORBBS,ORBBS_611_42015,611,2015,1258112,252892,1,0,139,170,12.29,28.798,125,125,10,0,1804,125,9,6.1,0
ORBBS_611_4,ORBBS,ORBBS_611_42017,611,2017,1258112,252892,1,0,139,170,12.29,28.798,125,125,10,0,1805,125,9,6.41,0
ORBBS_611_4,ORBBS,ORBBS_611_42019,611,2019,1258112,252892,1,0,139,170,12.29,28.798,125,125,10,0,1806,125,9,6.54,0
ORBBS_611_4,ORBBS,ORBBS_611_41995,611,1995,1258112,252892,1,0,139,170,12.29,28.798,50,50,5,0,1807,50,4,3.22,0
ORBBS_611_4,ORBBS,ORBBS_611_41994,611,1994,1258112,252892,1,0,139,170,12.29,28.798,50,50,5,0,1808,50,4,2.56,0
ORBBS_611_4,ORBBS,ORBBS_611_41999,611,1999,1258112,252892,1,0,139,170,12.29,28.798,50,50,5,0,1809,50,4,6.07,0
ORBBS_611_4,ORBBS,ORBBS_611_42007,611,2007,1258112,252892,1,0,139,170,12.29,28.798,50,50,5,0,1810,50,4,6.48,0
ORBBS_611_4,ORBBS,ORBBS_611_42003,611,2003,1258112,252892,1,0,139,170,12.29,28.798,50,50,5,0,1811,50,4,6.25,0
ORBBS_611_4,ORBBS,ORBBS_611_41993,611,1993,1258112,252892,1,0,139,170,12.29,28.798,50,50,5,0,1812,50,4,0,1
ORBBS_611_4,ORBBS,ORBBS_611_41997,611,1997,1258112,252892,1,0,139,170,12.29,28.798,50,50,5,0,1813,50,4,5.82,0
ORBBS_611_4,ORBBS,ORBBS_611_42008,611,2008,1258112,252892,1,0,139,170,12.29,28.798,50,50,5,0,1814,50,4,6.53,0
ORBBS_611_4,ORBBS,ORBBS_611_42009,611,2009,1258112,252892,1,0,139,170,12.29,28.798,50,50,5,0,1815,50,4,6.58,0
ORBBS_611_4,ORBBS,ORBBS_611_42000,611,2000,1258112,252892,1,0,139,170,12.29,28.798,50,50,5,0,1816,50,4,6.15,0
ORBBS_611_4,ORBBS,ORBBS_611_42006,611,2006,1258112,252892,1,0,139,170,12.29,28.798,50,50,5,0,1817,50,4,6.44,0
ORBBS_611_4,ORBBS,ORBBS_611_42005,611,2005,1258112,252892,1,0,139,170,12.29,28.798,50,50,5,0,1818,50,4,6.36,0
ORBBS_611_4,ORBBS,ORBBS_611_42004,611,2004,1258112,252892,1,0,139,170,12.29,28.798,50,50,5,0,1819,50,4,6.32,0
ORBBS_611_4,ORBBS,ORBBS_611_41996,611,1996,1258112,252892,1,0,139,170,12.29,28.798,50,50,5,0,1820,50,4,5.71,0
ORBBS_611_4,ORBBS,ORBBS_611_42012,611,2012,1258112,252892,1,0,139,170,12.29,28.798,50,50,5,0,1821,50,4,6.63,0
ORBBS_611_4,ORBBS,ORBBS_611_41998,611,1998,1258112,252892,1,0,139,170,12.29,28.798,50,50,5,0,1822,50,4,6.02,0
ORBBS_611_9,ORBBS,ORBBS_611_92001,611,2001,1258215,252079,0,0,142,181,12.315,28.78,125,125,5,0,1823,125,9,6.18,0
ORBBS_611_9,ORBBS,ORBBS_611_92002,611,2002,1258215,252079,0,0,142,181,12.315,28.78,125,125,8,0,1824,125,9,4.645,0
ORBBS_611_9,ORBBS,ORBBS_611_92010,611,2010,1258215,252079,0,0,142,181,12.315,28.78,125,125,10,0,1825,125,9,4.89,0
ORBBS_611_9,ORBBS,ORBBS_611_92011,611,2011,1258215,252079,0,0,142,181,12.315,28.78,125,125,10,0,1826,125,9,5.33,0
ORBBS_611_9,ORBBS,ORBBS_611_92013,611,2013,1258215,252079,0,0,142,181,12.315,28.78,125,125,10,0,1827,125,9,5.76,0
ORBBS_611_9,ORBBS,ORBBS_611_92014,611,2014,1258215,252079,0,0,142,181,12.315,28.78,125,125,10,0,1828,125,9,5.96,0
ORBBS_611_9,ORBBS,ORBBS_611_92015,611,2015,1258215,252079,0,0,142,181,12.315,28.78,125,125,10,0,1829,125,9,6.1,0
ORBBS_611_9,ORBBS,ORBBS_611_92017,611,2017,1258215,252079,0,0,142,181,12.315,28.78,125,125,10,0,1830,125,9,6.41,0
ORBBS_611_9,ORBBS,ORBBS_611_92019,611,2019,1258215,252079,0,0,142,181,12.315,28.78,125,125,10,0,1831,125,9,6.54,0
ORBBS_611_9,ORBBS,ORBBS_611_91995,611,1995,1258215,252079,0,0,142,181,12.315,28.78,50,50,5,0,1832,50,4,3.22,0
ORBBS_611_9,ORBBS,ORBBS_611_91994,611,1994,1258215,252079,0,0,142,181,12.315,28.78,50,50,5,0,1833,50,4,2.56,0
ORBBS_611_9,ORBBS,ORBBS_611_92007,611,2007,1258215,252079,0,0,142,181,12.315,28.78,50,50,5,0,1834,50,4,6.48,0
ORBBS_611_9,ORBBS,ORBBS_611_92003,611,2003,1258215,252079,0,0,142,181,12.315,28.78,50,50,5,0,1835,50,4,6.25,0
ORBBS_611_9,ORBBS,ORBBS_611_91997,611,1997,1258215,252079,0,0,142,181,12.315,28.78,50,50,5,0,1836,50,4,5.82,0
ORBBS_611_9,ORBBS,ORBBS_611_91993,611,1993,1258215,252079,0,0,142,181,12.315,28.78,50,50,5,0,1837,50,4,0,1
ORBBS_611_9,ORBBS,ORBBS_611_92000,611,2000,1258215,252079,0,0,142,181,12.315,28.78,50,50,10,0,1838,50,4,6.15,0
ORBBS_611_9,ORBBS,ORBBS_611_92009,611,2009,1258215,252079,0,0,142,181,12.315,28.78,50,50,5,0,1839,50,4,6.58,0
ORBBS_611_9,ORBBS,ORBBS_611_91996,611,1996,1258215,252079,0,0,142,181,12.315,28.78,50,50,5,0,1840,50,4,5.71,0
ORBBS_611_9,ORBBS,ORBBS_611_92008,611,2008,1258215,252079,0,0,142,181,12.315,28.78,50,50,5,0,1841,50,4,6.53,0
ORBBS_611_9,ORBBS,ORBBS_611_92004,611,2004,1258215,252079,0,0,142,181,12.315,28.78,50,50,5,0,1842,50,4,6.32,0
ORBBS_611_9,ORBBS,ORBBS_611_92006,611,2006,1258215,252079,0,0,142,181,12.315,28.78,50,50,5,0,1843,50,4,6.44,0
ORBBS_611_9,ORBBS,ORBBS_611_92005,611,2005,1258215,252079,0,0,142,181,12.315,28.78,50,50,5,0,1844,50,4,6.36,0
ORBBS_611_9,ORBBS,ORBBS_611_91999,611,1999,1258215,252079,0,0,142,181,12.315,28.78,50,50,5,0,1845,50,4,6.07,0
ORBBS_611_9,ORBBS,ORBBS_611_92012,611,2012,1258215,252079,0,0,142,181,12.315,28.78,50,50,5,0,1846,50,4,6.63,0
ORBBS_611_9,ORBBS,ORBBS_611_91998,611,1998,1258215,252079,0,0,142,181,12.315,28.78,50,50,10,0,1847,50,4,6.02,0
ORBBS_611_5,ORBBS,ORBBS_611_52001,611,2001,1258233,252662,1,0,139,153,12.29,28.798,125,125,5,0,1848,125,9,6.18,0
ORBBS_611_5,ORBBS,ORBBS_611_52002,611,2002,1258233,252662,1,0,139,153,12.29,28.798,125,125,8,0,1849,125,9,4.645,0
ORBBS_611_5,ORBBS,ORBBS_611_52010,611,2010,1258233,252662,1,0,139,153,12.29,28.798,125,125,10,0,1850,125,9,4.89,0
ORBBS_611_5,ORBBS,ORBBS_611_52011,611,2011,1258233,252662,1,0,139,153,12.29,28.798,125,125,10,0,1851,125,9,5.33,0
ORBBS_611_5,ORBBS,ORBBS_611_52013,611,2013,1258233,252662,1,0,139,153,12.29,28.798,125,125,10,0,1852,125,9,5.76,0
ORBBS_611_5,ORBBS,ORBBS_611_52014,611,2014,1258233,252662,1,0,139,153,12.29,28.798,125,125,10,0,1853,125,9,5.96,0
ORBBS_611_5,ORBBS,ORBBS_611_52015,611,2015,1258233,252662,1,0,139,153,12.29,28.798,125,125,10,0,1854,125,9,6.1,0
ORBBS_611_5,ORBBS,ORBBS_611_52017,611,2017,1258233,252662,1,0,139,153,12.29,28.798,125,125,10,0,1855,125,9,6.41,0
ORBBS_611_5,ORBBS,ORBBS_611_52019,611,2019,1258233,252662,1,0,139,153,12.29,28.798,125,125,10,0,1856,125,9,6.54,0
ORBBS_611_5,ORBBS,ORBBS_611_51995,611,1995,1258233,252662,1,0,139,153,12.29,28.798,50,50,5,0,1857,50,4,3.22,0
ORBBS_611_5,ORBBS,ORBBS_611_51994,611,1994,1258233,252662,1,0,139,153,12.29,28.798,50,50,5,0,1858,50,4,2.56,0
ORBBS_611_5,ORBBS,ORBBS_611_51999,611,1999,1258233,252662,1,0,139,153,12.29,28.798,50,50,5,0,1859,50,4,6.07,0
ORBBS_611_5,ORBBS,ORBBS_611_52007,611,2007,1258233,252662,1,0,139,153,12.29,28.798,50,50,5,0,1860,50,4,6.48,0
ORBBS_611_5,ORBBS,ORBBS_611_51993,611,1993,1258233,252662,1,0,139,153,12.29,28.798,50,50,5,0,1861,50,4,0,1
ORBBS_611_5,ORBBS,ORBBS_611_52003,611,2003,1258233,252662,1,0,139,153,12.29,28.798,50,50,5,0,1862,50,4,6.25,0
ORBBS_611_5,ORBBS,ORBBS_611_51997,611,1997,1258233,252662,1,0,139,153,12.29,28.798,50,50,5,0,1863,50,4,5.82,0
ORBBS_611_5,ORBBS,ORBBS_611_52009,611,2009,1258233,252662,1,0,139,153,12.29,28.798,50,50,5,0,1864,50,4,6.58,0
ORBBS_611_5,ORBBS,ORBBS_611_52008,611,2008,1258233,252662,1,0,139,153,12.29,28.798,50,50,5,0,1865,50,4,6.53,0
ORBBS_611_5,ORBBS,ORBBS_611_52000,611,2000,1258233,252662,1,0,139,153,12.29,28.798,50,50,10,0,1866,50,4,6.15,0
ORBBS_611_5,ORBBS,ORBBS_611_52006,611,2006,1258233,252662,1,0,139,153,12.29,28.798,50,50,5,0,1867,50,4,6.44,0
ORBBS_611_5,ORBBS,ORBBS_611_52004,611,2004,1258233,252662,1,0,139,153,12.29,28.798,50,50,5,0,1868,50,4,6.32,0
ORBBS_611_5,ORBBS,ORBBS_611_52005,611,2005,1258233,252662,1,0,139,153,12.29,28.798,50,50,5,0,1869,50,4,6.36,0
ORBBS_611_5,ORBBS,ORBBS_611_51996,611,1996,1258233,252662,1,0,139,153,12.29,28.798,50,50,5,0,1870,50,4,5.71,0
ORBBS_611_5,ORBBS,ORBBS_611_52012,611,2012,1258233,252662,1,0,139,153,12.29,28.798,50,50,5,0,1871,50,4,6.63,0
ORBBS_611_5,ORBBS,ORBBS_611_51998,611,1998,1258233,252662,1,0,139,153,12.29,28.798,50,50,5,0,1872,50,4,6.02,0
ORBBS_611_3,ORBBS,ORBBS_611_32001,611,2001,1258418,252929,1,1,139,184,12.28,29.964,125,125,5,0,1873,125,9,6.18,0
ORBBS_611_3,ORBBS,ORBBS_611_32002,611,2002,1258418,252929,1,1,139,184,12.28,29.964,125,125,8,0,1874,125,9,4.645,0
ORBBS_611_3,ORBBS,ORBBS_611_32010,611,2010,1258418,252929,1,1,139,184,12.28,29.964,125,125,10,0,1875,125,9,4.89,0
ORBBS_611_3,ORBBS,ORBBS_611_32011,611,2011,1258418,252929,1,1,139,184,12.28,29.964,125,125,10,0,1876,125,9,5.33,0
ORBBS_611_3,ORBBS,ORBBS_611_32013,611,2013,1258418,252929,1,1,139,184,12.28,29.964,125,125,10,0,1877,125,9,5.76,0
ORBBS_611_3,ORBBS,ORBBS_611_32014,611,2014,1258418,252929,1,1,139,184,12.28,29.964,125,125,10,0,1878,125,9,5.96,0
ORBBS_611_3,ORBBS,ORBBS_611_32015,611,2015,1258418,252929,1,1,139,184,12.28,29.964,125,125,10,0,1879,125,9,6.1,0
ORBBS_611_3,ORBBS,ORBBS_611_32017,611,2017,1258418,252929,1,1,139,184,12.28,29.964,125,125,10,0,1880,125,9,6.41,0
ORBBS_611_3,ORBBS,ORBBS_611_32019,611,2019,1258418,252929,1,1,139,184,12.28,29.964,125,125,10,0,1881,125,9,6.54,0
ORBBS_611_3,ORBBS,ORBBS_611_31995,611,1995,1258418,252929,1,1,139,184,12.28,29.964,50,50,5,0,1882,50,4,3.22,0
ORBBS_611_3,ORBBS,ORBBS_611_31999,611,1999,1258418,252929,1,1,139,184,12.28,29.964,50,50,10,0,1883,50,4,6.07,0
ORBBS_611_3,ORBBS,ORBBS_611_31994,611,1994,1258418,252929,1,1,139,184,12.28,29.964,50,50,5,0,1884,50,4,2.56,0
ORBBS_611_3,ORBBS,ORBBS_611_32007,611,2007,1258418,252929,1,1,139,184,12.28,29.964,50,50,5,0,1885,50,4,6.48,0
ORBBS_611_3,ORBBS,ORBBS_611_31997,611,1997,1258418,252929,1,1,139,184,12.28,29.964,50,50,5,0,1886,50,4,5.82,0
ORBBS_611_3,ORBBS,ORBBS_611_31993,611,1993,1258418,252929,1,1,139,184,12.28,29.964,50,50,5,0,1887,50,4,0,1
ORBBS_611_3,ORBBS,ORBBS_611_32003,611,2003,1258418,252929,1,1,139,184,12.28,29.964,50,50,5,0,1888,50,4,6.25,0
ORBBS_611_3,ORBBS,ORBBS_611_32000,611,2000,1258418,252929,1,1,139,184,12.28,29.964,50,50,5,0,1889,50,4,6.15,0
ORBBS_611_3,ORBBS,ORBBS_611_32008,611,2008,1258418,252929,1,1,139,184,12.28,29.964,50,50,5,0,1890,50,4,6.53,0
ORBBS_611_3,ORBBS,ORBBS_611_32006,611,2006,1258418,252929,1,1,139,184,12.28,29.964,50,50,5,0,1891,50,4,6.44,0
ORBBS_611_3,ORBBS,ORBBS_611_32009,611,2009,1258418,252929,1,1,139,184,12.28,29.964,50,50,10,0,1892,50,4,6.58,0
ORBBS_611_3,ORBBS,ORBBS_611_32004,611,2004,1258418,252929,1,1,139,184,12.28,29.964,50,50,5,0,1893,50,4,6.32,0
ORBBS_611_3,ORBBS,ORBBS_611_31996,611,1996,1258418,252929,1,1,139,184,12.28,29.964,50,50,5,0,1894,50,4,5.71,0
ORBBS_611_3,ORBBS,ORBBS_611_32005,611,2005,1258418,252929,1,1,139,184,12.28,29.964,50,50,5,0,1895,50,4,6.36,0
ORBBS_611_3,ORBBS,ORBBS_611_32012,611,2012,1258418,252929,1,1,139,184,12.28,29.964,50,50,5,0,1896,50,4,6.63,0
ORBBS_611_3,ORBBS,ORBBS_611_31998,611,1998,1258418,252929,1,1,139,184,12.28,29.964,50,50,5,0,1897,50,4,6.02,0
ORBBS_611_10,ORBBS,ORBBS_611_102001,611,2001,1258448,252012,0,0,139,172,12.315,29.363,125,125,5,0,1898,125,9,6.18,0
ORBBS_611_10,ORBBS,ORBBS_611_102002,611,2002,1258448,252012,0,0,139,172,12.315,29.363,125,125,8,0,1899,125,9,4.645,0
ORBBS_611_10,ORBBS,ORBBS_611_102010,611,2010,1258448,252012,0,0,139,172,12.315,29.363,125,125,10,0,1900,125,9,4.89,0
ORBBS_611_10,ORBBS,ORBBS_611_102011,611,2011,1258448,252012,0,0,139,172,12.315,29.363,125,125,10,0,1901,125,9,5.33,0
ORBBS_611_10,ORBBS,ORBBS_611_102013,611,2013,1258448,252012,0,0,139,172,12.315,29.363,125,125,10,0,1902,125,9,5.76,0
ORBBS_611_10,ORBBS,ORBBS_611_102014,611,2014,1258448,252012,0,0,139,172,12.315,29.363,125,125,10,0,1903,125,9,5.96,0
ORBBS_611_10,ORBBS,ORBBS_611_102015,611,2015,1258448,252012,0,0,139,172,12.315,29.363,125,125,10,0,1904,125,9,6.1,0
ORBBS_611_10,ORBBS,ORBBS_611_102017,611,2017,1258448,252012,0,0,139,172,12.315,29.363,125,125,10,0,1905,125,9,6.41,0
ORBBS_611_10,ORBBS,ORBBS_611_102019,611,2019,1258448,252012,0,0,139,172,12.315,29.363,125,125,10,0,1906,125,9,6.54,0
ORBBS_611_10,ORBBS,ORBBS_611_101994,611,1994,1258448,252012,0,0,139,172,12.315,29.363,50,50,5,0,1907,50,4,2.56,0
ORBBS_611_10,ORBBS,ORBBS_611_101995,611,1995,1258448,252012,0,0,139,172,12.315,29.363,50,50,5,0,1908,50,4,3.22,0
ORBBS_611_10,ORBBS,ORBBS_611_102007,611,2007,1258448,252012,0,0,139,172,12.315,29.363,50,50,10,0,1909,50,4,6.48,0
ORBBS_611_10,ORBBS,ORBBS_611_102003,611,2003,1258448,252012,0,0,139,172,12.315,29.363,50,50,5,0,1910,50,4,6.25,0
ORBBS_611_10,ORBBS,ORBBS_611_101997,611,1997,1258448,252012,0,0,139,172,12.315,29.363,50,50,10,0,1911,50,4,5.82,0
ORBBS_611_10,ORBBS,ORBBS_611_101993,611,1993,1258448,252012,0,0,139,172,12.315,29.363,50,50,5,0,1912,50,4,0,1
ORBBS_611_10,ORBBS,ORBBS_611_102000,611,2000,1258448,252012,0,0,139,172,12.315,29.363,50,50,10,0,1913,50,4,6.15,0
ORBBS_611_10,ORBBS,ORBBS_611_102009,611,2009,1258448,252012,0,0,139,172,12.315,29.363,50,50,5,0,1914,50,4,6.58,0
ORBBS_611_10,ORBBS,ORBBS_611_102008,611,2008,1258448,252012,0,0,139,172,12.315,29.363,50,50,5,0,1915,50,4,6.53,0
ORBBS_611_10,ORBBS,ORBBS_611_102004,611,2004,1258448,252012,0,0,139,172,12.315,29.363,50,50,10,0,1916,50,4,6.32,0
ORBBS_611_10,ORBBS,ORBBS_611_101996,611,1996,1258448,252012,0,0,139,172,12.315,29.363,50,50,5,0,1917,50,4,5.71,0
ORBBS_611_10,ORBBS,ORBBS_611_102006,611,2006,1258448,252012,0,0,139,172,12.315,29.363,50,50,5,0,1918,50,4,6.44,0
ORBBS_611_10,ORBBS,ORBBS_611_102005,611,2005,1258448,252012,0,0,139,172,12.315,29.363,50,50,5,0,1919,50,4,6.36,0
ORBBS_611_10,ORBBS,ORBBS_611_101999,611,1999,1258448,252012,0,0,139,172,12.315,29.363,50,50,5,0,1920,50,4,6.07,0
ORBBS_611_10,ORBBS,ORBBS_611_102012,611,2012,1258448,252012,0,0,139,172,12.315,29.363,50,50,5,0,1921,50,4,6.63,0
ORBBS_611_10,ORBBS,ORBBS_611_101998,611,1998,1258448,252012,0,0,139,172,12.315,29.363,50,50,5,0,1922,50,4,6.02,0
ORBBS_611_2,ORBBS,ORBBS_611_22001,611,2001,1258673,252839,1,1,139,182,12.29,28.798,125,125,5,0,1923,125,9,6.18,0
ORBBS_611_2,ORBBS,ORBBS_611_22002,611,2002,1258673,252839,1,1,139,182,12.29,28.798,125,125,8,0,1924,125,9,4.645,0
ORBBS_611_2,ORBBS,ORBBS_611_22010,611,2010,1258673,252839,1,1,139,182,12.29,28.798,125,125,10,0,1925,125,9,4.89,0
ORBBS_611_2,ORBBS,ORBBS_611_22011,611,2011,1258673,252839,1,1,139,182,12.29,28.798,125,125,10,0,1926,125,9,5.33,0
ORBBS_611_2,ORBBS,ORBBS_611_22013,611,2013,1258673,252839,1,1,139,182,12.29,28.798,125,125,10,0,1927,125,9,5.76,0
ORBBS_611_2,ORBBS,ORBBS_611_22014,611,2014,1258673,252839,1,1,139,182,12.29,28.798,125,125,10,0,1928,125,9,5.96,0
ORBBS_611_2,ORBBS,ORBBS_611_22015,611,2015,1258673,252839,1,1,139,182,12.29,28.798,125,125,10,0,1929,125,9,6.1,0
ORBBS_611_2,ORBBS,ORBBS_611_22017,611,2017,1258673,252839,1,1,139,182,12.29,28.798,125,125,10,0,1930,125,9,6.41,0
ORBBS_611_2,ORBBS,ORBBS_611_22019,611,2019,1258673,252839,1,1,139,182,12.29,28.798,125,125,10,0,1931,125,9,6.54,0
ORBBS_611_2,ORBBS,ORBBS_611_21995,611,1995,1258673,252839,1,1,139,182,12.29,28.798,50,50,5,0,1932,50,4,3.22,0
ORBBS_611_2,ORBBS,ORBBS_611_21999,611,1999,1258673,252839,1,1,139,182,12.29,28.798,50,50,5,0,1933,50,4,6.07,0
ORBBS_611_2,ORBBS,ORBBS_611_21994,611,1994,1258673,252839,1,1,139,182,12.29,28.798,50,50,5,0,1934,50,4,2.56,0
ORBBS_611_2,ORBBS,ORBBS_611_22007,611,2007,1258673,252839,1,1,139,182,12.29,28.798,50,50,5,0,1935,50,4,6.48,0
ORBBS_611_2,ORBBS,ORBBS_611_21993,611,1993,1258673,252839,1,1,139,182,12.29,28.798,50,50,5,0,1936,50,4,0,1
ORBBS_611_2,ORBBS,ORBBS_611_21997,611,1997,1258673,252839,1,1,139,182,12.29,28.798,50,50,5,0,1937,50,4,5.82,0
ORBBS_611_2,ORBBS,ORBBS_611_22003,611,2003,1258673,252839,1,1,139,182,12.29,28.798,50,50,5,0,1938,50,4,6.25,0
ORBBS_611_2,ORBBS,ORBBS_611_22000,611,2000,1258673,252839,1,1,139,182,12.29,28.798,50,50,5,0,1939,50,4,6.15,0
ORBBS_611_2,ORBBS,ORBBS_611_22006,611,2006,1258673,252839,1,1,139,182,12.29,28.798,50,50,5,0,1940,50,4,6.44,0
ORBBS_611_2,ORBBS,ORBBS_611_22008,611,2008,1258673,252839,1,1,139,182,12.29,28.798,50,50,5,0,1941,50,4,6.53,0
ORBBS_611_2,ORBBS,ORBBS_611_22009,611,2009,1258673,252839,1,1,139,182,12.29,28.798,50,50,5,0,1942,50,4,6.58,0
ORBBS_611_2,ORBBS,ORBBS_611_21996,611,1996,1258673,252839,1,1,139,182,12.29,28.798,50,50,5,0,1943,50,4,5.71,0
ORBBS_611_2,ORBBS,ORBBS_611_22004,611,2004,1258673,252839,1,1,139,182,12.29,28.798,50,50,5,0,1944,50,4,6.32,0
ORBBS_611_2,ORBBS,ORBBS_611_22005,611,2005,1258673,252839,1,1,139,182,12.29,28.798,50,50,5,0,1945,50,4,6.36,0
ORBBS_611_2,ORBBS,ORBBS_611_22012,611,2012,1258673,252839,1,1,139,182,12.29,28.798,50,50,5,0,1946,50,4,6.63,0
ORBBS_611_2,ORBBS,ORBBS_611_21998,611,1998,1258673,252839,1,1,139,182,12.29,28.798,50,50,5,0,1947,50,4,6.02,0
ORBBS_611_11,ORBBS,ORBBS_611_112001,611,2001,1258754,251927,0,0,135,160,12.305,28.815,125,125,5,0,1948,125,9,6.18,0
ORBBS_611_11,ORBBS,ORBBS_611_112002,611,2002,1258754,251927,0,0,135,160,12.305,28.815,125,125,8,0,1949,125,9,4.645,0
ORBBS_611_11,ORBBS,ORBBS_611_112010,611,2010,1258754,251927,0,0,135,160,12.305,28.815,125,125,10,0,1950,125,9,4.89,0
ORBBS_611_11,ORBBS,ORBBS_611_112011,611,2011,1258754,251927,0,0,135,160,12.305,28.815,125,125,10,0,1951,125,9,5.33,0
ORBBS_611_11,ORBBS,ORBBS_611_112014,611,2014,1258754,251927,0,0,135,160,12.305,28.815,125,125,10,0,1952,125,9,5.96,0
ORBBS_611_11,ORBBS,ORBBS_611_112015,611,2015,1258754,251927,0,0,135,160,12.305,28.815,125,125,10,0,1953,125,9,6.1,0
ORBBS_611_11,ORBBS,ORBBS_611_112017,611,2017,1258754,251927,0,0,135,160,12.305,28.815,125,125,10,0,1954,125,9,6.41,0
ORBBS_611_11,ORBBS,ORBBS_611_112019,611,2019,1258754,251927,0,0,135,160,12.305,28.815,125,125,10,0,1955,125,9,6.54,0
ORBBS_611_11,ORBBS,ORBBS_611_111994,611,1994,1258754,251927,0,0,135,160,12.305,28.815,50,50,5,0,1956,50,4,2.56,0
ORBBS_611_11,ORBBS,ORBBS_611_111995,611,1995,1258754,251927,0,0,135,160,12.305,28.815,50,50,5,0,1957,50,4,3.22,0
ORBBS_611_11,ORBBS,ORBBS_611_112007,611,2007,1258754,251927,0,0,135,160,12.305,28.815,50,50,5,0,1958,50,4,6.48,0
ORBBS_611_11,ORBBS,ORBBS_611_111997,611,1997,1258754,251927,0,0,135,160,12.305,28.815,50,50,10,0,1959,50,4,5.82,0
ORBBS_611_11,ORBBS,ORBBS_611_111993,611,1993,1258754,251927,0,0,135,160,12.305,28.815,50,50,5,0,1960,50,4,0,1
ORBBS_611_11,ORBBS,ORBBS_611_112003,611,2003,1258754,251927,0,0,135,160,12.305,28.815,50,50,10,0,1961,50,4,6.25,0
ORBBS_611_11,ORBBS,ORBBS_611_112000,611,2000,1258754,251927,0,0,135,160,12.305,28.815,50,50,10,0,1962,50,4,6.15,0
ORBBS_611_11,ORBBS,ORBBS_611_112009,611,2009,1258754,251927,0,0,135,160,12.305,28.815,50,50,5,0,1963,50,4,6.58,0
ORBBS_611_11,ORBBS,ORBBS_611_112008,611,2008,1258754,251927,0,0,135,160,12.305,28.815,50,50,5,0,1964,50,4,6.53,0
ORBBS_611_11,ORBBS,ORBBS_611_111996,611,1996,1258754,251927,0,0,135,160,12.305,28.815,50,50,5,0,1965,50,4,5.71,0
ORBBS_611_11,ORBBS,ORBBS_611_112005,611,2005,1258754,251927,0,0,135,160,12.305,28.815,50,50,5,0,1966,50,4,6.36,0
ORBBS_611_11,ORBBS,ORBBS_611_112006,611,2006,1258754,251927,0,0,135,160,12.305,28.815,50,50,10,0,1967,50,4,6.44,0
ORBBS_611_11,ORBBS,ORBBS_611_112004,611,2004,1258754,251927,0,0,135,160,12.305,28.815,50,50,10,0,1968,50,4,6.32,0
ORBBS_611_11,ORBBS,ORBBS_611_111999,611,1999,1258754,251927,0,0,135,160,12.305,28.815,50,50,5,0,1969,50,4,6.07,0
ORBBS_611_11,ORBBS,ORBBS_611_111998,611,1998,1258754,251927,0,0,135,160,12.305,28.815,50,50,5,0,1970,50,4,6.02,0
ORBBS_611_1,ORBBS,ORBBS_611_12001,611,2001,1258911,252774,1,1,139,182,12.305,28.295,125,125,5,0,1971,125,9,6.18,0
ORBBS_611_1,ORBBS,ORBBS_611_12002,611,2002,1258911,252774,1,1,139,182,12.305,28.295,125,125,8,0,1972,125,9,4.645,0
ORBBS_611_1,ORBBS,ORBBS_611_12010,611,2010,1258911,252774,1,1,139,182,12.305,28.295,125,125,10,0,1973,125,9,4.89,0
ORBBS_611_1,ORBBS,ORBBS_611_12011,611,2011,1258911,252774,1,1,139,182,12.305,28.295,125,125,10,0,1974,125,9,5.33,0
ORBBS_611_1,ORBBS,ORBBS_611_12013,611,2013,1258911,252774,1,1,139,182,12.305,28.295,125,125,10,0,1975,125,9,5.76,0
ORBBS_611_1,ORBBS,ORBBS_611_12014,611,2014,1258911,252774,1,1,139,182,12.305,28.295,125,125,10,0,1976,125,9,5.96,0
ORBBS_611_1,ORBBS,ORBBS_611_12015,611,2015,1258911,252774,1,1,139,182,12.305,28.295,125,125,10,0,1977,125,9,6.1,0
ORBBS_611_1,ORBBS,ORBBS_611_12017,611,2017,1258911,252774,1,1,139,182,12.305,28.295,125,125,10,0,1978,125,9,6.41,0
ORBBS_611_1,ORBBS,ORBBS_611_12019,611,2019,1258911,252774,1,1,139,182,12.305,28.295,125,125,10,0,1979,125,9,6.54,0
ORBBS_611_1,ORBBS,ORBBS_611_11995,611,1995,1258911,252774,1,1,139,182,12.305,28.295,50,50,5,0,1980,50,4,3.22,0
ORBBS_611_1,ORBBS,ORBBS_611_11999,611,1999,1258911,252774,1,1,139,182,12.305,28.295,50,50,10,0,1981,50,4,6.07,0
ORBBS_611_1,ORBBS,ORBBS_611_12007,611,2007,1258911,252774,1,1,139,182,12.305,28.295,50,50,10,0,1982,50,4,6.48,0
ORBBS_611_1,ORBBS,ORBBS_611_11994,611,1994,1258911,252774,1,1,139,182,12.305,28.295,50,50,5,0,1983,50,4,2.56,0
ORBBS_611_1,ORBBS,ORBBS_611_12000,611,2000,1258911,252774,1,1,139,182,12.305,28.295,50,50,5,0,1984,50,4,6.15,0
ORBBS_611_1,ORBBS,ORBBS_611_12003,611,2003,1258911,252774,1,1,139,182,12.305,28.295,50,50,5,0,1985,50,4,6.25,0
ORBBS_611_1,ORBBS,ORBBS_611_11993,611,1993,1258911,252774,1,1,139,182,12.305,28.295,50,50,5,0,1986,50,4,0,1
ORBBS_611_1,ORBBS,ORBBS_611_11997,611,1997,1258911,252774,1,1,139,182,12.305,28.295,50,50,5,0,1987,50,4,5.82,0
ORBBS_611_1,ORBBS,ORBBS_611_12006,611,2006,1258911,252774,1,1,139,182,12.305,28.295,50,50,5,0,1988,50,4,6.44,0
ORBBS_611_1,ORBBS,ORBBS_611_11996,611,1996,1258911,252774,1,1,139,182,12.305,28.295,50,50,5,0,1989,50,4,5.71,0
ORBBS_611_1,ORBBS,ORBBS_611_12008,611,2008,1258911,252774,1,1,139,182,12.305,28.295,50,50,5,0,1990,50,4,6.53,0
ORBBS_611_1,ORBBS,ORBBS_611_12004,611,2004,1258911,252774,1,1,139,182,12.305,28.295,50,50,5,0,1991,50,4,6.32,0
ORBBS_611_1,ORBBS,ORBBS_611_12009,611,2009,1258911,252774,1,1,139,182,12.305,28.295,50,50,5,0,1992,50,4,6.58,0
ORBBS_611_1,ORBBS,ORBBS_611_12012,611,2012,1258911,252774,1,1,139,182,12.305,28.295,50,50,5,0,1993,50,4,6.63,0
ORBBS_611_1,ORBBS,ORBBS_611_11998,611,1998,1258911,252774,1,1,139,182,12.305,28.295,50,50,5,0,1994,50,4,6.02,0
ORBBS_611_1,ORBBS,ORBBS_611_12005,611,2005,1258911,252774,1,1,139,182,12.305,28.295,50,50,5,0,1995,50,4,6.36,0
ORBBS_611_12,ORBBS,ORBBS_611_122001,611,2001,1258991,251999,1,0,135,148,12.31,28.349,125,125,5,0,1996,125,9,6.18,0
ORBBS_611_12,ORBBS,ORBBS_611_122002,611,2002,1258991,251999,1,0,135,148,12.31,28.349,125,125,8,0,1997,125,9,4.645,0
ORBBS_611_12,ORBBS,ORBBS_611_122010,611,2010,1258991,251999,1,0,135,148,12.31,28.349,125,125,10,0,1998,125,9,4.89,0
ORBBS_611_12,ORBBS,ORBBS_611_122011,611,2011,1258991,251999,1,0,135,148,12.31,28.349,125,125,10,0,1999,125,9,5.33,0
ORBBS_611_12,ORBBS,ORBBS_611_122013,611,2013,1258991,251999,1,0,135,148,12.31,28.349,125,125,10,0,2000,125,9,5.76,0
ORBBS_611_12,ORBBS,ORBBS_611_122014,611,2014,1258991,251999,1,0,135,148,12.31,28.349,125,125,10,0,2001,125,9,5.96,0
ORBBS_611_12,ORBBS,ORBBS_611_122015,611,2015,1258991,251999,1,0,135,148,12.31,28.349,125,125,10,0,2002,125,9,6.1,0
ORBBS_611_12,ORBBS,ORBBS_611_122017,611,2017,1258991,251999,1,0,135,148,12.31,28.349,125,125,10,0,2003,125,9,6.41,0
ORBBS_611_12,ORBBS,ORBBS_611_122019,611,2019,1258991,251999,1,0,135,148,12.31,28.349,125,125,10,0,2004,125,9,6.54,0
ORBBS_611_12,ORBBS,ORBBS_611_121994,611,1994,1258991,251999,1,0,135,148,12.31,28.349,50,50,5,0,2005,50,4,2.56,0
ORBBS_611_12,ORBBS,ORBBS_611_121995,611,1995,1258991,251999,1,0,135,148,12.31,28.349,50,50,5,0,2006,50,4,3.22,0
ORBBS_611_12,ORBBS,ORBBS_611_122007,611,2007,1258991,251999,1,0,135,148,12.31,28.349,50,50,5,0,2007,50,4,6.48,0
ORBBS_611_12,ORBBS,ORBBS_611_121997,611,1997,1258991,251999,1,0,135,148,12.31,28.349,50,50,5,0,2008,50,4,5.82,0
ORBBS_611_12,ORBBS,ORBBS_611_122003,611,2003,1258991,251999,1,0,135,148,12.31,28.349,50,50,5,0,2009,50,4,6.25,0
ORBBS_611_12,ORBBS,ORBBS_611_121993,611,1993,1258991,251999,1,0,135,148,12.31,28.349,50,50,5,0,2010,50,4,0,1
ORBBS_611_12,ORBBS,ORBBS_611_122000,611,2000,1258991,251999,1,0,135,148,12.31,28.349,50,50,5,0,2011,50,4,6.15,0
ORBBS_611_12,ORBBS,ORBBS_611_122009,611,2009,1258991,251999,1,0,135,148,12.31,28.349,50,50,5,0,2012,50,4,6.58,0
ORBBS_611_12,ORBBS,ORBBS_611_122005,611,2005,1258991,251999,1,0,135,148,12.31,28.349,50,50,10,0,2013,50,4,6.36,0
ORBBS_611_12,ORBBS,ORBBS_611_122008,611,2008,1258991,251999,1,0,135,148,12.31,28.349,50,50,5,0,2014,50,4,6.53,0
ORBBS_611_12,ORBBS,ORBBS_611_121996,611,1996,1258991,251999,1,0,135,148,12.31,28.349,50,50,5,0,2015,50,4,5.71,0
ORBBS_611_12,ORBBS,ORBBS_611_122012,611,2012,1258991,251999,1,0,135,148,12.31,28.349,50,50,5,0,2016,50,4,6.63,0
ORBBS_611_12,ORBBS,ORBBS_611_122004,611,2004,1258991,251999,1,0,135,148,12.31,28.349,50,50,5,0,2017,50,4,6.32,0
ORBBS_611_12,ORBBS,ORBBS_611_121999,611,1999,1258991,251999,1,0,135,148,12.31,28.349,50,50,10,0,2018,50,4,6.07,0
ORBBS_611_12,ORBBS,ORBBS_611_122006,611,2006,1258991,251999,1,0,135,148,12.31,28.349,50,50,5,0,2019,50,4,6.44,0
ORBBS_611_12,ORBBS,ORBBS_611_121998,611,1998,1258991,251999,1,0,135,148,12.31,28.349,50,50,5,0,2020,50,4,6.02,0
ORBBS_607_1,ORBBS,ORBBS_607_12001,607,2001,1276424,236137,1,1,54,49,13.325,32.084,125,125,5,0,2021,125,9,0,1
ORBBS_607_1,ORBBS,ORBBS_607_12002,607,2002,1276424,236137,1,1,54,49,13.325,32.084,125,125,8,0,2022,125,9,4.43,0
ORBBS_607_1,ORBBS,ORBBS_607_12004,607,2004,1276424,236137,1,1,54,49,13.325,32.084,125,125,10,0,2023,125,9,6.61,0
ORBBS_607_1,ORBBS,ORBBS_607_12006,607,2006,1276424,236137,1,1,54,49,13.325,32.084,125,125,10,0,2024,125,9,6.71,0
ORBBS_607_1,ORBBS,ORBBS_607_12008,607,2008,1276424,236137,1,1,54,49,13.325,32.084,125,125,10,0,2025,125,9,6.76,0
ORBBS_607_1,ORBBS,ORBBS_607_12010,607,2010,1276424,236137,1,1,54,49,13.325,32.084,125,125,10,0,2026,125,9,6.87,0
ORBBS_607_1,ORBBS,ORBBS_607_12013,607,2013,1276424,236137,1,1,54,49,13.325,32.084,125,125,10,0,2027,125,9,6.99,0
ORBBS_607_1,ORBBS,ORBBS_607_12014,607,2014,1276424,236137,1,1,54,49,13.325,32.084,125,125,10,0,2028,125,9,7.03,0
ORBBS_607_1,ORBBS,ORBBS_607_12016,607,2016,1276424,236137,1,1,54,49,13.325,32.084,125,125,10,0,2029,125,9,7.08,0
ORBBS_607_1,ORBBS,ORBBS_607_12018,607,2018,1276424,236137,1,1,54,49,13.325,32.084,125,125,10,0,2030,125,9,7.1,0
ORBBS_607_1,ORBBS,ORBBS_607_12020,607,2020,1276424,236137,1,1,54,49,13.325,32.084,125,125,10,0,2031,125,9,7.16,0
ORBBS_607_1,ORBBS,ORBBS_607_12000,607,2000,1276424,236137,1,1,54,49,13.325,32.084,50,50,5,0,2032,50,4,6.5,0
ORBBS_607_1,ORBBS,ORBBS_607_11995,607,1995,1276424,236137,1,1,54,49,13.325,32.084,50,50,5,0,2033,50,4,5.496666667,0
ORBBS_607_1,ORBBS,ORBBS_607_11994,607,1994,1276424,236137,1,1,54,49,13.325,32.084,50,50,5,0,2034,50,4,1.24125,1
ORBBS_607_1,ORBBS,ORBBS_607_11997,607,1997,1276424,236137,1,1,54,49,13.325,32.084,50,50,5,0,2035,50,4,6.15,0
ORBBS_607_1,ORBBS,ORBBS_607_11993,607,1993,1276424,236137,1,1,54,49,13.325,32.084,50,50,5,0,2036,50,4,0,1
ORBBS_607_1,ORBBS,ORBBS_607_11998,607,1998,1276424,236137,1,1,54,49,13.325,32.084,50,50,5,0,2037,50,4,6.32,0
ORBBS_607_1,ORBBS,ORBBS_607_11996,607,1996,1276424,236137,1,1,54,49,13.325,32.084,50,50,5,0,2038,50,4,5.78,0
ORBBS_607_1,ORBBS,ORBBS_607_11999,607,1999,1276424,236137,1,1,54,49,13.325,32.084,50,50,5,0,2039,50,4,1.975,1
ORBBS_607_12,ORBBS,ORBBS_607_122001,607,2001,1276528,235599,1,0,52,49,13.195,31.739,125,125,5,0,2040,125,9,0,1
ORBBS_607_12,ORBBS,ORBBS_607_122002,607,2002,1276528,235599,1,0,52,49,13.195,31.739,125,125,8,0,2041,125,9,4.43,0
ORBBS_607_12,ORBBS,ORBBS_607_122004,607,2004,1276528,235599,1,0,52,49,13.195,31.739,125,125,10,0,2042,125,9,6.61,0
ORBBS_607_12,ORBBS,ORBBS_607_122006,607,2006,1276528,235599,1,0,52,49,13.195,31.739,125,125,10,0,2043,125,9,6.71,0
ORBBS_607_12,ORBBS,ORBBS_607_122008,607,2008,1276528,235599,1,0,52,49,13.195,31.739,125,125,10,0,2044,125,9,6.76,0
ORBBS_607_12,ORBBS,ORBBS_607_122010,607,2010,1276528,235599,1,0,52,49,13.195,31.739,125,125,10,0,2045,125,9,6.87,0
ORBBS_607_12,ORBBS,ORBBS_607_122013,607,2013,1276528,235599,1,0,52,49,13.195,31.739,125,125,10,0,2046,125,9,6.99,0
ORBBS_607_12,ORBBS,ORBBS_607_122014,607,2014,1276528,235599,1,0,52,49,13.195,31.739,125,125,10,0,2047,125,9,7.03,0
ORBBS_607_12,ORBBS,ORBBS_607_122016,607,2016,1276528,235599,1,0,52,49,13.195,31.739,125,125,10,0,2048,125,9,7.08,0
ORBBS_607_12,ORBBS,ORBBS_607_122018,607,2018,1276528,235599,1,0,52,49,13.195,31.739,125,125,10,0,2049,125,9,7.1,0
ORBBS_607_12,ORBBS,ORBBS_607_122020,607,2020,1276528,235599,1,0,52,49,13.195,31.739,125,125,10,0,2050,125,9,7.16,0
ORBBS_607_12,ORBBS,ORBBS_607_121994,607,1994,1276528,235599,1,0,52,49,13.195,31.739,50,50,5,0,2051,50,4,1.24125,1
ORBBS_607_12,ORBBS,ORBBS_607_122000,607,2000,1276528,235599,1,0,52,49,13.195,31.739,50,50,5,0,2052,50,4,6.5,0
ORBBS_607_12,ORBBS,ORBBS_607_121993,607,1993,1276528,235599,1,0,52,49,13.195,31.739,50,50,5,0,2053,50,4,0,1
ORBBS_607_12,ORBBS,ORBBS_607_121995,607,1995,1276528,235599,1,0,52,49,13.195,31.739,50,50,5,0,2054,50,4,5.496666667,0
ORBBS_607_12,ORBBS,ORBBS_607_121996,607,1996,1276528,235599,1,0,52,49,13.195,31.739,50,50,5,0,2055,50,4,5.78,0
ORBBS_607_12,ORBBS,ORBBS_607_121998,607,1998,1276528,235599,1,0,52,49,13.195,31.739,50,50,5,0,2056,50,4,6.32,0
ORBBS_607_12,ORBBS,ORBBS_607_121997,607,1997,1276528,235599,1,0,52,49,13.195,31.739,50,50,5,0,2057,50,4,6.15,0
ORBBS_607_12,ORBBS,ORBBS_607_121999,607,1999,1276528,235599,1,0,52,49,13.195,31.739,50,50,5,0,2058,50,4,1.975,1
ORBBS_607_3,ORBBS,ORBBS_607_32001,607,2001,1276630,236780,1,0,39,41,13.335,32.334,125,125,5,0,2059,125,9,0,1
ORBBS_607_3,ORBBS,ORBBS_607_32002,607,2002,1276630,236780,1,0,39,41,13.335,32.334,125,125,8,0,2060,125,9,4.43,0
ORBBS_607_3,ORBBS,ORBBS_607_32004,607,2004,1276630,236780,1,0,39,41,13.335,32.334,125,125,10,0,2061,125,9,6.61,0
ORBBS_607_3,ORBBS,ORBBS_607_32006,607,2006,1276630,236780,1,0,39,41,13.335,32.334,125,125,10,0,2062,125,9,6.71,0
ORBBS_607_3,ORBBS,ORBBS_607_32008,607,2008,1276630,236780,1,0,39,41,13.335,32.334,125,125,10,0,2063,125,9,6.76,0
ORBBS_607_3,ORBBS,ORBBS_607_32010,607,2010,1276630,236780,1,0,39,41,13.335,32.334,125,125,10,0,2064,125,9,6.87,0
ORBBS_607_3,ORBBS,ORBBS_607_32013,607,2013,1276630,236780,1,0,39,41,13.335,32.334,125,125,10,0,2065,125,9,6.99,0
ORBBS_607_3,ORBBS,ORBBS_607_32014,607,2014,1276630,236780,1,0,39,41,13.335,32.334,125,125,10,0,2066,125,9,7.03,0
ORBBS_607_3,ORBBS,ORBBS_607_32016,607,2016,1276630,236780,1,0,39,41,13.335,32.334,125,125,10,0,2067,125,9,7.08,0
ORBBS_607_3,ORBBS,ORBBS_607_32018,607,2018,1276630,236780,1,0,39,41,13.335,32.334,125,125,10,0,2068,125,9,7.1,0
ORBBS_607_3,ORBBS,ORBBS_607_32020,607,2020,1276630,236780,1,0,39,41,13.335,32.334,125,125,10,0,2069,125,9,7.16,0
ORBBS_607_3,ORBBS,ORBBS_607_32000,607,2000,1276630,236780,1,0,39,41,13.335,32.334,50,50,5,0,2070,50,4,6.5,0
ORBBS_607_3,ORBBS,ORBBS_607_31995,607,1995,1276630,236780,1,0,39,41,13.335,32.334,50,50,5,0,2071,50,4,5.496666667,0
ORBBS_607_3,ORBBS,ORBBS_607_31994,607,1994,1276630,236780,1,0,39,41,13.335,32.334,50,50,5,0,2072,50,4,1.24125,1
ORBBS_607_3,ORBBS,ORBBS_607_31993,607,1993,1276630,236780,1,0,39,41,13.335,32.334,50,50,5,0,2073,50,4,0,1
ORBBS_607_3,ORBBS,ORBBS_607_31996,607,1996,1276630,236780,1,0,39,41,13.335,32.334,50,50,5,0,2074,50,4,5.78,0
ORBBS_607_3,ORBBS,ORBBS_607_31997,607,1997,1276630,236780,1,0,39,41,13.335,32.334,50,50,5,0,2075,50,4,6.15,0
ORBBS_607_3,ORBBS,ORBBS_607_31998,607,1998,1276630,236780,1,0,39,41,13.335,32.334,50,50,5,0,2076,50,4,6.32,0
ORBBS_607_3,ORBBS,ORBBS_607_31999,607,1999,1276630,236780,1,0,39,41,13.335,32.334,50,50,5,0,2077,50,4,1.975,1
ORBBS_607_2,ORBBS,ORBBS_607_22001,607,2001,1276718,236206,1,1,36,42,13.325,32.084,125,125,5,0,2078,125,9,0,1
ORBBS_607_2,ORBBS,ORBBS_607_22002,607,2002,1276718,236206,1,1,36,42,13.325,32.084,125,125,8,0,2079,125,9,4.43,0
ORBBS_607_2,ORBBS,ORBBS_607_22004,607,2004,1276718,236206,1,1,36,42,13.325,32.084,125,125,10,0,2080,125,9,6.61,0
ORBBS_607_2,ORBBS,ORBBS_607_22006,607,2006,1276718,236206,1,1,36,42,13.325,32.084,125,125,10,0,2081,125,9,6.71,0
ORBBS_607_2,ORBBS,ORBBS_607_22008,607,2008,1276718,236206,1,1,36,42,13.325,32.084,125,125,10,0,2082,125,9,6.76,0
ORBBS_607_2,ORBBS,ORBBS_607_22010,607,2010,1276718,236206,1,1,36,42,13.325,32.084,125,125,10,0,2083,125,9,6.87,0
ORBBS_607_2,ORBBS,ORBBS_607_22013,607,2013,1276718,236206,1,1,36,42,13.325,32.084,125,125,10,0,2084,125,9,6.99,0
ORBBS_607_2,ORBBS,ORBBS_607_22014,607,2014,1276718,236206,1,1,36,42,13.325,32.084,125,125,10,0,2085,125,9,7.03,0
ORBBS_607_2,ORBBS,ORBBS_607_22016,607,2016,1276718,236206,1,1,36,42,13.325,32.084,125,125,10,0,2086,125,9,7.08,0
ORBBS_607_2,ORBBS,ORBBS_607_22018,607,2018,1276718,236206,1,1,36,42,13.325,32.084,125,125,10,0,2087,125,9,7.1,0
ORBBS_607_2,ORBBS,ORBBS_607_22020,607,2020,1276718,236206,1,1,36,42,13.325,32.084,125,125,10,0,2088,125,9,7.16,0
ORBBS_607_2,ORBBS,ORBBS_607_22000,607,2000,1276718,236206,1,1,36,42,13.325,32.084,50,50,5,0,2089,50,4,6.5,0
ORBBS_607_2,ORBBS,ORBBS_607_21995,607,1995,1276718,236206,1,1,36,42,13.325,32.084,50,50,5,0,2090,50,4,5.496666667,0
ORBBS_607_2,ORBBS,ORBBS_607_21994,607,1994,1276718,236206,1,1,36,42,13.325,32.084,50,50,5,0,2091,50,4,1.24125,1
ORBBS_607_2,ORBBS,ORBBS_607_21997,607,1997,1276718,236206,1,1,36,42,13.325,32.084,50,50,5,0,2092,50,4,6.15,0
ORBBS_607_2,ORBBS,ORBBS_607_21993,607,1993,1276718,236206,1,1,36,42,13.325,32.084,50,50,5,0,2093,50,4,0,1
ORBBS_607_2,ORBBS,ORBBS_607_21996,607,1996,1276718,236206,1,1,36,42,13.325,32.084,50,50,5,0,2094,50,4,5.78,0
ORBBS_607_2,ORBBS,ORBBS_607_21998,607,1998,1276718,236206,1,1,36,42,13.325,32.084,50,50,5,0,2095,50,4,6.32,0
ORBBS_607_2,ORBBS,ORBBS_607_21999,607,1999,1276718,236206,1,1,36,42,13.325,32.084,50,50,5,0,2096,50,4,1.975,1
ORBBS_607_11,ORBBS,ORBBS_607_112001,607,2001,1276813,235585,1,0,49,42,13.195,31.739,125,125,5,0,2097,125,9,0,1
ORBBS_607_11,ORBBS,ORBBS_607_112002,607,2002,1276813,235585,1,0,49,42,13.195,31.739,125,125,8,0,2098,125,9,4.43,0
ORBBS_607_11,ORBBS,ORBBS_607_112004,607,2004,1276813,235585,1,0,49,42,13.195,31.739,125,125,10,0,2099,125,9,6.61,0
ORBBS_607_11,ORBBS,ORBBS_607_112006,607,2006,1276813,235585,1,0,49,42,13.195,31.739,125,125,10,0,2100,125,9,6.71,0
ORBBS_607_11,ORBBS,ORBBS_607_112008,607,2008,1276813,235585,1,0,49,42,13.195,31.739,125,125,10,0,2101,125,9,6.76,0
ORBBS_607_11,ORBBS,ORBBS_607_112010,607,2010,1276813,235585,1,0,49,42,13.195,31.739,125,125,10,0,2102,125,9,6.87,0
ORBBS_607_11,ORBBS,ORBBS_607_112013,607,2013,1276813,235585,1,0,49,42,13.195,31.739,125,125,10,0,2103,125,9,6.99,0
ORBBS_607_11,ORBBS,ORBBS_607_112014,607,2014,1276813,235585,1,0,49,42,13.195,31.739,125,125,10,0,2104,125,9,7.03,0
ORBBS_607_11,ORBBS,ORBBS_607_112016,607,2016,1276813,235585,1,0,49,42,13.195,31.739,125,125,10,0,2105,125,9,7.08,0
ORBBS_607_11,ORBBS,ORBBS_607_112018,607,2018,1276813,235585,1,0,49,42,13.195,31.739,125,125,10,0,2106,125,9,7.1,0
ORBBS_607_11,ORBBS,ORBBS_607_112020,607,2020,1276813,235585,1,0,49,42,13.195,31.739,125,125,10,0,2107,125,9,7.16,0
ORBBS_607_11,ORBBS,ORBBS_607_111994,607,1994,1276813,235585,1,0,49,42,13.195,31.739,50,50,5,0,2108,50,4,1.24125,1
ORBBS_607_11,ORBBS,ORBBS_607_112000,607,2000,1276813,235585,1,0,49,42,13.195,31.739,50,50,5,0,2109,50,4,6.5,0
ORBBS_607_11,ORBBS,ORBBS_607_111993,607,1993,1276813,235585,1,0,49,42,13.195,31.739,50,50,5,0,2110,50,4,0,1
ORBBS_607_11,ORBBS,ORBBS_607_111995,607,1995,1276813,235585,1,0,49,42,13.195,31.739,50,50,5,0,2111,50,4,5.496666667,0
ORBBS_607_11,ORBBS,ORBBS_607_111996,607,1996,1276813,235585,1,0,49,42,13.195,31.739,50,50,5,0,2112,50,4,5.78,0
ORBBS_607_11,ORBBS,ORBBS_607_111998,607,1998,1276813,235585,1,0,49,42,13.195,31.739,50,50,5,0,2113,50,4,6.32,0
ORBBS_607_11,ORBBS,ORBBS_607_111997,607,1997,1276813,235585,1,0,49,42,13.195,31.739,50,50,5,0,2114,50,4,6.15,0
ORBBS_607_11,ORBBS,ORBBS_607_111999,607,1999,1276813,235585,1,0,49,42,13.195,31.739,50,50,5,0,2115,50,4,1.975,1
ORBBS_607_4,ORBBS,ORBBS_607_42001,607,2001,1276880,236493,1,0,30,37,13.335,32.334,125,125,5,0,2116,125,9,0,1
ORBBS_607_4,ORBBS,ORBBS_607_42002,607,2002,1276880,236493,1,0,30,37,13.335,32.334,125,125,8,0,2117,125,9,4.43,0
ORBBS_607_4,ORBBS,ORBBS_607_42004,607,2004,1276880,236493,1,0,30,37,13.335,32.334,125,125,10,0,2118,125,9,6.61,0
ORBBS_607_4,ORBBS,ORBBS_607_42006,607,2006,1276880,236493,1,0,30,37,13.335,32.334,125,125,10,0,2119,125,9,6.71,0
ORBBS_607_4,ORBBS,ORBBS_607_42008,607,2008,1276880,236493,1,0,30,37,13.335,32.334,125,125,10,0,2120,125,9,6.76,0
ORBBS_607_4,ORBBS,ORBBS_607_42010,607,2010,1276880,236493,1,0,30,37,13.335,32.334,125,125,10,0,2121,125,9,6.87,0
ORBBS_607_4,ORBBS,ORBBS_607_42013,607,2013,1276880,236493,1,0,30,37,13.335,32.334,125,125,10,0,2122,125,9,6.99,0
ORBBS_607_4,ORBBS,ORBBS_607_42014,607,2014,1276880,236493,1,0,30,37,13.335,32.334,125,125,10,0,2123,125,9,7.03,0
ORBBS_607_4,ORBBS,ORBBS_607_42016,607,2016,1276880,236493,1,0,30,37,13.335,32.334,125,125,10,0,2124,125,9,7.08,0
ORBBS_607_4,ORBBS,ORBBS_607_42018,607,2018,1276880,236493,1,0,30,37,13.335,32.334,125,125,10,0,2125,125,9,7.1,0
ORBBS_607_4,ORBBS,ORBBS_607_42020,607,2020,1276880,236493,1,0,30,37,13.335,32.334,125,125,10,0,2126,125,9,7.16,0
ORBBS_607_4,ORBBS,ORBBS_607_41995,607,1995,1276880,236493,1,0,30,37,13.335,32.334,50,50,5,0,2127,50,4,5.496666667,0
ORBBS_607_4,ORBBS,ORBBS_607_42000,607,2000,1276880,236493,1,0,30,37,13.335,32.334,50,50,5,0,2128,50,4,6.5,0
ORBBS_607_4,ORBBS,ORBBS_607_41993,607,1993,1276880,236493,1,0,30,37,13.335,32.334,50,50,5,0,2129,50,4,0,1
ORBBS_607_4,ORBBS,ORBBS_607_41994,607,1994,1276880,236493,1,0,30,37,13.335,32.334,50,50,5,0,2130,50,4,1.24125,1
ORBBS_607_4,ORBBS,ORBBS_607_41996,607,1996,1276880,236493,1,0,30,37,13.335,32.334,50,50,5,0,2131,50,4,5.78,0
ORBBS_607_4,ORBBS,ORBBS_607_41997,607,1997,1276880,236493,1,0,30,37,13.335,32.334,50,50,5,0,2132,50,4,6.15,0
ORBBS_607_4,ORBBS,ORBBS_607_41998,607,1998,1276880,236493,1,0,30,37,13.335,32.334,50,50,5,0,2133,50,4,6.32,0
ORBBS_607_4,ORBBS,ORBBS_607_41999,607,1999,1276880,236493,1,0,30,37,13.335,32.334,50,50,5,0,2134,50,4,1.975,1
ORBBS_607_10,ORBBS,ORBBS_607_102001,607,2001,1277166,235575,1,0,41,30,13.24,31.885,125,125,5,0,2135,125,9,0,1
ORBBS_607_10,ORBBS,ORBBS_607_102002,607,2002,1277166,235575,1,0,41,30,13.24,31.885,125,125,8,0,2136,125,9,4.43,0
ORBBS_607_10,ORBBS,ORBBS_607_102004,607,2004,1277166,235575,1,0,41,30,13.24,31.885,125,125,10,0,2137,125,9,6.61,0
ORBBS_607_10,ORBBS,ORBBS_607_102006,607,2006,1277166,235575,1,0,41,30,13.24,31.885,125,125,10,0,2138,125,9,6.71,0
ORBBS_607_10,ORBBS,ORBBS_607_102008,607,2008,1277166,235575,1,0,41,30,13.24,31.885,125,125,10,0,2139,125,9,6.76,0
ORBBS_607_10,ORBBS,ORBBS_607_102010,607,2010,1277166,235575,1,0,41,30,13.24,31.885,125,125,10,0,2140,125,9,6.87,0
ORBBS_607_10,ORBBS,ORBBS_607_102013,607,2013,1277166,235575,1,0,41,30,13.24,31.885,125,125,10,0,2141,125,9,6.99,0
ORBBS_607_10,ORBBS,ORBBS_607_102014,607,2014,1277166,235575,1,0,41,30,13.24,31.885,125,125,10,0,2142,125,9,7.03,0
ORBBS_607_10,ORBBS,ORBBS_607_102016,607,2016,1277166,235575,1,0,41,30,13.24,31.885,125,125,10,0,2143,125,9,7.08,0
ORBBS_607_10,ORBBS,ORBBS_607_102018,607,2018,1277166,235575,1,0,41,30,13.24,31.885,125,125,10,0,2144,125,9,7.1,0
ORBBS_607_10,ORBBS,ORBBS_607_102020,607,2020,1277166,235575,1,0,41,30,13.24,31.885,125,125,10,0,2145,125,9,7.16,0
ORBBS_607_10,ORBBS,ORBBS_607_101995,607,1995,1277166,235575,1,0,41,30,13.24,31.885,50,50,5,0,2146,50,4,5.496666667,0
ORBBS_607_10,ORBBS,ORBBS_607_101994,607,1994,1277166,235575,1,0,41,30,13.24,31.885,50,50,5,0,2147,50,4,1.24125,1
ORBBS_607_10,ORBBS,ORBBS_607_102000,607,2000,1277166,235575,1,0,41,30,13.24,31.885,50,50,5,0,2148,50,4,6.5,0
ORBBS_607_10,ORBBS,ORBBS_607_101993,607,1993,1277166,235575,1,0,41,30,13.24,31.885,50,50,5,0,2149,50,4,0,1
ORBBS_607_10,ORBBS,ORBBS_607_101996,607,1996,1277166,235575,1,0,41,30,13.24,31.885,50,50,5,0,2150,50,4,5.78,0
ORBBS_607_10,ORBBS,ORBBS_607_101998,607,1998,1277166,235575,1,0,41,30,13.24,31.885,50,50,5,0,2151,50,4,6.32,0
ORBBS_607_10,ORBBS,ORBBS_607_101997,607,1997,1277166,235575,1,0,41,30,13.24,31.885,50,50,5,0,2152,50,4,6.15,0
ORBBS_607_10,ORBBS,ORBBS_607_101999,607,1999,1277166,235575,1,0,41,30,13.24,31.885,50,50,5,0,2153,50,4,1.975,1
ORBBS_607_9,ORBBS,ORBBS_607_92001,607,2001,1277190,235764,1,0,33,31,13.24,31.885,125,125,5,0,2154,125,9,0,1
ORBBS_607_9,ORBBS,ORBBS_607_92002,607,2002,1277190,235764,1,0,33,31,13.24,31.885,125,125,8,0,2155,125,9,4.43,0
ORBBS_607_9,ORBBS,ORBBS_607_92004,607,2004,1277190,235764,1,0,33,31,13.24,31.885,125,125,10,0,2156,125,9,6.61,0
ORBBS_607_9,ORBBS,ORBBS_607_92006,607,2006,1277190,235764,1,0,33,31,13.24,31.885,125,125,10,0,2157,125,9,6.71,0
ORBBS_607_9,ORBBS,ORBBS_607_92008,607,2008,1277190,235764,1,0,33,31,13.24,31.885,125,125,10,0,2158,125,9,6.76,0
ORBBS_607_9,ORBBS,ORBBS_607_92010,607,2010,1277190,235764,1,0,33,31,13.24,31.885,125,125,10,0,2159,125,9,6.87,0
ORBBS_607_9,ORBBS,ORBBS_607_92013,607,2013,1277190,235764,1,0,33,31,13.24,31.885,125,125,10,0,2160,125,9,6.99,0
ORBBS_607_9,ORBBS,ORBBS_607_92014,607,2014,1277190,235764,1,0,33,31,13.24,31.885,125,125,10,0,2161,125,9,7.03,0
ORBBS_607_9,ORBBS,ORBBS_607_92016,607,2016,1277190,235764,1,0,33,31,13.24,31.885,125,125,10,0,2162,125,9,7.08,0
ORBBS_607_9,ORBBS,ORBBS_607_92018,607,2018,1277190,235764,1,0,33,31,13.24,31.885,125,125,10,0,2163,125,9,7.1,0
ORBBS_607_9,ORBBS,ORBBS_607_92020,607,2020,1277190,235764,1,0,33,31,13.24,31.885,125,125,10,0,2164,125,9,7.16,0
ORBBS_607_9,ORBBS,ORBBS_607_92000,607,2000,1277190,235764,1,0,33,31,13.24,31.885,50,50,5,0,2165,50,4,6.5,0
ORBBS_607_9,ORBBS,ORBBS_607_91994,607,1994,1277190,235764,1,0,33,31,13.24,31.885,50,50,5,0,2166,50,4,1.24125,1
ORBBS_607_9,ORBBS,ORBBS_607_91993,607,1993,1277190,235764,1,0,33,31,13.24,31.885,50,50,5,0,2167,50,4,0,1
ORBBS_607_9,ORBBS,ORBBS_607_91995,607,1995,1277190,235764,1,0,33,31,13.24,31.885,50,50,5,0,2168,50,4,5.496666667,0
ORBBS_607_9,ORBBS,ORBBS_607_91996,607,1996,1277190,235764,1,0,33,31,13.24,31.885,50,50,5,0,2169,50,4,5.78,0
ORBBS_607_9,ORBBS,ORBBS_607_91998,607,1998,1277190,235764,1,0,33,31,13.24,31.885,50,50,5,0,2170,50,4,6.32,0
ORBBS_607_9,ORBBS,ORBBS_607_91997,607,1997,1277190,235764,1,0,33,31,13.24,31.885,50,50,5,0,2171,50,4,6.15,0
ORBBS_607_9,ORBBS,ORBBS_607_91999,607,1999,1277190,235764,1,0,33,31,13.24,31.885,50,50,5,0,2172,50,4,1.975,1
ORBBS_607_5,ORBBS,ORBBS_607_52001,607,2001,1277191,236351,1,0,21,31,13.325,32.084,125,125,5,0,2173,125,9,0,1
ORBBS_607_5,ORBBS,ORBBS_607_52002,607,2002,1277191,236351,1,0,21,31,13.325,32.084,125,125,8,0,2174,125,9,4.43,0
ORBBS_607_5,ORBBS,ORBBS_607_52004,607,2004,1277191,236351,1,0,21,31,13.325,32.084,125,125,10,0,2175,125,9,6.61,0
ORBBS_607_5,ORBBS,ORBBS_607_52006,607,2006,1277191,236351,1,0,21,31,13.325,32.084,125,125,10,0,2176,125,9,6.71,0
ORBBS_607_5,ORBBS,ORBBS_607_52008,607,2008,1277191,236351,1,0,21,31,13.325,32.084,125,125,10,0,2177,125,9,6.76,0
ORBBS_607_5,ORBBS,ORBBS_607_52010,607,2010,1277191,236351,1,0,21,31,13.325,32.084,125,125,10,0,2178,125,9,6.87,0
ORBBS_607_5,ORBBS,ORBBS_607_52013,607,2013,1277191,236351,1,0,21,31,13.325,32.084,125,125,10,0,2179,125,9,6.99,0
ORBBS_607_5,ORBBS,ORBBS_607_52014,607,2014,1277191,236351,1,0,21,31,13.325,32.084,125,125,10,0,2180,125,9,7.03,0
ORBBS_607_5,ORBBS,ORBBS_607_52016,607,2016,1277191,236351,1,0,21,31,13.325,32.084,125,125,10,0,2181,125,9,7.08,0
ORBBS_607_5,ORBBS,ORBBS_607_52018,607,2018,1277191,236351,1,0,21,31,13.325,32.084,125,125,10,0,2182,125,9,7.1,0
ORBBS_607_5,ORBBS,ORBBS_607_52020,607,2020,1277191,236351,1,0,21,31,13.325,32.084,125,125,10,0,2183,125,9,7.16,0
ORBBS_607_5,ORBBS,ORBBS_607_52000,607,2000,1277191,236351,1,0,21,31,13.325,32.084,50,50,5,0,2184,50,4,6.5,0
ORBBS_607_5,ORBBS,ORBBS_607_51995,607,1995,1277191,236351,1,0,21,31,13.325,32.084,50,50,5,0,2185,50,4,5.496666667,0
ORBBS_607_5,ORBBS,ORBBS_607_51994,607,1994,1277191,236351,1,0,21,31,13.325,32.084,50,50,5,0,2186,50,4,1.24125,1
ORBBS_607_5,ORBBS,ORBBS_607_51993,607,1993,1277191,236351,1,0,21,31,13.325,32.084,50,50,5,0,2187,50,4,0,1
ORBBS_607_5,ORBBS,ORBBS_607_51996,607,1996,1277191,236351,1,0,21,31,13.325,32.084,50,50,5,0,2188,50,4,5.78,0
ORBBS_607_5,ORBBS,ORBBS_607_51998,607,1998,1277191,236351,1,0,21,31,13.325,32.084,50,50,5,0,2189,50,4,6.32,0
ORBBS_607_5,ORBBS,ORBBS_607_51997,607,1997,1277191,236351,1,0,21,31,13.325,32.084,50,50,5,0,2190,50,4,6.15,0
ORBBS_607_5,ORBBS,ORBBS_607_51999,607,1999,1277191,236351,1,0,21,31,13.325,32.084,50,50,5,0,2191,50,4,1.975,1
ORBBS_607_6,ORBBS,ORBBS_607_62001,607,2001,1277450,236456,1,0,23,25,13.485,32.439,125,125,5,0,2192,125,9,0,1
ORBBS_607_6,ORBBS,ORBBS_607_62002,607,2002,1277450,236456,1,0,23,25,13.485,32.439,125,125,8,0,2193,125,9,4.43,0
ORBBS_607_6,ORBBS,ORBBS_607_62004,607,2004,1277450,236456,1,0,23,25,13.485,32.439,125,125,10,0,2194,125,9,6.61,0
ORBBS_607_6,ORBBS,ORBBS_607_62006,607,2006,1277450,236456,1,0,23,25,13.485,32.439,125,125,10,0,2195,125,9,6.71,0
ORBBS_607_6,ORBBS,ORBBS_607_62008,607,2008,1277450,236456,1,0,23,25,13.485,32.439,125,125,10,0,2196,125,9,6.76,0
ORBBS_607_6,ORBBS,ORBBS_607_62010,607,2010,1277450,236456,1,0,23,25,13.485,32.439,125,125,10,0,2197,125,9,6.87,0
ORBBS_607_6,ORBBS,ORBBS_607_62013,607,2013,1277450,236456,1,0,23,25,13.485,32.439,125,125,10,0,2198,125,9,6.99,0
ORBBS_607_6,ORBBS,ORBBS_607_62014,607,2014,1277450,236456,1,0,23,25,13.485,32.439,125,125,10,0,2199,125,9,7.03,0
ORBBS_607_6,ORBBS,ORBBS_607_62016,607,2016,1277450,236456,1,0,23,25,13.485,32.439,125,125,10,0,2200,125,9,7.08,0
ORBBS_607_6,ORBBS,ORBBS_607_62018,607,2018,1277450,236456,1,0,23,25,13.485,32.439,125,125,10,0,2201,125,9,7.1,0
ORBBS_607_6,ORBBS,ORBBS_607_62020,607,2020,1277450,236456,1,0,23,25,13.485,32.439,125,125,10,0,2202,125,9,7.16,0
ORBBS_607_6,ORBBS,ORBBS_607_62000,607,2000,1277450,236456,1,0,23,25,13.485,32.439,50,50,5,0,2203,50,4,6.5,0
ORBBS_607_6,ORBBS,ORBBS_607_61994,607,1994,1277450,236456,1,0,23,25,13.485,32.439,50,50,5,0,2204,50,4,1.24125,1
ORBBS_607_6,ORBBS,ORBBS_607_61995,607,1995,1277450,236456,1,0,23,25,13.485,32.439,50,50,5,0,2205,50,4,5.496666667,0
ORBBS_607_6,ORBBS,ORBBS_607_61996,607,1996,1277450,236456,1,0,23,25,13.485,32.439,50,50,5,0,2206,50,4,5.78,0
ORBBS_607_6,ORBBS,ORBBS_607_61993,607,1993,1277450,236456,1,0,23,25,13.485,32.439,50,50,5,0,2207,50,4,0,1
ORBBS_607_6,ORBBS,ORBBS_607_61997,607,1997,1277450,236456,1,0,23,25,13.485,32.439,50,50,5,0,2208,50,4,6.15,0
ORBBS_607_6,ORBBS,ORBBS_607_61998,607,1998,1277450,236456,1,0,23,25,13.485,32.439,50,50,5,0,2209,50,4,6.32,0
ORBBS_607_6,ORBBS,ORBBS_607_61999,607,1999,1277450,236456,1,0,23,25,13.485,32.439,50,50,5,0,2210,50,4,1.975,1
ORBBS_607_8,ORBBS,ORBBS_607_82001,607,2001,1277561,235937,1,0,30,22,13.375,31.993,125,125,5,0,2211,125,9,0,1
ORBBS_607_8,ORBBS,ORBBS_607_82002,607,2002,1277561,235937,1,0,30,22,13.375,31.993,125,125,8,0,2212,125,9,4.43,0
ORBBS_607_8,ORBBS,ORBBS_607_82004,607,2004,1277561,235937,1,0,30,22,13.375,31.993,125,125,10,0,2213,125,9,6.61,0
ORBBS_607_8,ORBBS,ORBBS_607_82006,607,2006,1277561,235937,1,0,30,22,13.375,31.993,125,125,10,0,2214,125,9,6.71,0
ORBBS_607_8,ORBBS,ORBBS_607_82008,607,2008,1277561,235937,1,0,30,22,13.375,31.993,125,125,10,0,2215,125,9,6.76,0
ORBBS_607_8,ORBBS,ORBBS_607_82010,607,2010,1277561,235937,1,0,30,22,13.375,31.993,125,125,10,0,2216,125,9,6.87,0
ORBBS_607_8,ORBBS,ORBBS_607_82013,607,2013,1277561,235937,1,0,30,22,13.375,31.993,125,125,10,0,2217,125,9,6.99,0
ORBBS_607_8,ORBBS,ORBBS_607_82014,607,2014,1277561,235937,1,0,30,22,13.375,31.993,125,125,10,0,2218,125,9,7.03,0
ORBBS_607_8,ORBBS,ORBBS_607_82016,607,2016,1277561,235937,1,0,30,22,13.375,31.993,125,125,10,0,2219,125,9,7.08,0
ORBBS_607_8,ORBBS,ORBBS_607_82018,607,2018,1277561,235937,1,0,30,22,13.375,31.993,125,125,10,0,2220,125,9,7.1,0
ORBBS_607_8,ORBBS,ORBBS_607_82020,607,2020,1277561,235937,1,0,30,22,13.375,31.993,125,125,10,0,2221,125,9,7.16,0
ORBBS_607_8,ORBBS,ORBBS_607_82000,607,2000,1277561,235937,1,0,30,22,13.375,31.993,50,50,5,0,2222,50,4,6.5,0
ORBBS_607_8,ORBBS,ORBBS_607_81994,607,1994,1277561,235937,1,0,30,22,13.375,31.993,50,50,5,0,2223,50,4,1.24125,1
ORBBS_607_8,ORBBS,ORBBS_607_81995,607,1995,1277561,235937,1,0,30,22,13.375,31.993,50,50,5,0,2224,50,4,5.496666667,0
ORBBS_607_8,ORBBS,ORBBS_607_81993,607,1993,1277561,235937,1,0,30,22,13.375,31.993,50,50,5,0,2225,50,4,0,1
ORBBS_607_8,ORBBS,ORBBS_607_81996,607,1996,1277561,235937,1,0,30,22,13.375,31.993,50,50,5,0,2226,50,4,5.78,0
ORBBS_607_8,ORBBS,ORBBS_607_81998,607,1998,1277561,235937,1,0,30,22,13.375,31.993,50,50,5,0,2227,50,4,6.32,0
ORBBS_607_8,ORBBS,ORBBS_607_81997,607,1997,1277561,235937,1,0,30,22,13.375,31.993,50,50,5,0,2228,50,4,6.15,0
ORBBS_607_8,ORBBS,ORBBS_607_81999,607,1999,1277561,235937,1,0,30,22,13.375,31.993,50,50,5,0,2229,50,4,1.975,1
ORBBS_607_7,ORBBS,ORBBS_607_72001,607,2001,1277583,236363,1,0,21,22,13.425,32.207,125,125,5,0,2230,125,9,0,1
ORBBS_607_7,ORBBS,ORBBS_607_72002,607,2002,1277583,236363,1,0,21,22,13.425,32.207,125,125,8,0,2231,125,9,4.43,0
ORBBS_607_7,ORBBS,ORBBS_607_72004,607,2004,1277583,236363,1,0,21,22,13.425,32.207,125,125,10,0,2232,125,9,6.61,0
ORBBS_607_7,ORBBS,ORBBS_607_72006,607,2006,1277583,236363,1,0,21,22,13.425,32.207,125,125,10,0,2233,125,9,6.71,0
ORBBS_607_7,ORBBS,ORBBS_607_72008,607,2008,1277583,236363,1,0,21,22,13.425,32.207,125,125,10,0,2234,125,9,6.76,0
ORBBS_607_7,ORBBS,ORBBS_607_72010,607,2010,1277583,236363,1,0,21,22,13.425,32.207,125,125,10,0,2235,125,9,6.87,0
ORBBS_607_7,ORBBS,ORBBS_607_72013,607,2013,1277583,236363,1,0,21,22,13.425,32.207,125,125,10,0,2236,125,9,6.99,0
ORBBS_607_7,ORBBS,ORBBS_607_72014,607,2014,1277583,236363,1,0,21,22,13.425,32.207,125,125,10,0,2237,125,9,7.03,0
ORBBS_607_7,ORBBS,ORBBS_607_72016,607,2016,1277583,236363,1,0,21,22,13.425,32.207,125,125,10,0,2238,125,9,7.08,0
ORBBS_607_7,ORBBS,ORBBS_607_72018,607,2018,1277583,236363,1,0,21,22,13.425,32.207,125,125,10,0,2239,125,9,7.1,0
ORBBS_607_7,ORBBS,ORBBS_607_72020,607,2020,1277583,236363,1,0,21,22,13.425,32.207,125,125,10,0,2240,125,9,7.16,0
ORBBS_607_7,ORBBS,ORBBS_607_72000,607,2000,1277583,236363,1,0,21,22,13.425,32.207,50,50,5,0,2241,50,4,6.5,0
ORBBS_607_7,ORBBS,ORBBS_607_71994,607,1994,1277583,236363,1,0,21,22,13.425,32.207,50,50,5,0,2242,50,4,1.24125,1
ORBBS_607_7,ORBBS,ORBBS_607_71995,607,1995,1277583,236363,1,0,21,22,13.425,32.207,50,50,5,0,2243,50,4,5.496666667,0
ORBBS_607_7,ORBBS,ORBBS_607_71993,607,1993,1277583,236363,1,0,21,22,13.425,32.207,50,50,5,0,2244,50,4,0,1
ORBBS_607_7,ORBBS,ORBBS_607_71996,607,1996,1277583,236363,1,0,21,22,13.425,32.207,50,50,5,0,2245,50,4,5.78,0
ORBBS_607_7,ORBBS,ORBBS_607_71998,607,1998,1277583,236363,1,0,21,22,13.425,32.207,50,50,5,0,2246,50,4,6.32,0
ORBBS_607_7,ORBBS,ORBBS_607_71997,607,1997,1277583,236363,1,0,21,22,13.425,32.207,50,50,5,0,2247,50,4,6.15,0
ORBBS_607_7,ORBBS,ORBBS_607_71999,607,1999,1277583,236363,1,0,21,22,13.425,32.207,50,50,5,0,2248,50,4,1.975,1
