pointid,Project,Block,Point,Year,Date,StartTime,Observer,DOY
ORBBS_602_8,ORBBS,602,8,2001,6/15/2001,6:47,"Cotter, Paul A",166
ORBBS_602_8,ORBBS,602,8,2002,6/18/2002,6:30,"Cotter, Paul A",169
ORBBS_602_8,ORBBS,602,8,2004,6/16/2004,8:39,"Handel, Colleen M",168
ORBBS_602_8,ORBBS,602,8,2006,6/14/2006,9:03,"Handel, Colleen M",165
ORBBS_602_8,ORBBS,602,8,2008,6/19/2008,9:03,"Handel, Colleen M",171
ORBBS_602_8,ORBBS,602,8,2010,6/14/2010,8:22,"Handel, Colleen M",165
ORBBS_602_8,ORBBS,602,8,2012,6/18/2012,8:48,"Handel, Colleen M",170
ORBBS_602_8,ORBBS,602,8,2013,6/20/2013,9:02,"Handel, Colleen M",171
ORBBS_602_8,ORBBS,602,8,2014,6/16/2014,7:44,"Handel, Colleen M",167
ORBBS_602_8,ORBBS,602,8,2016,6/15/2016,7:03,"Pajot, Lisa M",167
ORBBS_602_8,ORBBS,602,8,2018,6/20/2018,8:21,"Handel, Colleen M",171
ORBBS_602_8,ORBBS,602,8,2020,6/17/2020,7:41,"Handel, Colleen M",169
ORBBS_602_8,ORBBS,602,8,1996,6/22/1996,6:01,"Scott, Hustace  H",174
ORBBS_602_8,ORBBS,602,8,1995,6/28/1995,6:10,"deZeeuw, Maureen L",179
ORBBS_602_8,ORBBS,602,8,1994,6/27/1994,6:33,"Handel, Colleen M",178
ORBBS_602_8,ORBBS,602,8,1995,6/15/1995,6:37,"Matsuoka, Steve M",166
ORBBS_602_8,ORBBS,602,8,1999,6/17/1999,6:40,"Matsuoka, Steve M",168
ORBBS_602_8,ORBBS,602,8,1995,6/2/1995,6:46,"Sotak, Diane L",153
ORBBS_602_8,ORBBS,602,8,1996,6/17/1996,6:50,"Matsuoka, Steve M",169
ORBBS_602_8,ORBBS,602,8,1993,6/26/1993,6:59,JDMason,177
ORBBS_602_8,ORBBS,602,8,1994,5/31/1994,7:00,"Ricketts, Julia C",151
ORBBS_602_8,ORBBS,602,8,1994,6/15/1994,7:06,"Krajcirik, Lisa M",166
ORBBS_602_8,ORBBS,602,8,1995,5/27/1995,7:07,"Matsuoka, Steve M",147
ORBBS_602_8,ORBBS,602,8,2000,6/16/2000,7:10,"Handel, Colleen M",168
ORBBS_602_8,ORBBS,602,8,1996,5/28/1996,7:11,"Matsuoka, Steve M",149
ORBBS_602_8,ORBBS,602,8,1995,5/22/1995,7:11,"Matsuoka, Steve M",142
ORBBS_602_8,ORBBS,602,8,1993,5/24/1993,7:18,"Matsuoka, Steve M",144
ORBBS_602_8,ORBBS,602,8,1994,5/24/1994,7:25,"Handel, Colleen M",144
ORBBS_602_8,ORBBS,602,8,1997,6/22/1997,7:25,"Handel, Colleen M",173
ORBBS_602_8,ORBBS,602,8,1996,5/22/1996,7:27,"Matsuoka, Steve M",143
ORBBS_602_8,ORBBS,602,8,1993,6/17/1993,7:29,"Matsuoka, Steve M",168
ORBBS_602_8,ORBBS,602,8,1996,6/9/1996,7:30,"Handel, Colleen M",161
ORBBS_602_8,ORBBS,602,8,1996,5/13/1996,7:32,"Matsuoka, Steve M",134
ORBBS_602_8,ORBBS,602,8,1993,6/4/1993,7:32,JDMason,155
ORBBS_602_8,ORBBS,602,8,1996,5/18/1996,7:35,"Matsuoka, Steve M",139
ORBBS_602_8,ORBBS,602,8,1996,5/7/1996,7:38,"Matsuoka, Steve M",128
ORBBS_602_8,ORBBS,602,8,1993,5/28/1993,7:38,"Matsuoka, Steve M",148
ORBBS_602_8,ORBBS,602,8,1995,5/16/1995,7:41,"Matsuoka, Steve M",136
ORBBS_602_8,ORBBS,602,8,1994,5/9/1994,7:42,"Handel, Colleen M",129
ORBBS_602_8,ORBBS,602,8,1995,5/11/1995,7:44,"Matsuoka, Steve M",131
ORBBS_602_8,ORBBS,602,8,1998,6/17/1998,7:45,"Handel, Colleen M",168
ORBBS_602_8,ORBBS,602,8,1998,6/17/1998,7:45,"Troyer, Janice K",168
ORBBS_602_8,ORBBS,602,8,1995,5/8/1995,7:46,"Matsuoka, Steve M",128
ORBBS_602_8,ORBBS,602,8,1993,5/14/1993,7:59,"Matsuoka, Steve M",134
ORBBS_602_8,ORBBS,602,8,1993,5/20/1993,8:18,"Handel, Colleen M",140
ORBBS_602_8,ORBBS,602,8,1994,5/27/1994,8:23,"Handel, Colleen M",147
ORBBS_602_8,ORBBS,602,8,1993,5/7/1993,8:24,"Matsuoka, Steve M",127
ORBBS_602_8,ORBBS,602,8,1994,5/5/1994,8:29,"Handel, Colleen M",125
ORBBS_602_8,ORBBS,602,8,1994,5/13/1994,8:51,"Handel, Colleen M",133
ORBBS_602_8,ORBBS,602,8,1994,5/17/1994,8:54,"Handel, Colleen M",137
ORBBS_602_7,ORBBS,602,7,2001,6/15/2001,6:30,"Cotter, Paul A",166
ORBBS_602_7,ORBBS,602,7,2002,6/18/2002,6:17,"Cotter, Paul A",169
ORBBS_602_7,ORBBS,602,7,2004,6/16/2004,8:11,"Handel, Colleen M",168
ORBBS_602_7,ORBBS,602,7,2006,6/14/2006,8:39,"Handel, Colleen M",165
ORBBS_602_7,ORBBS,602,7,2008,6/19/2008,8:29,"Handel, Colleen M",171
ORBBS_602_7,ORBBS,602,7,2010,6/14/2010,7:52,"Handel, Colleen M",165
ORBBS_602_7,ORBBS,602,7,2012,6/18/2012,8:16,"Handel, Colleen M",170
ORBBS_602_7,ORBBS,602,7,2013,6/20/2013,8:34,"Handel, Colleen M",171
ORBBS_602_7,ORBBS,602,7,2014,6/16/2014,7:24,"Handel, Colleen M",167
ORBBS_602_7,ORBBS,602,7,2016,6/15/2016,6:45,"Pajot, Lisa M",167
ORBBS_602_7,ORBBS,602,7,2018,6/20/2018,7:54,"Handel, Colleen M",171
ORBBS_602_7,ORBBS,602,7,2020,6/17/2020,7:22,"Handel, Colleen M",169
ORBBS_602_7,ORBBS,602,7,1996,6/22/1996,5:49,"Scott, Hustace  H",174
ORBBS_602_7,ORBBS,602,7,1995,6/28/1995,5:52,"deZeeuw, Maureen L",179
ORBBS_602_7,ORBBS,602,7,1994,6/27/1994,6:18,"Handel, Colleen M",178
ORBBS_602_7,ORBBS,602,7,1995,6/15/1995,6:23,"Matsuoka, Steve M",166
ORBBS_602_7,ORBBS,602,7,1999,6/17/1999,6:25,"Matsuoka, Steve M",168
ORBBS_602_7,ORBBS,602,7,1996,6/17/1996,6:32,"Matsuoka, Steve M",169
ORBBS_602_7,ORBBS,602,7,1995,6/2/1995,6:32,"Sotak, Diane L",153
ORBBS_602_7,ORBBS,602,7,1994,5/31/1994,6:44,"Ricketts, Julia C",151
ORBBS_602_7,ORBBS,602,7,1993,6/26/1993,6:45,JDMason,177
ORBBS_602_7,ORBBS,602,7,1996,5/28/1996,6:51,"Matsuoka, Steve M",149
ORBBS_602_7,ORBBS,602,7,1995,5/27/1995,6:51,"Matsuoka, Steve M",147
ORBBS_602_7,ORBBS,602,7,1997,6/22/1997,6:51,"Handel, Colleen M",173
ORBBS_602_7,ORBBS,602,7,1994,6/15/1994,6:52,"Krajcirik, Lisa M",166
ORBBS_602_7,ORBBS,602,7,2000,6/16/2000,6:55,"Handel, Colleen M",168
ORBBS_602_7,ORBBS,602,7,1995,5/22/1995,6:58,"Matsuoka, Steve M",142
ORBBS_602_7,ORBBS,602,7,1993,5/24/1993,7:03,"Matsuoka, Steve M",144
ORBBS_602_7,ORBBS,602,7,1996,6/9/1996,7:06,"Handel, Colleen M",161
ORBBS_602_7,ORBBS,602,7,1994,5/24/1994,7:08,"Handel, Colleen M",144
ORBBS_602_7,ORBBS,602,7,1993,6/17/1993,7:09,"Matsuoka, Steve M",168
ORBBS_602_7,ORBBS,602,7,1998,6/17/1998,7:13,"Handel, Colleen M",168
ORBBS_602_7,ORBBS,602,7,1998,6/17/1998,7:13,"Troyer, Janice K",168
ORBBS_602_7,ORBBS,602,7,1996,5/22/1996,7:14,"Matsuoka, Steve M",143
ORBBS_602_7,ORBBS,602,7,1994,5/9/1994,7:15,"Handel, Colleen M",129
ORBBS_602_7,ORBBS,602,7,1993,6/4/1993,7:15,JDMason,155
ORBBS_602_7,ORBBS,602,7,1996,5/13/1996,7:18,"Matsuoka, Steve M",134
ORBBS_602_7,ORBBS,602,7,1996,5/18/1996,7:18,"Matsuoka, Steve M",139
ORBBS_602_7,ORBBS,602,7,1993,5/28/1993,7:18,"Matsuoka, Steve M",148
ORBBS_602_7,ORBBS,602,7,1996,5/7/1996,7:26,"Matsuoka, Steve M",128
ORBBS_602_7,ORBBS,602,7,1995,5/16/1995,7:26,"Matsuoka, Steve M",136
ORBBS_602_7,ORBBS,602,7,1995,5/11/1995,7:29,"Matsuoka, Steve M",131
ORBBS_602_7,ORBBS,602,7,1995,5/8/1995,7:32,"Matsuoka, Steve M",128
ORBBS_602_7,ORBBS,602,7,1993,5/14/1993,7:43,"Matsuoka, Steve M",134
ORBBS_602_7,ORBBS,602,7,1993,5/20/1993,7:47,"Handel, Colleen M",140
ORBBS_602_7,ORBBS,602,7,1994,5/27/1994,8:03,"Handel, Colleen M",147
ORBBS_602_7,ORBBS,602,7,1993,5/7/1993,8:07,"Matsuoka, Steve M",127
ORBBS_602_7,ORBBS,602,7,1994,5/5/1994,8:09,"Handel, Colleen M",125
ORBBS_602_7,ORBBS,602,7,1994,5/13/1994,8:32,"Handel, Colleen M",133
ORBBS_602_7,ORBBS,602,7,1994,5/17/1994,8:37,"Handel, Colleen M",137
ORBBS_602_9,ORBBS,602,9,2001,6/15/2001,7:04,"Cotter, Paul A",166
ORBBS_602_9,ORBBS,602,9,2002,6/18/2002,6:46,"Cotter, Paul A",169
ORBBS_602_9,ORBBS,602,9,2004,6/16/2004,9:07,"Handel, Colleen M",168
ORBBS_602_9,ORBBS,602,9,2006,6/14/2006,9:34,"Handel, Colleen M",165
ORBBS_602_9,ORBBS,602,9,2008,6/19/2008,9:43,"Handel, Colleen M",171
ORBBS_602_9,ORBBS,602,9,2010,6/14/2010,8:50,"Handel, Colleen M",165
ORBBS_602_9,ORBBS,602,9,2012,6/18/2012,9:19,"Handel, Colleen M",170
ORBBS_602_9,ORBBS,602,9,2013,6/20/2013,9:48,"Handel, Colleen M",171
ORBBS_602_9,ORBBS,602,9,2014,6/16/2014,8:15,"Handel, Colleen M",167
ORBBS_602_9,ORBBS,602,9,2016,6/15/2016,7:31,"Pajot, Lisa M",167
ORBBS_602_9,ORBBS,602,9,2018,6/20/2018,8:51,"Handel, Colleen M",171
ORBBS_602_9,ORBBS,602,9,2020,6/17/2020,8:10,"Handel, Colleen M",169
ORBBS_602_9,ORBBS,602,9,1996,6/22/1996,6:17,"Scott, Hustace  H",174
ORBBS_602_9,ORBBS,602,9,1995,6/28/1995,6:29,"deZeeuw, Maureen L",179
ORBBS_602_9,ORBBS,602,9,1994,6/27/1994,6:51,"Handel, Colleen M",178
ORBBS_602_9,ORBBS,602,9,1995,6/15/1995,6:54,"Matsuoka, Steve M",166
ORBBS_602_9,ORBBS,602,9,1999,6/17/1999,7:02,"Matsuoka, Steve M",168
ORBBS_602_9,ORBBS,602,9,1995,6/2/1995,7:03,"Sotak, Diane L",153
ORBBS_602_9,ORBBS,602,9,1996,6/17/1996,7:14,"Matsuoka, Steve M",169
ORBBS_602_9,ORBBS,602,9,1993,6/26/1993,7:14,JDMason,177
ORBBS_602_9,ORBBS,602,9,1994,5/31/1994,7:18,"Ricketts, Julia C",151
ORBBS_602_9,ORBBS,602,9,1994,6/15/1994,7:22,"Krajcirik, Lisa M",166
ORBBS_602_9,ORBBS,602,9,2000,6/16/2000,7:30,"Handel, Colleen M",168
ORBBS_602_9,ORBBS,602,9,1995,5/22/1995,7:34,"Matsuoka, Steve M",142
ORBBS_602_9,ORBBS,602,9,1995,5/27/1995,7:34,"Matsuoka, Steve M",147
ORBBS_602_9,ORBBS,602,9,1993,5/24/1993,7:37,"Matsuoka, Steve M",144
ORBBS_602_9,ORBBS,602,9,1996,5/28/1996,7:43,"Matsuoka, Steve M",149
ORBBS_602_9,ORBBS,602,9,1994,5/24/1994,7:45,"Handel, Colleen M",144
ORBBS_602_9,ORBBS,602,9,1997,6/22/1997,7:47,"Handel, Colleen M",173
ORBBS_602_9,ORBBS,602,9,1993,6/17/1993,7:49,"Matsuoka, Steve M",168
ORBBS_602_9,ORBBS,602,9,1996,5/22/1996,7:50,"Matsuoka, Steve M",143
ORBBS_602_9,ORBBS,602,9,1996,5/13/1996,7:51,"Matsuoka, Steve M",134
ORBBS_602_9,ORBBS,602,9,1996,5/18/1996,7:52,"Matsuoka, Steve M",139
ORBBS_602_9,ORBBS,602,9,1993,6/4/1993,7:52,JDMason,155
ORBBS_602_9,ORBBS,602,9,1993,5/28/1993,8:00,"Matsuoka, Steve M",148
ORBBS_602_9,ORBBS,602,9,1995,5/16/1995,8:01,"Matsuoka, Steve M",136
ORBBS_602_9,ORBBS,602,9,1996,5/7/1996,8:03,"Matsuoka, Steve M",128
ORBBS_602_9,ORBBS,602,9,1995,5/8/1995,8:03,"Matsuoka, Steve M",128
ORBBS_602_9,ORBBS,602,9,1996,6/9/1996,8:12,"Handel, Colleen M",161
ORBBS_602_9,ORBBS,602,9,1995,5/11/1995,8:15,"Matsuoka, Steve M",131
ORBBS_602_9,ORBBS,602,9,1993,5/14/1993,8:15,"Matsuoka, Steve M",134
ORBBS_602_9,ORBBS,602,9,1998,6/17/1998,8:20,"Handel, Colleen M",168
ORBBS_602_9,ORBBS,602,9,1998,6/17/1998,8:20,"Troyer, Janice K",168
ORBBS_602_9,ORBBS,602,9,1993,5/7/1993,8:42,"Matsuoka, Steve M",127
ORBBS_602_9,ORBBS,602,9,1994,5/27/1994,8:45,"Handel, Colleen M",147
ORBBS_602_9,ORBBS,602,9,1994,5/9/1994,8:47,"Handel, Colleen M",129
ORBBS_602_9,ORBBS,602,9,1993,5/20/1993,8:51,"Handel, Colleen M",140
ORBBS_602_9,ORBBS,602,9,1994,5/5/1994,8:52,"Handel, Colleen M",125
ORBBS_602_9,ORBBS,602,9,1994,5/17/1994,9:12,"Handel, Colleen M",137
ORBBS_602_9,ORBBS,602,9,1994,5/13/1994,9:13,"Handel, Colleen M",133
ORBBS_602_6,ORBBS,602,6,2001,6/15/2001,6:08,"Cotter, Paul A",166
ORBBS_602_6,ORBBS,602,6,2002,6/18/2002,5:55,"Cotter, Paul A",169
ORBBS_602_6,ORBBS,602,6,2004,6/16/2004,7:42,"Handel, Colleen M",168
ORBBS_602_6,ORBBS,602,6,2006,6/14/2006,8:11,"Handel, Colleen M",165
ORBBS_602_6,ORBBS,602,6,2008,6/19/2008,8:02,"Handel, Colleen M",171
ORBBS_602_6,ORBBS,602,6,2010,6/14/2010,7:16,"Handel, Colleen M",165
ORBBS_602_6,ORBBS,602,6,2012,6/18/2012,7:47,"Handel, Colleen M",170
ORBBS_602_6,ORBBS,602,6,2013,6/20/2013,8:03,"Handel, Colleen M",171
ORBBS_602_6,ORBBS,602,6,2014,6/16/2014,7:02,"Handel, Colleen M",167
ORBBS_602_6,ORBBS,602,6,2016,6/15/2016,6:24,"Pajot, Lisa M",167
ORBBS_602_6,ORBBS,602,6,2018,6/20/2018,7:21,"Handel, Colleen M",171
ORBBS_602_6,ORBBS,602,6,2020,6/17/2020,7:01,"Handel, Colleen M",169
ORBBS_602_6,ORBBS,602,6,1995,6/28/1995,5:31,"deZeeuw, Maureen L",179
ORBBS_602_6,ORBBS,602,6,1996,6/22/1996,5:35,"Scott, Hustace  H",174
ORBBS_602_6,ORBBS,602,6,1994,6/27/1994,5:53,"Handel, Colleen M",178
ORBBS_602_6,ORBBS,602,6,1994,6/15/1994,5:58,"Krajcirik, Lisa M",166
ORBBS_602_6,ORBBS,602,6,1995,6/15/1995,6:07,"Matsuoka, Steve M",166
ORBBS_602_6,ORBBS,602,6,1999,6/17/1999,6:11,"Matsuoka, Steve M",168
ORBBS_602_6,ORBBS,602,6,1996,6/17/1996,6:14,"Matsuoka, Steve M",169
ORBBS_602_6,ORBBS,602,6,1995,6/2/1995,6:15,"Sotak, Diane L",153
ORBBS_602_6,ORBBS,602,6,1997,6/22/1997,6:20,"Handel, Colleen M",173
ORBBS_602_6,ORBBS,602,6,1994,5/31/1994,6:23,"Ricketts, Julia C",151
ORBBS_602_6,ORBBS,602,6,1996,5/28/1996,6:24,"Matsuoka, Steve M",149
ORBBS_602_6,ORBBS,602,6,1993,6/26/1993,6:27,JDMason,177
ORBBS_602_6,ORBBS,602,6,2000,6/16/2000,6:33,"Handel, Colleen M",168
ORBBS_602_6,ORBBS,602,6,1995,5/27/1995,6:37,"Matsuoka, Steve M",147
ORBBS_602_6,ORBBS,602,6,1996,6/9/1996,6:41,"Handel, Colleen M",161
ORBBS_602_6,ORBBS,602,6,1995,5/22/1995,6:42,"Matsuoka, Steve M",142
ORBBS_602_6,ORBBS,602,6,1994,5/24/1994,6:44,"Handel, Colleen M",144
ORBBS_602_6,ORBBS,602,6,1993,5/24/1993,6:45,"Matsuoka, Steve M",144
ORBBS_602_6,ORBBS,602,6,1996,5/22/1996,6:46,"Matsuoka, Steve M",143
ORBBS_602_6,ORBBS,602,6,1998,6/17/1998,6:47,"Handel, Colleen M",168
ORBBS_602_6,ORBBS,602,6,1998,6/17/1998,6:47,"Troyer, Janice K",168
ORBBS_602_6,ORBBS,602,6,1993,6/17/1993,6:48,"Matsuoka, Steve M",168
ORBBS_602_6,ORBBS,602,6,1993,6/4/1993,6:50,JDMason,155
ORBBS_602_6,ORBBS,602,6,1996,5/18/1996,6:56,"Matsuoka, Steve M",139
ORBBS_602_6,ORBBS,602,6,1993,5/28/1993,6:56,"Matsuoka, Steve M",148
ORBBS_602_6,ORBBS,602,6,1994,5/9/1994,6:58,"Handel, Colleen M",129
ORBBS_602_6,ORBBS,602,6,1996,5/13/1996,7:02,"Matsuoka, Steve M",134
ORBBS_602_6,ORBBS,602,6,1996,5/7/1996,7:06,"Matsuoka, Steve M",128
ORBBS_602_6,ORBBS,602,6,1995,5/16/1995,7:09,"Matsuoka, Steve M",136
ORBBS_602_6,ORBBS,602,6,1995,5/8/1995,7:12,"Matsuoka, Steve M",128
ORBBS_602_6,ORBBS,602,6,1994,5/27/1994,7:14,"Handel, Colleen M",147
ORBBS_602_6,ORBBS,602,6,1995,5/11/1995,7:14,"Matsuoka, Steve M",131
ORBBS_602_6,ORBBS,602,6,1993,5/14/1993,7:21,"Matsuoka, Steve M",134
ORBBS_602_6,ORBBS,602,6,1993,5/20/1993,7:26,"Handel, Colleen M",140
ORBBS_602_6,ORBBS,602,6,1994,5/5/1994,7:43,"Handel, Colleen M",125
ORBBS_602_6,ORBBS,602,6,1993,5/7/1993,7:45,"Matsuoka, Steve M",127
ORBBS_602_6,ORBBS,602,6,1994,5/17/1994,7:50,"Handel, Colleen M",137
ORBBS_602_6,ORBBS,602,6,1994,5/13/1994,8:03,"Handel, Colleen M",133
ORBBS_602_10,ORBBS,602,10,2001,6/15/2001,7:21,"Cotter, Paul A",166
ORBBS_602_10,ORBBS,602,10,2002,6/18/2002,7:01,"Cotter, Paul A",169
ORBBS_602_10,ORBBS,602,10,2004,6/16/2004,9:29,"Handel, Colleen M",168
ORBBS_602_10,ORBBS,602,10,2006,6/14/2006,10:01,"Handel, Colleen M",165
ORBBS_602_10,ORBBS,602,10,2008,6/19/2008,10:06,"Handel, Colleen M",171
ORBBS_602_10,ORBBS,602,10,2010,6/14/2010,9:11,"Handel, Colleen M",165
ORBBS_602_10,ORBBS,602,10,2012,6/18/2012,9:41,"Handel, Colleen M",170
ORBBS_602_10,ORBBS,602,10,2013,6/20/2013,10:13,"Handel, Colleen M",171
ORBBS_602_10,ORBBS,602,10,2014,6/16/2014,8:43,"Handel, Colleen M",167
ORBBS_602_10,ORBBS,602,10,2016,6/15/2016,7:48,"Pajot, Lisa M",167
ORBBS_602_10,ORBBS,602,10,2018,6/20/2018,9:15,"Handel, Colleen M",171
ORBBS_602_10,ORBBS,602,10,2020,6/17/2020,8:34,"Handel, Colleen M",169
ORBBS_602_10,ORBBS,602,10,1996,6/22/1996,6:28,"Scott, Hustace  H",174
ORBBS_602_10,ORBBS,602,10,1995,6/28/1995,6:41,"deZeeuw, Maureen L",179
ORBBS_602_10,ORBBS,602,10,1994,6/27/1994,7:05,"Handel, Colleen M",178
ORBBS_602_10,ORBBS,602,10,1995,6/15/1995,7:09,"Matsuoka, Steve M",166
ORBBS_602_10,ORBBS,602,10,1995,6/2/1995,7:14,"Sotak, Diane L",153
ORBBS_602_10,ORBBS,602,10,1999,6/17/1999,7:18,"Matsuoka, Steve M",168
ORBBS_602_10,ORBBS,602,10,1993,6/26/1993,7:28,JDMason,177
ORBBS_602_10,ORBBS,602,10,1996,6/17/1996,7:30,"Matsuoka, Steve M",169
ORBBS_602_10,ORBBS,602,10,1994,5/31/1994,7:32,"Ricketts, Julia C",151
ORBBS_602_10,ORBBS,602,10,1994,6/15/1994,7:38,"Krajcirik, Lisa M",166
ORBBS_602_10,ORBBS,602,10,2000,6/16/2000,7:47,"Handel, Colleen M",168
ORBBS_602_10,ORBBS,602,10,1995,5/22/1995,7:48,"Matsuoka, Steve M",142
ORBBS_602_10,ORBBS,602,10,1995,5/27/1995,7:48,"Matsuoka, Steve M",147
ORBBS_602_10,ORBBS,602,10,1993,5/24/1993,7:53,"Matsuoka, Steve M",144
ORBBS_602_10,ORBBS,602,10,1996,5/28/1996,7:58,"Matsuoka, Steve M",149
ORBBS_602_10,ORBBS,602,10,1994,5/24/1994,7:59,"Handel, Colleen M",144
ORBBS_602_10,ORBBS,602,10,1996,5/22/1996,8:03,"Matsuoka, Steve M",143
ORBBS_602_10,ORBBS,602,10,1997,6/22/1997,8:06,"Handel, Colleen M",173
ORBBS_602_10,ORBBS,602,10,1993,6/4/1993,8:07,JDMason,155
ORBBS_602_10,ORBBS,602,10,1996,5/13/1996,8:08,"Matsuoka, Steve M",134
ORBBS_602_10,ORBBS,602,10,1996,5/18/1996,8:08,"Matsuoka, Steve M",139
ORBBS_602_10,ORBBS,602,10,1993,6/17/1993,8:10,"Matsuoka, Steve M",168
ORBBS_602_10,ORBBS,602,10,1995,5/16/1995,8:15,"Matsuoka, Steve M",136
ORBBS_602_10,ORBBS,602,10,1993,5/28/1993,8:16,"Matsuoka, Steve M",148
ORBBS_602_10,ORBBS,602,10,1996,5/7/1996,8:17,"Matsuoka, Steve M",128
ORBBS_602_10,ORBBS,602,10,1995,5/8/1995,8:19,"Matsuoka, Steve M",128
ORBBS_602_10,ORBBS,602,10,1996,6/9/1996,8:27,"Handel, Colleen M",161
ORBBS_602_10,ORBBS,602,10,1995,5/11/1995,8:29,"Matsuoka, Steve M",131
ORBBS_602_10,ORBBS,602,10,1993,5/14/1993,8:30,"Matsuoka, Steve M",134
ORBBS_602_10,ORBBS,602,10,1998,6/17/1998,8:47,"Handel, Colleen M",168
ORBBS_602_10,ORBBS,602,10,1998,6/17/1998,8:47,"Troyer, Janice K",168
ORBBS_602_10,ORBBS,602,10,1993,5/7/1993,8:56,"Matsuoka, Steve M",127
ORBBS_602_10,ORBBS,602,10,1994,5/27/1994,9:00,"Handel, Colleen M",147
ORBBS_602_10,ORBBS,602,10,1994,5/9/1994,9:04,"Handel, Colleen M",129
ORBBS_602_10,ORBBS,602,10,1994,5/5/1994,9:08,"Handel, Colleen M",125
ORBBS_602_10,ORBBS,602,10,1993,5/20/1993,9:13,"Handel, Colleen M",140
ORBBS_602_10,ORBBS,602,10,1994,5/13/1994,9:26,"Handel, Colleen M",133
ORBBS_602_10,ORBBS,602,10,1994,5/17/1994,9:26,"Handel, Colleen M",137
ORBBS_602_5,ORBBS,602,5,2001,6/15/2001,5:53,"Cotter, Paul A",166
ORBBS_602_5,ORBBS,602,5,2002,6/18/2002,5:41,"Cotter, Paul A",169
ORBBS_602_5,ORBBS,602,5,2004,6/16/2004,7:18,"Handel, Colleen M",168
ORBBS_602_5,ORBBS,602,5,2006,6/14/2006,7:46,"Handel, Colleen M",165
ORBBS_602_5,ORBBS,602,5,2008,6/19/2008,7:23,"Handel, Colleen M",171
ORBBS_602_5,ORBBS,602,5,2010,6/14/2010,6:40,"Handel, Colleen M",165
ORBBS_602_5,ORBBS,602,5,2012,6/18/2012,7:20,"Handel, Colleen M",170
ORBBS_602_5,ORBBS,602,5,2013,6/20/2013,7:40,"Handel, Colleen M",171
ORBBS_602_5,ORBBS,602,5,2014,6/16/2014,6:37,"Handel, Colleen M",167
ORBBS_602_5,ORBBS,602,5,2016,6/15/2016,6:05,"Pajot, Lisa M",167
ORBBS_602_5,ORBBS,602,5,2018,6/20/2018,6:49,"Handel, Colleen M",171
ORBBS_602_5,ORBBS,602,5,2020,6/17/2020,6:40,"Handel, Colleen M",169
ORBBS_602_5,ORBBS,602,5,1996,6/22/1996,5:20,"Scott, Hustace  H",174
ORBBS_602_5,ORBBS,602,5,1995,6/28/1995,5:21,"deZeeuw, Maureen L",179
ORBBS_602_5,ORBBS,602,5,1994,6/27/1994,5:41,"Handel, Colleen M",178
ORBBS_602_5,ORBBS,602,5,1994,6/15/1994,5:41,"Krajcirik, Lisa M",166
ORBBS_602_5,ORBBS,602,5,1996,6/17/1996,5:51,"Matsuoka, Steve M",169
ORBBS_602_5,ORBBS,602,5,1995,6/15/1995,5:52,"Matsuoka, Steve M",166
ORBBS_602_5,ORBBS,602,5,1999,6/17/1999,5:54,"Matsuoka, Steve M",168
ORBBS_602_5,ORBBS,602,5,1994,5/31/1994,5:59,"Ricketts, Julia C",151
ORBBS_602_5,ORBBS,602,5,1995,6/2/1995,6:00,"Sotak, Diane L",153
ORBBS_602_5,ORBBS,602,5,1997,6/22/1997,6:02,"Handel, Colleen M",173
ORBBS_602_5,ORBBS,602,5,1996,5/28/1996,6:09,"Matsuoka, Steve M",149
ORBBS_602_5,ORBBS,602,5,2000,6/16/2000,6:12,"Handel, Colleen M",168
ORBBS_602_5,ORBBS,602,5,1993,6/26/1993,6:13,JDMason,177
ORBBS_602_5,ORBBS,602,5,1995,5/27/1995,6:20,"Matsuoka, Steve M",147
ORBBS_602_5,ORBBS,602,5,1998,6/17/1998,6:21,"Handel, Colleen M",168
ORBBS_602_5,ORBBS,602,5,1998,6/17/1998,6:21,"Troyer, Janice K",168
ORBBS_602_5,ORBBS,602,5,1993,5/24/1993,6:21,"Matsuoka, Steve M",144
ORBBS_602_5,ORBBS,602,5,1993,6/17/1993,6:22,"Matsuoka, Steve M",168
ORBBS_602_5,ORBBS,602,5,1994,5/24/1994,6:25,"Handel, Colleen M",144
ORBBS_602_5,ORBBS,602,5,1996,6/9/1996,6:26,"Handel, Colleen M",161
ORBBS_602_5,ORBBS,602,5,1995,5/22/1995,6:27,"Matsuoka, Steve M",142
ORBBS_602_5,ORBBS,602,5,1996,5/22/1996,6:30,"Matsuoka, Steve M",143
ORBBS_602_5,ORBBS,602,5,1993,6/4/1993,6:30,JDMason,155
ORBBS_602_5,ORBBS,602,5,1995,5/16/1995,6:34,"Matsuoka, Steve M",136
ORBBS_602_5,ORBBS,602,5,1993,5/28/1993,6:34,"Matsuoka, Steve M",148
ORBBS_602_5,ORBBS,602,5,1996,5/18/1996,6:35,"Matsuoka, Steve M",139
ORBBS_602_5,ORBBS,602,5,1994,5/27/1994,6:43,"Handel, Colleen M",147
ORBBS_602_5,ORBBS,602,5,1996,5/13/1996,6:44,"Matsuoka, Steve M",134
ORBBS_602_5,ORBBS,602,5,1995,5/8/1995,6:44,"Matsuoka, Steve M",128
ORBBS_602_5,ORBBS,602,5,1994,5/9/1994,6:44,"Handel, Colleen M",129
ORBBS_602_5,ORBBS,602,5,1996,5/7/1996,6:54,"Matsuoka, Steve M",128
ORBBS_602_5,ORBBS,602,5,1995,5/11/1995,6:57,"Matsuoka, Steve M",131
ORBBS_602_5,ORBBS,602,5,1993,5/20/1993,6:57,"Handel, Colleen M",140
ORBBS_602_5,ORBBS,602,5,1993,5/14/1993,7:04,"Matsuoka, Steve M",134
ORBBS_602_5,ORBBS,602,5,1994,5/17/1994,7:16,"Handel, Colleen M",137
ORBBS_602_5,ORBBS,602,5,1993,5/7/1993,7:19,"Matsuoka, Steve M",127
ORBBS_602_5,ORBBS,602,5,1994,5/5/1994,7:27,"Handel, Colleen M",125
ORBBS_602_5,ORBBS,602,5,1994,5/13/1994,7:46,"Handel, Colleen M",133
ORBBS_602_11,ORBBS,602,11,2001,6/15/2001,7:38,"Cotter, Paul A",166
ORBBS_602_11,ORBBS,602,11,2002,6/18/2002,7:14,"Cotter, Paul A",169
ORBBS_602_11,ORBBS,602,11,2004,6/16/2004,9:53,"Handel, Colleen M",168
ORBBS_602_11,ORBBS,602,11,2006,6/14/2006,10:26,"Handel, Colleen M",165
ORBBS_602_11,ORBBS,602,11,2008,6/19/2008,10:25,"Handel, Colleen M",171
ORBBS_602_11,ORBBS,602,11,2010,6/14/2010,9:36,"Handel, Colleen M",165
ORBBS_602_11,ORBBS,602,11,2012,6/18/2012,10:00,"Handel, Colleen M",170
ORBBS_602_11,ORBBS,602,11,2013,6/20/2013,10:40,"Handel, Colleen M",171
ORBBS_602_11,ORBBS,602,11,2014,6/16/2014,9:05,"Handel, Colleen M",167
ORBBS_602_11,ORBBS,602,11,2016,6/15/2016,8:04,"Pajot, Lisa M",167
ORBBS_602_11,ORBBS,602,11,2018,6/20/2018,9:46,"Handel, Colleen M",171
ORBBS_602_11,ORBBS,602,11,2020,6/17/2020,8:51,"Handel, Colleen M",169
ORBBS_602_11,ORBBS,602,11,1996,6/22/1996,6:38,"Scott, Hustace  H",174
ORBBS_602_11,ORBBS,602,11,1995,6/28/1995,6:52,"deZeeuw, Maureen L",179
ORBBS_602_11,ORBBS,602,11,1995,6/15/1995,7:20,"Matsuoka, Steve M",166
ORBBS_602_11,ORBBS,602,11,1995,6/2/1995,7:24,"Sotak, Diane L",153
ORBBS_602_11,ORBBS,602,11,1994,6/27/1994,7:26,"Handel, Colleen M",178
ORBBS_602_11,ORBBS,602,11,1999,6/17/1999,7:32,"Matsuoka, Steve M",168
ORBBS_602_11,ORBBS,602,11,1993,6/26/1993,7:38,JDMason,177
ORBBS_602_11,ORBBS,602,11,1996,6/17/1996,7:44,"Matsuoka, Steve M",169
ORBBS_602_11,ORBBS,602,11,1994,5/31/1994,7:45,"Ricketts, Julia C",151
ORBBS_602_11,ORBBS,602,11,1994,6/15/1994,7:51,"Krajcirik, Lisa M",166
ORBBS_602_11,ORBBS,602,11,1995,5/22/1995,7:59,"Matsuoka, Steve M",142
ORBBS_602_11,ORBBS,602,11,1995,5/27/1995,7:59,"Matsuoka, Steve M",147
ORBBS_602_11,ORBBS,602,11,2000,6/16/2000,8:03,"Handel, Colleen M",168
ORBBS_602_11,ORBBS,602,11,1993,5/24/1993,8:06,"Matsuoka, Steve M",144
ORBBS_602_11,ORBBS,602,11,1994,5/24/1994,8:12,"Handel, Colleen M",144
ORBBS_602_11,ORBBS,602,11,1996,5/28/1996,8:14,"Matsuoka, Steve M",149
ORBBS_602_11,ORBBS,602,11,1996,5/22/1996,8:18,"Matsuoka, Steve M",143
ORBBS_602_11,ORBBS,602,11,1996,5/13/1996,8:21,"Matsuoka, Steve M",134
ORBBS_602_11,ORBBS,602,11,1996,5/18/1996,8:21,"Matsuoka, Steve M",139
ORBBS_602_11,ORBBS,602,11,1993,6/4/1993,8:21,JDMason,155
ORBBS_602_11,ORBBS,602,11,1995,5/16/1995,8:26,"Matsuoka, Steve M",136
ORBBS_602_11,ORBBS,602,11,1997,6/22/1997,8:26,"Handel, Colleen M",173
ORBBS_602_11,ORBBS,602,11,1995,5/8/1995,8:30,"Matsuoka, Steve M",128
ORBBS_602_11,ORBBS,602,11,1993,5/28/1993,8:32,"Matsuoka, Steve M",148
ORBBS_602_11,ORBBS,602,11,1993,6/17/1993,8:32,"Matsuoka, Steve M",168
ORBBS_602_11,ORBBS,602,11,1996,5/7/1996,8:35,"Matsuoka, Steve M",128
ORBBS_602_11,ORBBS,602,11,1995,5/11/1995,8:40,"Matsuoka, Steve M",131
ORBBS_602_11,ORBBS,602,11,1996,6/9/1996,8:42,"Handel, Colleen M",161
ORBBS_602_11,ORBBS,602,11,1993,5/14/1993,8:42,"Matsuoka, Steve M",134
ORBBS_602_11,ORBBS,602,11,1993,5/7/1993,9:07,"Matsuoka, Steve M",127
ORBBS_602_11,ORBBS,602,11,1998,6/17/1998,9:11,"Handel, Colleen M",168
ORBBS_602_11,ORBBS,602,11,1998,6/17/1998,9:11,"Troyer, Janice K",168
ORBBS_602_11,ORBBS,602,11,1994,5/9/1994,9:15,"Handel, Colleen M",129
ORBBS_602_11,ORBBS,602,11,1994,5/27/1994,9:15,"Handel, Colleen M",147
ORBBS_602_11,ORBBS,602,11,1994,5/5/1994,9:20,"Handel, Colleen M",125
ORBBS_602_11,ORBBS,602,11,1993,5/20/1993,9:29,"Handel, Colleen M",140
ORBBS_602_11,ORBBS,602,11,1994,5/13/1994,9:38,"Handel, Colleen M",133
ORBBS_602_11,ORBBS,602,11,1994,5/17/1994,9:39,"Handel, Colleen M",137
ORBBS_602_4,ORBBS,602,4,2001,6/15/2001,5:42,"Cotter, Paul A",166
ORBBS_602_4,ORBBS,602,4,2002,6/18/2002,5:28,"Cotter, Paul A",169
ORBBS_602_4,ORBBS,602,4,2004,6/16/2004,6:45,"Handel, Colleen M",168
ORBBS_602_4,ORBBS,602,4,2006,6/14/2006,6:50,"Handel, Colleen M",165
ORBBS_602_4,ORBBS,602,4,2008,6/19/2008,6:35,"Handel, Colleen M",171
ORBBS_602_4,ORBBS,602,4,2010,6/14/2010,6:13,"Handel, Colleen M",165
ORBBS_602_4,ORBBS,602,4,2012,6/18/2012,6:46,"Handel, Colleen M",170
ORBBS_602_4,ORBBS,602,4,2013,6/20/2013,7:11,"Handel, Colleen M",171
ORBBS_602_4,ORBBS,602,4,2014,6/16/2014,6:03,"Handel, Colleen M",167
ORBBS_602_4,ORBBS,602,4,2016,6/15/2016,5:44,"Pajot, Lisa M",167
ORBBS_602_4,ORBBS,602,4,2018,6/20/2018,6:20,"Handel, Colleen M",171
ORBBS_602_4,ORBBS,602,4,2020,6/17/2020,6:18,"Handel, Colleen M",169
ORBBS_602_4,ORBBS,602,4,1996,6/22/1996,5:10,"Scott, Hustace  H",174
ORBBS_602_4,ORBBS,602,4,1995,6/28/1995,5:11,"deZeeuw, Maureen L",179
ORBBS_602_4,ORBBS,602,4,1994,6/15/1994,5:28,"Krajcirik, Lisa M",166
ORBBS_602_4,ORBBS,602,4,1994,6/27/1994,5:29,"Handel, Colleen M",178
ORBBS_602_4,ORBBS,602,4,1995,6/15/1995,5:31,"Matsuoka, Steve M",166
ORBBS_602_4,ORBBS,602,4,1999,6/17/1999,5:38,"Matsuoka, Steve M",168
ORBBS_602_4,ORBBS,602,4,1996,6/17/1996,5:38,"Matsuoka, Steve M",169
ORBBS_602_4,ORBBS,602,4,1995,6/2/1995,5:43,"Sotak, Diane L",153
ORBBS_602_4,ORBBS,602,4,1997,6/22/1997,5:44,"Handel, Colleen M",173
ORBBS_602_4,ORBBS,602,4,1994,5/31/1994,5:45,"Ricketts, Julia C",151
ORBBS_602_4,ORBBS,602,4,1998,6/17/1998,5:53,"Handel, Colleen M",168
ORBBS_602_4,ORBBS,602,4,1998,6/17/1998,5:53,"Troyer, Janice K",168
ORBBS_602_4,ORBBS,602,4,1996,5/28/1996,5:53,"Matsuoka, Steve M",149
ORBBS_602_4,ORBBS,602,4,1993,6/17/1993,5:54,"Matsuoka, Steve M",168
ORBBS_602_4,ORBBS,602,4,2000,6/16/2000,5:57,"Handel, Colleen M",168
ORBBS_602_4,ORBBS,602,4,1995,5/27/1995,5:59,"Matsuoka, Steve M",147
ORBBS_602_4,ORBBS,602,4,1993,6/26/1993,6:00,JDMason,177
ORBBS_602_4,ORBBS,602,4,1993,5/24/1993,6:05,"Matsuoka, Steve M",144
ORBBS_602_4,ORBBS,602,4,1994,5/24/1994,6:06,"Handel, Colleen M",144
ORBBS_602_4,ORBBS,602,4,1996,6/9/1996,6:09,"Handel, Colleen M",161
ORBBS_602_4,ORBBS,602,4,1993,6/4/1993,6:11,JDMason,155
ORBBS_602_4,ORBBS,602,4,1995,5/22/1995,6:12,"Matsuoka, Steve M",142
ORBBS_602_4,ORBBS,602,4,1996,5/22/1996,6:15,"Matsuoka, Steve M",143
ORBBS_602_4,ORBBS,602,4,1993,5/28/1993,6:15,"Matsuoka, Steve M",148
ORBBS_602_4,ORBBS,602,4,1994,5/27/1994,6:17,"Handel, Colleen M",147
ORBBS_602_4,ORBBS,602,4,1995,5/16/1995,6:17,"Matsuoka, Steve M",136
ORBBS_602_4,ORBBS,602,4,1996,5/18/1996,6:18,"Matsuoka, Steve M",139
ORBBS_602_4,ORBBS,602,4,1996,5/13/1996,6:25,"Matsuoka, Steve M",134
ORBBS_602_4,ORBBS,602,4,1995,5/8/1995,6:29,"Matsuoka, Steve M",128
ORBBS_602_4,ORBBS,602,4,1994,5/9/1994,6:30,"Handel, Colleen M",129
ORBBS_602_4,ORBBS,602,4,1996,5/7/1996,6:34,"Matsuoka, Steve M",128
ORBBS_602_4,ORBBS,602,4,1993,5/20/1993,6:38,"Handel, Colleen M",140
ORBBS_602_4,ORBBS,602,4,1995,5/11/1995,6:43,"Matsuoka, Steve M",131
ORBBS_602_4,ORBBS,602,4,1993,5/14/1993,6:46,"Matsuoka, Steve M",134
ORBBS_602_4,ORBBS,602,4,1994,5/17/1994,7:02,"Handel, Colleen M",137
ORBBS_602_4,ORBBS,602,4,1993,5/7/1993,7:06,"Matsuoka, Steve M",127
ORBBS_602_4,ORBBS,602,4,1994,5/5/1994,7:12,"Handel, Colleen M",125
ORBBS_602_4,ORBBS,602,4,1994,5/13/1994,7:26,"Handel, Colleen M",133
ORBBS_613_10,ORBBS,613,10,2001,6/21/2001,7:06,"Cotter, Paul A",172
ORBBS_613_10,ORBBS,613,10,2002,6/25/2002,6:39,"Cotter, Paul A",176
ORBBS_613_10,ORBBS,613,10,2006,6/22/2006,7:40,"Van Hemert, Caroline R",173
ORBBS_613_10,ORBBS,613,10,2008,6/24/2008,8:04,"Pajot, Lisa M",176
ORBBS_613_10,ORBBS,613,10,2009,6/26/2009,8:59,"Handel, Colleen M",177
ORBBS_613_10,ORBBS,613,10,2010,6/24/2010,8:00,"Pajot, Lisa M",175
ORBBS_613_10,ORBBS,613,10,2011,6/17/2011,7:58,"Pajot, Lisa M",168
ORBBS_613_10,ORBBS,613,10,2011,6/22/2011,7:41,"Pajot, Lisa M",173
ORBBS_613_10,ORBBS,613,10,2013,6/21/2013,7:30,"Pajot, Lisa M",172
ORBBS_613_10,ORBBS,613,10,2015,6/21/2015,8:07,"Pajot, Lisa M",172
ORBBS_613_10,ORBBS,613,10,2016,6/22/2016,7:45,"Pajot, Lisa M",174
ORBBS_613_10,ORBBS,613,10,2018,6/21/2018,7:36,"Pajot, Lisa M",172
ORBBS_613_10,ORBBS,613,10,2020,6/20/2020,7:44,"Pajot, Lisa M",172
ORBBS_613_10,ORBBS,613,10,2000,6/22/2000,7:12,"Pajot, Lisa M",174
ORBBS_613_10,ORBBS,613,10,1994,6/22/1994,7:34,"Matsuoka, Steve M",173
ORBBS_613_10,ORBBS,613,10,1996,6/19/1996,7:46,"Matsuoka, Steve M",171
ORBBS_613_10,ORBBS,613,10,1995,6/19/1995,8:00,"Matsuoka, Steve M",170
ORBBS_613_10,ORBBS,613,10,1999,6/21/1999,8:17,"Matsuoka, Steve M",172
ORBBS_613_10,ORBBS,613,10,1993,6/21/1993,8:26,"Matsuoka, Steve M",172
ORBBS_613_10,ORBBS,613,10,1997,6/23/1997,8:38,"Handel, Colleen M",174
ORBBS_613_10,ORBBS,613,10,1998,6/23/1998,8:46,"Handel, Colleen M",174
ORBBS_613_11,ORBBS,613,11,2001,6/21/2001,7:16,"Cotter, Paul A",172
ORBBS_613_11,ORBBS,613,11,2002,6/25/2002,6:51,"Cotter, Paul A",176
ORBBS_613_11,ORBBS,613,11,2006,6/22/2006,7:56,"Van Hemert, Caroline R",173
ORBBS_613_11,ORBBS,613,11,2008,6/24/2008,8:18,"Pajot, Lisa M",176
ORBBS_613_11,ORBBS,613,11,2009,6/26/2009,9:13,"Handel, Colleen M",177
ORBBS_613_11,ORBBS,613,11,2010,6/24/2010,8:14,"Pajot, Lisa M",175
ORBBS_613_11,ORBBS,613,11,2011,6/17/2011,8:17,"Pajot, Lisa M",168
ORBBS_613_11,ORBBS,613,11,2011,6/22/2011,8:00,"Pajot, Lisa M",173
ORBBS_613_11,ORBBS,613,11,2013,6/21/2013,7:44,"Pajot, Lisa M",172
ORBBS_613_11,ORBBS,613,11,2015,6/21/2015,8:21,"Pajot, Lisa M",172
ORBBS_613_11,ORBBS,613,11,2016,6/22/2016,8:01,"Pajot, Lisa M",174
ORBBS_613_11,ORBBS,613,11,2018,6/21/2018,7:50,"Pajot, Lisa M",172
ORBBS_613_11,ORBBS,613,11,2020,6/20/2020,7:57,"Pajot, Lisa M",172
ORBBS_613_11,ORBBS,613,11,2000,6/22/2000,7:31,"Pajot, Lisa M",174
ORBBS_613_11,ORBBS,613,11,1994,6/22/1994,7:49,"Matsuoka, Steve M",173
ORBBS_613_11,ORBBS,613,11,1996,6/19/1996,7:59,"Matsuoka, Steve M",171
ORBBS_613_11,ORBBS,613,11,1995,6/19/1995,8:15,"Matsuoka, Steve M",170
ORBBS_613_11,ORBBS,613,11,1999,6/21/1999,8:40,"Matsuoka, Steve M",172
ORBBS_613_11,ORBBS,613,11,1993,6/21/1993,8:45,"Matsuoka, Steve M",172
ORBBS_613_11,ORBBS,613,11,1997,6/23/1997,8:59,"Handel, Colleen M",174
ORBBS_613_11,ORBBS,613,11,1998,6/23/1998,9:12,"Handel, Colleen M",174
ORBBS_613_9,ORBBS,613,9,2001,6/21/2001,6:53,"Cotter, Paul A",172
ORBBS_613_9,ORBBS,613,9,2002,6/25/2002,6:24,"Cotter, Paul A",176
ORBBS_613_9,ORBBS,613,9,2006,6/22/2006,7:16,"Van Hemert, Caroline R",173
ORBBS_613_9,ORBBS,613,9,2008,6/24/2008,7:40,"Pajot, Lisa M",176
ORBBS_613_9,ORBBS,613,9,2009,6/26/2009,8:36,"Handel, Colleen M",177
ORBBS_613_9,ORBBS,613,9,2010,6/24/2010,7:38,"Pajot, Lisa M",175
ORBBS_613_9,ORBBS,613,9,2011,6/17/2011,7:38,"Pajot, Lisa M",168
ORBBS_613_9,ORBBS,613,9,2011,6/22/2011,7:19,"Pajot, Lisa M",173
ORBBS_613_9,ORBBS,613,9,2013,6/21/2013,7:10,"Pajot, Lisa M",172
ORBBS_613_9,ORBBS,613,9,2015,6/21/2015,7:48,"Pajot, Lisa M",172
ORBBS_613_9,ORBBS,613,9,2016,6/22/2016,7:18,"Pajot, Lisa M",174
ORBBS_613_9,ORBBS,613,9,2018,6/21/2018,7:17,"Pajot, Lisa M",172
ORBBS_613_9,ORBBS,613,9,2020,6/20/2020,7:25,"Pajot, Lisa M",172
ORBBS_613_9,ORBBS,613,9,2000,6/22/2000,6:51,"Pajot, Lisa M",174
ORBBS_613_9,ORBBS,613,9,1994,6/22/1994,7:15,"Matsuoka, Steve M",173
ORBBS_613_9,ORBBS,613,9,1996,6/19/1996,7:28,"Matsuoka, Steve M",171
ORBBS_613_9,ORBBS,613,9,1999,6/21/1999,7:37,"Matsuoka, Steve M",172
ORBBS_613_9,ORBBS,613,9,1995,6/19/1995,7:44,"Matsuoka, Steve M",170
ORBBS_613_9,ORBBS,613,9,1993,6/21/1993,8:05,"Matsuoka, Steve M",172
ORBBS_613_9,ORBBS,613,9,1997,6/23/1997,8:14,"Handel, Colleen M",174
ORBBS_613_9,ORBBS,613,9,1998,6/23/1998,8:24,"Handel, Colleen M",174
ORBBS_601_2,ORBBS,601,2,2001,6/12/2001,5:05,"Cotter, Paul A",163
ORBBS_601_2,ORBBS,601,2,2002,6/19/2002,4:41,"Cotter, Paul A",170
ORBBS_601_2,ORBBS,601,2,2004,6/11/2004,5:46,"Handel, Colleen M",163
ORBBS_601_2,ORBBS,601,2,2006,6/17/2006,5:01,"Van Hemert, Caroline R",168
ORBBS_601_2,ORBBS,601,2,2008,6/17/2008,5:23,"Handel, Colleen M",169
ORBBS_601_2,ORBBS,601,2,2010,6/10/2010,5:08,"Handel, Colleen M",161
ORBBS_601_2,ORBBS,601,2,2012,6/11/2012,5:52,"Handel, Colleen M",163
ORBBS_601_2,ORBBS,601,2,2014,6/12/2014,5:09,"Handel, Colleen M",163
ORBBS_601_2,ORBBS,601,2,2016,6/11/2016,5:09,"Pajot, Lisa M",163
ORBBS_601_2,ORBBS,601,2,2018,6/14/2018,5:22,"Handel, Colleen M",165
ORBBS_601_2,ORBBS,601,2,2020,6/15/2020,5:14,"Handel, Colleen M",167
ORBBS_601_2,ORBBS,601,2,1999,6/14/1999,4:39,"Handel, Colleen M",165
ORBBS_601_2,ORBBS,601,2,1996,6/16/1996,4:39,"Ricketts, Julia C",168
ORBBS_601_2,ORBBS,601,2,1995,6/28/1995,4:41,"Sotak, Diane L",179
ORBBS_601_2,ORBBS,601,2,1996,6/21/1996,4:46,"Handel, Colleen M",173
ORBBS_601_2,ORBBS,601,2,1994,6/26/1994,4:47,"Handel, Colleen M",177
ORBBS_601_2,ORBBS,601,2,1994,7/1/1994,4:50,"Ricketts, Julia C",182
ORBBS_601_2,ORBBS,601,2,1994,6/15/1994,4:58,"Ricketts, Julia C",166
ORBBS_601_2,ORBBS,601,2,1995,5/29/1995,4:58,"Ricketts, Julia C",149
ORBBS_601_2,ORBBS,601,2,1994,6/2/1994,5:01,"deZeeuw, Maureen L",153
ORBBS_601_2,ORBBS,601,2,1993,6/24/1993,5:01,"deZeeuw, Maureen L",175
ORBBS_601_2,ORBBS,601,2,1995,6/3/1995,5:02,"Matsuoka, Steve M",154
ORBBS_601_2,ORBBS,601,2,1993,7/1/1993,5:02,"deZeeuw, Maureen L",182
ORBBS_601_2,ORBBS,601,2,1996,5/30/1996,5:05,"Ricketts, Julia C",151
ORBBS_601_2,ORBBS,601,2,1994,5/29/1994,5:07,"Ricketts, Julia C",149
ORBBS_601_2,ORBBS,601,2,1995,6/13/1995,5:11,"Ricketts, Julia C",164
ORBBS_601_2,ORBBS,601,2,1996,5/24/1996,5:15,"Ricketts, Julia C",145
ORBBS_601_2,ORBBS,601,2,1993,6/10/1993,5:17,"Ricketts, Julia C",161
ORBBS_601_2,ORBBS,601,2,1996,5/20/1996,5:19,"Ricketts, Julia C",141
ORBBS_601_2,ORBBS,601,2,1995,5/22/1995,5:21,"Ricketts, Julia C",142
ORBBS_601_2,ORBBS,601,2,1993,6/2/1993,5:21,"Matsuoka, Steve M",153
ORBBS_601_2,ORBBS,601,2,1998,6/10/1998,5:22,"Handel, Colleen M",161
ORBBS_601_2,ORBBS,601,2,1998,6/10/1998,5:22,"Parkinson, Kristina A",161
ORBBS_601_2,ORBBS,601,2,1998,6/10/1998,5:22,"Brelsford, Alan T",161
ORBBS_601_2,ORBBS,601,2,1996,6/5/1996,5:22,"Matsuoka, Steve M",157
ORBBS_601_2,ORBBS,601,2,1997,6/11/1997,5:25,"Handel, Colleen M",162
ORBBS_601_2,ORBBS,601,2,1994,5/24/1994,5:26,"Ricketts, Julia C",144
ORBBS_601_2,ORBBS,601,2,1995,5/16/1995,5:31,"Ricketts, Julia C",136
ORBBS_601_2,ORBBS,601,2,1996,5/14/1996,5:38,"Ricketts, Julia C",135
ORBBS_601_2,ORBBS,601,2,1993,5/28/1993,5:43,"Ricketts, Julia C",148
ORBBS_601_2,ORBBS,601,2,1994,5/17/1994,5:44,"Ricketts, Julia C",137
ORBBS_601_2,ORBBS,601,2,1993,5/23/1993,5:45,"Ricketts, Julia C",143
ORBBS_601_2,ORBBS,601,2,1995,5/11/1995,5:52,"Ricketts, Julia C",131
ORBBS_601_2,ORBBS,601,2,1996,5/9/1996,5:54,"Ricketts, Julia C",130
ORBBS_601_2,ORBBS,601,2,1993,5/18/1993,5:58,"Ricketts, Julia C",138
ORBBS_601_2,ORBBS,601,2,1995,5/8/1995,6:01,"Ricketts, Julia C",128
ORBBS_601_2,ORBBS,601,2,1993,5/14/1993,6:02,"Ricketts, Julia C",134
ORBBS_601_2,ORBBS,601,2,1994,5/12/1994,6:07,"Ricketts, Julia C",132
ORBBS_601_2,ORBBS,601,2,1993,5/10/1993,6:10,"Ricketts, Julia C",130
ORBBS_601_2,ORBBS,601,2,2000,6/15/2000,6:12,"Handel, Colleen M",167
ORBBS_601_2,ORBBS,601,2,1994,5/9/1994,6:25,"Ricketts, Julia C",129
ORBBS_602_12,ORBBS,602,12,2001,6/15/2001,7:49,"Cotter, Paul A",166
ORBBS_602_12,ORBBS,602,12,2002,6/18/2002,7:28,"Cotter, Paul A",169
ORBBS_602_12,ORBBS,602,12,2004,6/16/2004,10:14,"Handel, Colleen M",168
ORBBS_602_12,ORBBS,602,12,2006,6/14/2006,10:49,"Handel, Colleen M",165
ORBBS_602_12,ORBBS,602,12,2008,6/19/2008,10:52,"Handel, Colleen M",171
ORBBS_602_12,ORBBS,602,12,2010,6/14/2010,10:01,"Handel, Colleen M",165
ORBBS_602_12,ORBBS,602,12,2012,6/18/2012,10:24,"Handel, Colleen M",170
ORBBS_602_12,ORBBS,602,12,2013,6/20/2013,11:09,"Handel, Colleen M",171
ORBBS_602_12,ORBBS,602,12,2014,6/16/2014,9:27,"Handel, Colleen M",167
ORBBS_602_12,ORBBS,602,12,2016,6/15/2016,8:20,"Pajot, Lisa M",167
ORBBS_602_12,ORBBS,602,12,2018,6/20/2018,10:12,"Handel, Colleen M",171
ORBBS_602_12,ORBBS,602,12,2020,6/17/2020,9:11,"Handel, Colleen M",169
ORBBS_602_12,ORBBS,602,12,1996,6/22/1996,6:50,"Scott, Hustace  H",174
ORBBS_602_12,ORBBS,602,12,1995,6/28/1995,7:03,"deZeeuw, Maureen L",179
ORBBS_602_12,ORBBS,602,12,1995,6/15/1995,7:31,"Matsuoka, Steve M",166
ORBBS_602_12,ORBBS,602,12,1995,6/2/1995,7:37,"Sotak, Diane L",153
ORBBS_602_12,ORBBS,602,12,1994,6/27/1994,7:40,"Handel, Colleen M",178
ORBBS_602_12,ORBBS,602,12,1999,6/17/1999,7:49,"Matsuoka, Steve M",168
ORBBS_602_12,ORBBS,602,12,1993,6/26/1993,7:50,JDMason,177
ORBBS_602_12,ORBBS,602,12,1994,5/31/1994,7:56,"Ricketts, Julia C",151
ORBBS_602_12,ORBBS,602,12,1996,6/17/1996,7:56,"Matsuoka, Steve M",169
ORBBS_602_12,ORBBS,602,12,1994,6/15/1994,8:09,"Krajcirik, Lisa M",166
ORBBS_602_12,ORBBS,602,12,1995,5/27/1995,8:12,"Matsuoka, Steve M",147
ORBBS_602_12,ORBBS,602,12,1995,5/22/1995,8:14,"Matsuoka, Steve M",142
ORBBS_602_12,ORBBS,602,12,2000,6/16/2000,8:21,"Handel, Colleen M",168
ORBBS_602_12,ORBBS,602,12,1993,5/24/1993,8:23,"Matsuoka, Steve M",144
ORBBS_602_12,ORBBS,602,12,1994,5/24/1994,8:25,"Handel, Colleen M",144
ORBBS_602_12,ORBBS,602,12,1996,5/28/1996,8:32,"Matsuoka, Steve M",149
ORBBS_602_12,ORBBS,602,12,1996,5/13/1996,8:33,"Matsuoka, Steve M",134
ORBBS_602_12,ORBBS,602,12,1996,5/22/1996,8:33,"Matsuoka, Steve M",143
ORBBS_602_12,ORBBS,602,12,1993,6/4/1993,8:36,JDMason,155
ORBBS_602_12,ORBBS,602,12,1995,5/16/1995,8:38,"Matsuoka, Steve M",136
ORBBS_602_12,ORBBS,602,12,1996,5/18/1996,8:39,"Matsuoka, Steve M",139
ORBBS_602_12,ORBBS,602,12,1995,5/8/1995,8:42,"Matsuoka, Steve M",128
ORBBS_602_12,ORBBS,602,12,1997,6/22/1997,8:42,"Handel, Colleen M",173
ORBBS_602_12,ORBBS,602,12,1993,6/17/1993,8:44,"Matsuoka, Steve M",168
ORBBS_602_12,ORBBS,602,12,1996,5/7/1996,8:45,"Matsuoka, Steve M",128
ORBBS_602_12,ORBBS,602,12,1993,5/28/1993,8:49,"Matsuoka, Steve M",148
ORBBS_602_12,ORBBS,602,12,1993,5/14/1993,8:55,"Matsuoka, Steve M",134
ORBBS_602_12,ORBBS,602,12,1996,6/9/1996,8:57,"Handel, Colleen M",161
ORBBS_602_12,ORBBS,602,12,1995,5/11/1995,8:57,"Matsuoka, Steve M",131
ORBBS_602_12,ORBBS,602,12,1993,5/7/1993,9:20,"Matsuoka, Steve M",127
ORBBS_602_12,ORBBS,602,12,1994,5/9/1994,9:29,"Handel, Colleen M",129
ORBBS_602_12,ORBBS,602,12,1994,5/27/1994,9:30,"Handel, Colleen M",147
ORBBS_602_12,ORBBS,602,12,1998,6/17/1998,9:39,"Handel, Colleen M",168
ORBBS_602_12,ORBBS,602,12,1998,6/17/1998,9:39,"Troyer, Janice K",168
ORBBS_602_12,ORBBS,602,12,1993,5/20/1993,9:44,"Handel, Colleen M",140
ORBBS_602_12,ORBBS,602,12,1994,5/5/1994,9:51,"Handel, Colleen M",125
ORBBS_602_12,ORBBS,602,12,1994,5/13/1994,9:58,"Handel, Colleen M",133
ORBBS_602_12,ORBBS,602,12,1994,5/17/1994,10:06,"Handel, Colleen M",137
ORBBS_602_3,ORBBS,602,3,2001,6/15/2001,5:30,"Cotter, Paul A",166
ORBBS_602_3,ORBBS,602,3,2002,6/18/2002,5:15,"Cotter, Paul A",169
ORBBS_602_3,ORBBS,602,3,2004,6/16/2004,6:12,"Handel, Colleen M",168
ORBBS_602_3,ORBBS,602,3,2006,6/14/2006,6:25,"Handel, Colleen M",165
ORBBS_602_3,ORBBS,602,3,2008,6/19/2008,6:11,"Handel, Colleen M",171
ORBBS_602_3,ORBBS,602,3,2010,6/14/2010,5:50,"Handel, Colleen M",165
ORBBS_602_3,ORBBS,602,3,2012,6/18/2012,6:21,"Handel, Colleen M",170
ORBBS_602_3,ORBBS,602,3,2013,6/20/2013,6:49,"Handel, Colleen M",171
ORBBS_602_3,ORBBS,602,3,2014,6/16/2014,5:43,"Handel, Colleen M",167
ORBBS_602_3,ORBBS,602,3,2016,6/15/2016,5:21,"Pajot, Lisa M",167
ORBBS_602_3,ORBBS,602,3,2018,6/20/2018,6:01,"Handel, Colleen M",171
ORBBS_602_3,ORBBS,602,3,2020,6/17/2020,5:48,"Handel, Colleen M",169
ORBBS_602_3,ORBBS,602,3,1995,6/28/1995,4:55,"deZeeuw, Maureen L",179
ORBBS_602_3,ORBBS,602,3,1996,6/22/1996,5:01,"Scott, Hustace  H",174
ORBBS_602_3,ORBBS,602,3,1995,6/15/1995,5:13,"Matsuoka, Steve M",166
ORBBS_602_3,ORBBS,602,3,1994,6/15/1994,5:16,"Krajcirik, Lisa M",166
ORBBS_602_3,ORBBS,602,3,1994,6/27/1994,5:17,"Handel, Colleen M",178
ORBBS_602_3,ORBBS,602,3,1996,6/17/1996,5:20,"Matsuoka, Steve M",169
ORBBS_602_3,ORBBS,602,3,1997,6/22/1997,5:22,"Handel, Colleen M",173
ORBBS_602_3,ORBBS,602,3,1999,6/17/1999,5:23,"Matsuoka, Steve M",168
ORBBS_602_3,ORBBS,602,3,1995,6/2/1995,5:28,"Sotak, Diane L",153
ORBBS_602_3,ORBBS,602,3,1998,6/17/1998,5:29,"Handel, Colleen M",168
ORBBS_602_3,ORBBS,602,3,1998,6/17/1998,5:29,"Troyer, Janice K",168
ORBBS_602_3,ORBBS,602,3,1994,5/31/1994,5:30,"Ricketts, Julia C",151
ORBBS_602_3,ORBBS,602,3,1996,5/28/1996,5:36,"Matsuoka, Steve M",149
ORBBS_602_3,ORBBS,602,3,2000,6/16/2000,5:36,"Handel, Colleen M",168
ORBBS_602_3,ORBBS,602,3,1993,6/17/1993,5:38,"Matsuoka, Steve M",168
ORBBS_602_3,ORBBS,602,3,1996,6/9/1996,5:44,"Handel, Colleen M",161
ORBBS_602_3,ORBBS,602,3,1995,5/27/1995,5:45,"Matsuoka, Steve M",147
ORBBS_602_3,ORBBS,602,3,1993,6/26/1993,5:48,JDMason,177
ORBBS_602_3,ORBBS,602,3,1993,5/24/1993,5:50,"Matsuoka, Steve M",144
ORBBS_602_3,ORBBS,602,3,1994,5/24/1994,5:52,"Handel, Colleen M",144
ORBBS_602_3,ORBBS,602,3,1993,5/28/1993,5:55,"Matsuoka, Steve M",148
ORBBS_602_3,ORBBS,602,3,1995,5/22/1995,5:56,"Matsuoka, Steve M",142
ORBBS_602_3,ORBBS,602,3,1993,6/4/1993,5:57,JDMason,155
ORBBS_602_3,ORBBS,602,3,1996,5/22/1996,6:00,"Matsuoka, Steve M",143
ORBBS_602_3,ORBBS,602,3,1994,5/27/1994,6:02,"Handel, Colleen M",147
ORBBS_602_3,ORBBS,602,3,1996,5/18/1996,6:02,"Matsuoka, Steve M",139
ORBBS_602_3,ORBBS,602,3,1995,5/16/1995,6:03,"Matsuoka, Steve M",136
ORBBS_602_3,ORBBS,602,3,1996,5/13/1996,6:09,"Matsuoka, Steve M",134
ORBBS_602_3,ORBBS,602,3,1993,5/20/1993,6:12,"Handel, Colleen M",140
ORBBS_602_3,ORBBS,602,3,1995,5/8/1995,6:15,"Matsuoka, Steve M",128
ORBBS_602_3,ORBBS,602,3,1994,5/9/1994,6:19,"Handel, Colleen M",129
ORBBS_602_3,ORBBS,602,3,1993,5/14/1993,6:20,"Matsuoka, Steve M",134
ORBBS_602_3,ORBBS,602,3,1996,5/7/1996,6:23,"Matsuoka, Steve M",128
ORBBS_602_3,ORBBS,602,3,1995,5/11/1995,6:26,"Matsuoka, Steve M",131
ORBBS_602_3,ORBBS,602,3,1994,5/17/1994,6:46,"Handel, Colleen M",137
ORBBS_602_3,ORBBS,602,3,1993,5/7/1993,6:54,"Matsuoka, Steve M",127
ORBBS_602_3,ORBBS,602,3,1994,5/5/1994,6:57,"Handel, Colleen M",125
ORBBS_602_3,ORBBS,602,3,1994,5/13/1994,7:02,"Handel, Colleen M",133
ORBBS_601_12,ORBBS,601,12,2001,6/12/2001,7:38,"Cotter, Paul A",163
ORBBS_601_12,ORBBS,601,12,2002,6/19/2002,7:09,"Cotter, Paul A",170
ORBBS_601_12,ORBBS,601,12,2004,6/11/2004,10:26,"Handel, Colleen M",163
ORBBS_601_12,ORBBS,601,12,2006,6/17/2006,8:29,"Van Hemert, Caroline R",168
ORBBS_601_12,ORBBS,601,12,2008,6/17/2008,10:29,"Handel, Colleen M",169
ORBBS_601_12,ORBBS,601,12,2010,6/10/2010,9:17,"Handel, Colleen M",161
ORBBS_601_12,ORBBS,601,12,2012,6/11/2012,9:31,"Handel, Colleen M",163
ORBBS_601_12,ORBBS,601,12,2014,6/12/2014,9:12,"Handel, Colleen M",163
ORBBS_601_12,ORBBS,601,12,2016,6/11/2016,8:31,"Pajot, Lisa M",163
ORBBS_601_12,ORBBS,601,12,2018,6/14/2018,9:48,"Handel, Colleen M",165
ORBBS_601_12,ORBBS,601,12,2020,6/15/2020,8:42,"Handel, Colleen M",167
ORBBS_601_12,ORBBS,601,12,1996,6/16/1996,7:07,"Ricketts, Julia C",168
ORBBS_601_12,ORBBS,601,12,1995,5/29/1995,7:09,"Ricketts, Julia C",149
ORBBS_601_12,ORBBS,601,12,1996,5/30/1996,7:13,"Ricketts, Julia C",151
ORBBS_601_12,ORBBS,601,12,1993,7/1/1993,7:13,"deZeeuw, Maureen L",182
ORBBS_601_12,ORBBS,601,12,1995,6/13/1995,7:20,"Ricketts, Julia C",164
ORBBS_601_12,ORBBS,601,12,1993,6/10/1993,7:23,"Ricketts, Julia C",161
ORBBS_601_12,ORBBS,601,12,1995,6/28/1995,7:24,"Sotak, Diane L",179
ORBBS_601_12,ORBBS,601,12,1996,5/20/1996,7:32,"Ricketts, Julia C",141
ORBBS_601_12,ORBBS,601,12,1993,6/24/1993,7:32,"deZeeuw, Maureen L",175
ORBBS_601_12,ORBBS,601,12,1994,7/1/1994,7:33,"Ricketts, Julia C",182
ORBBS_601_12,ORBBS,601,12,1995,5/22/1995,7:36,"Ricketts, Julia C",142
ORBBS_601_12,ORBBS,601,12,1994,6/26/1994,7:41,"Handel, Colleen M",177
ORBBS_601_12,ORBBS,601,12,1996,5/24/1996,7:41,"Ricketts, Julia C",145
ORBBS_601_12,ORBBS,601,12,1994,5/29/1994,7:43,"Ricketts, Julia C",149
ORBBS_601_12,ORBBS,601,12,1999,6/14/1999,7:46,"Handel, Colleen M",165
ORBBS_601_12,ORBBS,601,12,1994,5/24/1994,7:46,"Ricketts, Julia C",144
ORBBS_601_12,ORBBS,601,12,1995,6/3/1995,7:49,"Matsuoka, Steve M",154
ORBBS_601_12,ORBBS,601,12,1993,5/23/1993,7:49,"Ricketts, Julia C",143
ORBBS_601_12,ORBBS,601,12,1994,6/2/1994,7:50,"deZeeuw, Maureen L",153
ORBBS_601_12,ORBBS,601,12,1995,5/16/1995,7:50,"Ricketts, Julia C",136
ORBBS_601_12,ORBBS,601,12,1993,5/28/1993,7:50,"Ricketts, Julia C",148
ORBBS_601_12,ORBBS,601,12,1993,5/18/1993,7:54,"Ricketts, Julia C",138
ORBBS_601_12,ORBBS,601,12,1996,6/21/1996,7:55,"Handel, Colleen M",173
ORBBS_601_12,ORBBS,601,12,1994,6/15/1994,7:59,"Ricketts, Julia C",166
ORBBS_601_12,ORBBS,601,12,1996,5/14/1996,8:05,"Ricketts, Julia C",135
ORBBS_601_12,ORBBS,601,12,1993,5/10/1993,8:10,"Ricketts, Julia C",130
ORBBS_601_12,ORBBS,601,12,1993,5/14/1993,8:15,"Ricketts, Julia C",134
ORBBS_601_12,ORBBS,601,12,1996,5/9/1996,8:21,"Ricketts, Julia C",130
ORBBS_601_12,ORBBS,601,12,1996,6/5/1996,8:22,"Matsuoka, Steve M",157
ORBBS_601_12,ORBBS,601,12,1995,5/8/1995,8:26,"Ricketts, Julia C",128
ORBBS_601_12,ORBBS,601,12,1995,5/11/1995,8:29,"Ricketts, Julia C",131
ORBBS_601_12,ORBBS,601,12,1993,6/2/1993,8:32,"Matsuoka, Steve M",153
ORBBS_601_12,ORBBS,601,12,1994,5/17/1994,8:40,"Ricketts, Julia C",137
ORBBS_601_12,ORBBS,601,12,1997,6/11/1997,8:45,"Handel, Colleen M",162
ORBBS_601_12,ORBBS,601,12,2000,6/15/2000,8:58,"Handel, Colleen M",167
ORBBS_601_12,ORBBS,601,12,1994,5/12/1994,9:05,"Ricketts, Julia C",132
ORBBS_601_12,ORBBS,601,12,1994,5/9/1994,9:49,"Ricketts, Julia C",129
ORBBS_601_12,ORBBS,601,12,1998,6/10/1998,10:03,"Handel, Colleen M",161
ORBBS_601_12,ORBBS,601,12,1998,6/10/1998,10:03,"Parkinson, Kristina A",161
ORBBS_601_12,ORBBS,601,12,1998,6/10/1998,10:08,"Brelsford, Alan T",161
ORBBS_601_1,ORBBS,601,1,2001,6/12/2001,4:54,"Cotter, Paul A",163
ORBBS_601_1,ORBBS,601,1,2002,6/19/2002,4:23,"Cotter, Paul A",170
ORBBS_601_1,ORBBS,601,1,2004,6/11/2004,5:04,"Handel, Colleen M",163
ORBBS_601_1,ORBBS,601,1,2006,6/17/2006,4:37,"Van Hemert, Caroline R",168
ORBBS_601_1,ORBBS,601,1,2008,6/17/2008,4:44,"Handel, Colleen M",169
ORBBS_601_1,ORBBS,601,1,2010,6/10/2010,4:45,"Handel, Colleen M",161
ORBBS_601_1,ORBBS,601,1,2012,6/11/2012,5:25,"Handel, Colleen M",163
ORBBS_601_1,ORBBS,601,1,2014,6/12/2014,4:37,"Handel, Colleen M",163
ORBBS_601_1,ORBBS,601,1,2016,6/11/2016,4:43,"Pajot, Lisa M",163
ORBBS_601_1,ORBBS,601,1,2018,6/14/2018,4:53,"Handel, Colleen M",165
ORBBS_601_1,ORBBS,601,1,2020,6/15/2020,4:46,"Handel, Colleen M",167
ORBBS_601_1,ORBBS,601,1,1994,6/26/1994,4:21,"Handel, Colleen M",177
ORBBS_601_1,ORBBS,601,1,1999,6/14/1999,4:23,"Handel, Colleen M",165
ORBBS_601_1,ORBBS,601,1,1995,6/28/1995,4:24,"Sotak, Diane L",179
ORBBS_601_1,ORBBS,601,1,1996,6/21/1996,4:25,"Handel, Colleen M",173
ORBBS_601_1,ORBBS,601,1,1996,6/16/1996,4:26,"Ricketts, Julia C",168
ORBBS_601_1,ORBBS,601,1,1994,7/1/1994,4:31,"Ricketts, Julia C",182
ORBBS_601_1,ORBBS,601,1,1995,6/13/1995,4:40,"Ricketts, Julia C",164
ORBBS_601_1,ORBBS,601,1,1998,6/10/1998,4:41,"Handel, Colleen M",161
ORBBS_601_1,ORBBS,601,1,1998,6/10/1998,4:41,"Parkinson, Kristina A",161
ORBBS_601_1,ORBBS,601,1,1998,6/10/1998,4:41,"Brelsford, Alan T",161
ORBBS_601_1,ORBBS,601,1,1994,6/15/1994,4:42,"Ricketts, Julia C",166
ORBBS_601_1,ORBBS,601,1,1994,6/2/1994,4:44,"deZeeuw, Maureen L",153
ORBBS_601_1,ORBBS,601,1,1995,5/29/1995,4:45,"Ricketts, Julia C",149
ORBBS_601_1,ORBBS,601,1,1995,6/3/1995,4:46,"Matsuoka, Steve M",154
ORBBS_601_1,ORBBS,601,1,1997,6/11/1997,4:49,"Handel, Colleen M",162
ORBBS_601_1,ORBBS,601,1,1993,6/24/1993,4:50,"deZeeuw, Maureen L",175
ORBBS_601_1,ORBBS,601,1,1993,7/1/1993,4:50,"deZeeuw, Maureen L",182
ORBBS_601_1,ORBBS,601,1,1996,5/30/1996,4:51,"Ricketts, Julia C",151
ORBBS_601_1,ORBBS,601,1,1996,6/5/1996,4:55,"Matsuoka, Steve M",157
ORBBS_601_1,ORBBS,601,1,1994,5/29/1994,4:57,"Ricketts, Julia C",149
ORBBS_601_1,ORBBS,601,1,1996,5/24/1996,5:03,"Ricketts, Julia C",145
ORBBS_601_1,ORBBS,601,1,1995,5/22/1995,5:07,"Ricketts, Julia C",142
ORBBS_601_1,ORBBS,601,1,1993,6/10/1993,5:07,"Ricketts, Julia C",161
ORBBS_601_1,ORBBS,601,1,1996,5/20/1996,5:08,"Ricketts, Julia C",141
ORBBS_601_1,ORBBS,601,1,2000,6/15/2000,5:08,"Handel, Colleen M",167
ORBBS_601_1,ORBBS,601,1,1993,6/2/1993,5:11,"Matsuoka, Steve M",153
ORBBS_601_1,ORBBS,601,1,1994,5/24/1994,5:15,"Ricketts, Julia C",144
ORBBS_601_1,ORBBS,601,1,1995,5/16/1995,5:20,"Ricketts, Julia C",136
ORBBS_601_1,ORBBS,601,1,1996,5/14/1996,5:25,"Ricketts, Julia C",135
ORBBS_601_1,ORBBS,601,1,1994,5/17/1994,5:29,"Ricketts, Julia C",137
ORBBS_601_1,ORBBS,601,1,1993,5/28/1993,5:31,"Ricketts, Julia C",148
ORBBS_601_1,ORBBS,601,1,1993,5/23/1993,5:36,"Ricketts, Julia C",143
ORBBS_601_1,ORBBS,601,1,1995,5/11/1995,5:37,"Ricketts, Julia C",131
ORBBS_601_1,ORBBS,601,1,1996,5/9/1996,5:40,"Ricketts, Julia C",130
ORBBS_601_1,ORBBS,601,1,1995,5/8/1995,5:47,"Ricketts, Julia C",128
ORBBS_601_1,ORBBS,601,1,1993,5/18/1993,5:48,"Ricketts, Julia C",138
ORBBS_601_1,ORBBS,601,1,1994,5/12/1994,5:51,"Ricketts, Julia C",132
ORBBS_601_1,ORBBS,601,1,1993,5/14/1993,5:52,"Ricketts, Julia C",134
ORBBS_601_1,ORBBS,601,1,1993,5/10/1993,6:00,"Ricketts, Julia C",130
ORBBS_601_1,ORBBS,601,1,1994,5/9/1994,6:06,"Ricketts, Julia C",129
ORBBS_601_3,ORBBS,601,3,2001,6/12/2001,5:35,"Cotter, Paul A",163
ORBBS_601_3,ORBBS,601,3,2002,6/19/2002,4:58,"Cotter, Paul A",170
ORBBS_601_3,ORBBS,601,3,2004,6/11/2004,6:16,"Handel, Colleen M",163
ORBBS_601_3,ORBBS,601,3,2006,6/17/2006,5:33,"Van Hemert, Caroline R",168
ORBBS_601_3,ORBBS,601,3,2008,6/17/2008,6:15,"Handel, Colleen M",169
ORBBS_601_3,ORBBS,601,3,2010,6/10/2010,5:39,"Handel, Colleen M",161
ORBBS_601_3,ORBBS,601,3,2012,6/11/2012,6:15,"Handel, Colleen M",163
ORBBS_601_3,ORBBS,601,3,2014,6/12/2014,5:56,"Handel, Colleen M",163
ORBBS_601_3,ORBBS,601,3,2016,6/11/2016,5:46,"Pajot, Lisa M",163
ORBBS_601_3,ORBBS,601,3,2018,6/14/2018,5:55,"Handel, Colleen M",165
ORBBS_601_3,ORBBS,601,3,2020,6/15/2020,5:38,"Handel, Colleen M",167
ORBBS_601_3,ORBBS,601,3,1996,6/16/1996,4:52,"Ricketts, Julia C",168
ORBBS_601_3,ORBBS,601,3,1999,6/14/1999,4:54,"Handel, Colleen M",165
ORBBS_601_3,ORBBS,601,3,1995,6/28/1995,5:00,"Sotak, Diane L",179
ORBBS_601_3,ORBBS,601,3,1994,6/26/1994,5:06,"Handel, Colleen M",177
ORBBS_601_3,ORBBS,601,3,1994,7/1/1994,5:10,"Ricketts, Julia C",182
ORBBS_601_3,ORBBS,601,3,1995,5/29/1995,5:10,"Ricketts, Julia C",149
ORBBS_601_3,ORBBS,601,3,1996,6/21/1996,5:12,"Handel, Colleen M",173
ORBBS_601_3,ORBBS,601,3,1993,6/24/1993,5:13,"deZeeuw, Maureen L",175
ORBBS_601_3,ORBBS,601,3,1993,7/1/1993,5:13,"deZeeuw, Maureen L",182
ORBBS_601_3,ORBBS,601,3,1995,6/13/1995,5:14,"Ricketts, Julia C",164
ORBBS_601_3,ORBBS,601,3,1995,6/3/1995,5:15,"Matsuoka, Steve M",154
ORBBS_601_3,ORBBS,601,3,1994,6/2/1994,5:16,"deZeeuw, Maureen L",153
ORBBS_601_3,ORBBS,601,3,1996,5/30/1996,5:17,"Ricketts, Julia C",151
ORBBS_601_3,ORBBS,601,3,1994,6/15/1994,5:18,"Ricketts, Julia C",166
ORBBS_601_3,ORBBS,601,3,1994,5/29/1994,5:22,"Ricketts, Julia C",149
ORBBS_601_3,ORBBS,601,3,1996,5/24/1996,5:27,"Ricketts, Julia C",145
ORBBS_601_3,ORBBS,601,3,1993,6/10/1993,5:29,"Ricketts, Julia C",161
ORBBS_601_3,ORBBS,601,3,1996,5/20/1996,5:33,"Ricketts, Julia C",141
ORBBS_601_3,ORBBS,601,3,1995,5/22/1995,5:36,"Ricketts, Julia C",142
ORBBS_601_3,ORBBS,601,3,1994,5/24/1994,5:39,"Ricketts, Julia C",144
ORBBS_601_3,ORBBS,601,3,1996,6/5/1996,5:42,"Matsuoka, Steve M",157
ORBBS_601_3,ORBBS,601,3,1995,5/16/1995,5:45,"Ricketts, Julia C",136
ORBBS_601_3,ORBBS,601,3,1997,6/11/1997,5:47,"Handel, Colleen M",162
ORBBS_601_3,ORBBS,601,3,1993,6/2/1993,5:48,"Matsuoka, Steve M",153
ORBBS_601_3,ORBBS,601,3,1996,5/14/1996,5:50,"Ricketts, Julia C",135
ORBBS_601_3,ORBBS,601,3,2000,6/15/2000,5:51,"Handel, Colleen M",167
ORBBS_601_3,ORBBS,601,3,1993,5/28/1993,5:55,"Ricketts, Julia C",148
ORBBS_601_3,ORBBS,601,3,1994,5/17/1994,5:58,"Ricketts, Julia C",137
ORBBS_601_3,ORBBS,601,3,1993,5/23/1993,6:00,"Ricketts, Julia C",143
ORBBS_601_3,ORBBS,601,3,1998,6/10/1998,6:07,"Handel, Colleen M",161
ORBBS_601_3,ORBBS,601,3,1998,6/10/1998,6:07,"Parkinson, Kristina A",161
ORBBS_601_3,ORBBS,601,3,1998,6/10/1998,6:07,"Brelsford, Alan T",161
ORBBS_601_3,ORBBS,601,3,1993,5/18/1993,6:09,"Ricketts, Julia C",138
ORBBS_601_3,ORBBS,601,3,1995,5/11/1995,6:12,"Ricketts, Julia C",131
ORBBS_601_3,ORBBS,601,3,1996,5/9/1996,6:13,"Ricketts, Julia C",130
ORBBS_601_3,ORBBS,601,3,1995,5/8/1995,6:15,"Ricketts, Julia C",128
ORBBS_601_3,ORBBS,601,3,1993,5/14/1993,6:16,"Ricketts, Julia C",134
ORBBS_601_3,ORBBS,601,3,1993,5/10/1993,6:24,"Ricketts, Julia C",130
ORBBS_601_3,ORBBS,601,3,1994,5/12/1994,6:34,"Ricketts, Julia C",132
ORBBS_601_3,ORBBS,601,3,1994,5/9/1994,6:44,"Ricketts, Julia C",129
ORBBS_613_8,ORBBS,613,8,2001,6/21/2001,6:41,"Cotter, Paul A",172
ORBBS_613_8,ORBBS,613,8,2002,6/25/2002,6:12,"Cotter, Paul A",176
ORBBS_613_8,ORBBS,613,8,2006,6/22/2006,7:04,"Van Hemert, Caroline R",173
ORBBS_613_8,ORBBS,613,8,2008,6/24/2008,7:25,"Pajot, Lisa M",176
ORBBS_613_8,ORBBS,613,8,2009,6/26/2009,8:18,"Handel, Colleen M",177
ORBBS_613_8,ORBBS,613,8,2010,6/24/2010,7:23,"Pajot, Lisa M",175
ORBBS_613_8,ORBBS,613,8,2011,6/17/2011,7:19,"Pajot, Lisa M",168
ORBBS_613_8,ORBBS,613,8,2011,6/22/2011,6:59,"Pajot, Lisa M",173
ORBBS_613_8,ORBBS,613,8,2013,6/21/2013,6:55,"Pajot, Lisa M",172
ORBBS_613_8,ORBBS,613,8,2015,6/21/2015,7:31,"Pajot, Lisa M",172
ORBBS_613_8,ORBBS,613,8,2016,6/22/2016,7:00,"Pajot, Lisa M",174
ORBBS_613_8,ORBBS,613,8,2018,6/21/2018,7:00,"Pajot, Lisa M",172
ORBBS_613_8,ORBBS,613,8,2020,6/20/2020,7:05,"Pajot, Lisa M",172
ORBBS_613_8,ORBBS,613,8,2000,6/22/2000,6:38,"Pajot, Lisa M",174
ORBBS_613_8,ORBBS,613,8,1994,6/22/1994,7:02,"Matsuoka, Steve M",173
ORBBS_613_8,ORBBS,613,8,1996,6/19/1996,7:14,"Matsuoka, Steve M",171
ORBBS_613_8,ORBBS,613,8,1999,6/21/1999,7:15,"Matsuoka, Steve M",172
ORBBS_613_8,ORBBS,613,8,1995,6/19/1995,7:27,"Matsuoka, Steve M",170
ORBBS_613_8,ORBBS,613,8,1993,6/21/1993,7:34,"Matsuoka, Steve M",172
ORBBS_613_8,ORBBS,613,8,1997,6/23/1997,7:52,"Handel, Colleen M",174
ORBBS_613_8,ORBBS,613,8,1998,6/23/1998,8:03,"Handel, Colleen M",174
ORBBS_613_7,ORBBS,613,7,2001,6/21/2001,6:23,"Cotter, Paul A",172
ORBBS_613_7,ORBBS,613,7,2002,6/25/2002,6:00,"Cotter, Paul A",176
ORBBS_613_7,ORBBS,613,7,2006,6/22/2006,6:50,"Van Hemert, Caroline R",173
ORBBS_613_7,ORBBS,613,7,2008,6/24/2008,7:11,"Pajot, Lisa M",176
ORBBS_613_7,ORBBS,613,7,2009,6/26/2009,7:59,"Handel, Colleen M",177
ORBBS_613_7,ORBBS,613,7,2010,6/24/2010,7:04,"Pajot, Lisa M",175
ORBBS_613_7,ORBBS,613,7,2011,6/17/2011,6:59,"Pajot, Lisa M",168
ORBBS_613_7,ORBBS,613,7,2011,6/22/2011,6:39,"Pajot, Lisa M",173
ORBBS_613_7,ORBBS,613,7,2013,6/21/2013,6:38,"Pajot, Lisa M",172
ORBBS_613_7,ORBBS,613,7,2015,6/21/2015,7:13,"Pajot, Lisa M",172
ORBBS_613_7,ORBBS,613,7,2016,6/22/2016,6:42,"Pajot, Lisa M",174
ORBBS_613_7,ORBBS,613,7,2018,6/21/2018,6:44,"Pajot, Lisa M",172
ORBBS_613_7,ORBBS,613,7,2020,6/20/2020,6:48,"Pajot, Lisa M",172
ORBBS_613_7,ORBBS,613,7,2000,6/22/2000,6:21,"Pajot, Lisa M",174
ORBBS_613_7,ORBBS,613,7,1994,6/22/1994,6:44,"Matsuoka, Steve M",173
ORBBS_613_7,ORBBS,613,7,1996,6/19/1996,6:49,"Matsuoka, Steve M",171
ORBBS_613_7,ORBBS,613,7,1999,6/21/1999,6:54,"Matsuoka, Steve M",172
ORBBS_613_7,ORBBS,613,7,1995,6/19/1995,7:04,"Matsuoka, Steve M",170
ORBBS_613_7,ORBBS,613,7,1993,6/21/1993,7:13,"Matsuoka, Steve M",172
ORBBS_613_7,ORBBS,613,7,1997,6/23/1997,7:14,"Handel, Colleen M",174
ORBBS_613_7,ORBBS,613,7,1998,6/23/1998,7:45,"Handel, Colleen M",174
ORBBS_601_4,ORBBS,601,4,2001,6/12/2001,5:50,"Cotter, Paul A",163
ORBBS_601_4,ORBBS,601,4,2002,6/19/2002,5:15,"Cotter, Paul A",170
ORBBS_601_4,ORBBS,601,4,2004,6/11/2004,6:46,"Handel, Colleen M",163
ORBBS_601_4,ORBBS,601,4,2006,6/17/2006,5:52,"Van Hemert, Caroline R",168
ORBBS_601_4,ORBBS,601,4,2008,6/17/2008,6:48,"Handel, Colleen M",169
ORBBS_601_4,ORBBS,601,4,2010,6/10/2010,6:01,"Handel, Colleen M",161
ORBBS_601_4,ORBBS,601,4,2012,6/11/2012,6:38,"Handel, Colleen M",163
ORBBS_601_4,ORBBS,601,4,2014,6/12/2014,6:22,"Handel, Colleen M",163
ORBBS_601_4,ORBBS,601,4,2016,6/11/2016,6:10,"Pajot, Lisa M",163
ORBBS_601_4,ORBBS,601,4,2018,6/14/2018,6:23,"Handel, Colleen M",165
ORBBS_601_4,ORBBS,601,4,2020,6/15/2020,6:03,"Handel, Colleen M",167
ORBBS_601_4,ORBBS,601,4,1999,6/14/1999,5:13,"Handel, Colleen M",165
ORBBS_601_4,ORBBS,601,4,1996,6/16/1996,5:15,"Ricketts, Julia C",168
ORBBS_601_4,ORBBS,601,4,1995,6/28/1995,5:15,"Sotak, Diane L",179
ORBBS_601_4,ORBBS,601,4,1995,6/13/1995,5:20,"Ricketts, Julia C",164
ORBBS_601_4,ORBBS,601,4,1993,6/24/1993,5:25,"deZeeuw, Maureen L",175
ORBBS_601_4,ORBBS,601,4,1994,6/26/1994,5:26,"Handel, Colleen M",177
ORBBS_601_4,ORBBS,601,4,1995,5/29/1995,5:26,"Ricketts, Julia C",149
ORBBS_601_4,ORBBS,601,4,1993,7/1/1993,5:30,"deZeeuw, Maureen L",182
ORBBS_601_4,ORBBS,601,4,1994,7/1/1994,5:31,"Ricketts, Julia C",182
ORBBS_601_4,ORBBS,601,4,1994,6/2/1994,5:33,"deZeeuw, Maureen L",153
ORBBS_601_4,ORBBS,601,4,1996,5/30/1996,5:33,"Ricketts, Julia C",151
ORBBS_601_4,ORBBS,601,4,1995,6/3/1995,5:37,"Matsuoka, Steve M",154
ORBBS_601_4,ORBBS,601,4,1994,5/29/1994,5:40,"Ricketts, Julia C",149
ORBBS_601_4,ORBBS,601,4,1996,6/21/1996,5:40,"Handel, Colleen M",173
ORBBS_601_4,ORBBS,601,4,1993,6/10/1993,5:44,"Ricketts, Julia C",161
ORBBS_601_4,ORBBS,601,4,1994,6/15/1994,5:45,"Ricketts, Julia C",166
ORBBS_601_4,ORBBS,601,4,1996,5/24/1996,5:46,"Ricketts, Julia C",145
ORBBS_601_4,ORBBS,601,4,1996,5/20/1996,5:52,"Ricketts, Julia C",141
ORBBS_601_4,ORBBS,601,4,1994,5/24/1994,5:55,"Ricketts, Julia C",144
ORBBS_601_4,ORBBS,601,4,1995,5/22/1995,5:55,"Ricketts, Julia C",142
ORBBS_601_4,ORBBS,601,4,1996,6/5/1996,6:00,"Matsuoka, Steve M",157
ORBBS_601_4,ORBBS,601,4,1995,5/16/1995,6:03,"Ricketts, Julia C",136
ORBBS_601_4,ORBBS,601,4,1993,5/28/1993,6:10,"Ricketts, Julia C",148
ORBBS_601_4,ORBBS,601,4,1997,6/11/1997,6:10,"Handel, Colleen M",162
ORBBS_601_4,ORBBS,601,4,1996,5/14/1996,6:11,"Ricketts, Julia C",135
ORBBS_601_4,ORBBS,601,4,1993,5/23/1993,6:15,"Ricketts, Julia C",143
ORBBS_601_4,ORBBS,601,4,1993,6/2/1993,6:15,"Matsuoka, Steve M",153
ORBBS_601_4,ORBBS,601,4,1994,5/17/1994,6:18,"Ricketts, Julia C",137
ORBBS_601_4,ORBBS,601,4,1993,5/18/1993,6:22,"Ricketts, Julia C",138
ORBBS_601_4,ORBBS,601,4,2000,6/15/2000,6:28,"Handel, Colleen M",167
ORBBS_601_4,ORBBS,601,4,1998,6/10/1998,6:30,"Handel, Colleen M",161
ORBBS_601_4,ORBBS,601,4,1998,6/10/1998,6:30,"Parkinson, Kristina A",161
ORBBS_601_4,ORBBS,601,4,1998,6/10/1998,6:30,"Brelsford, Alan T",161
ORBBS_601_4,ORBBS,601,4,1995,5/11/1995,6:31,"Ricketts, Julia C",131
ORBBS_601_4,ORBBS,601,4,1996,5/9/1996,6:33,"Ricketts, Julia C",130
ORBBS_601_4,ORBBS,601,4,1995,5/8/1995,6:36,"Ricketts, Julia C",128
ORBBS_601_4,ORBBS,601,4,1993,5/10/1993,6:38,"Ricketts, Julia C",130
ORBBS_601_4,ORBBS,601,4,1993,5/14/1993,6:40,"Ricketts, Julia C",134
ORBBS_601_4,ORBBS,601,4,1994,5/12/1994,6:49,"Ricketts, Julia C",132
ORBBS_601_4,ORBBS,601,4,1994,5/9/1994,7:06,"Ricketts, Julia C",129
ORBBS_602_2,ORBBS,602,2,2001,6/15/2001,5:12,"Cotter, Paul A",166
ORBBS_602_2,ORBBS,602,2,2002,6/18/2002,4:49,"Cotter, Paul A",169
ORBBS_602_2,ORBBS,602,2,2004,6/16/2004,5:45,"Handel, Colleen M",168
ORBBS_602_2,ORBBS,602,2,2006,6/14/2006,5:57,"Handel, Colleen M",165
ORBBS_602_2,ORBBS,602,2,2008,6/19/2008,5:43,"Handel, Colleen M",171
ORBBS_602_2,ORBBS,602,2,2010,6/14/2010,5:28,"Handel, Colleen M",165
ORBBS_602_2,ORBBS,602,2,2012,6/18/2012,5:55,"Handel, Colleen M",170
ORBBS_602_2,ORBBS,602,2,2013,6/20/2013,6:22,"Handel, Colleen M",171
ORBBS_602_2,ORBBS,602,2,2014,6/16/2014,5:19,"Handel, Colleen M",167
ORBBS_602_2,ORBBS,602,2,2016,6/15/2016,4:53,"Pajot, Lisa M",167
ORBBS_602_2,ORBBS,602,2,2018,6/20/2018,5:36,"Handel, Colleen M",171
ORBBS_602_2,ORBBS,602,2,2020,6/17/2020,5:20,"Handel, Colleen M",169
ORBBS_602_2,ORBBS,602,2,1995,6/28/1995,4:40,"deZeeuw, Maureen L",179
ORBBS_602_2,ORBBS,602,2,1994,6/15/1994,4:46,"Krajcirik, Lisa M",166
ORBBS_602_2,ORBBS,602,2,1996,6/22/1996,4:49,"Scott, Hustace  H",174
ORBBS_602_2,ORBBS,602,2,1994,6/27/1994,4:51,"Handel, Colleen M",178
ORBBS_602_2,ORBBS,602,2,1995,6/15/1995,4:57,"Matsuoka, Steve M",166
ORBBS_602_2,ORBBS,602,2,1997,6/22/1997,4:59,"Handel, Colleen M",173
ORBBS_602_2,ORBBS,602,2,1996,6/17/1996,5:00,"Matsuoka, Steve M",169
ORBBS_602_2,ORBBS,602,2,1998,6/17/1998,5:01,"Handel, Colleen M",168
ORBBS_602_2,ORBBS,602,2,1998,6/17/1998,5:01,"Troyer, Janice K",168
ORBBS_602_2,ORBBS,602,2,1994,5/31/1994,5:01,"Ricketts, Julia C",151
ORBBS_602_2,ORBBS,602,2,1995,6/2/1995,5:03,"Sotak, Diane L",153
ORBBS_602_2,ORBBS,602,2,1999,6/17/1999,5:06,"Matsuoka, Steve M",168
ORBBS_602_2,ORBBS,602,2,2000,6/16/2000,5:10,"Handel, Colleen M",168
ORBBS_602_2,ORBBS,602,2,1993,6/17/1993,5:16,"Matsuoka, Steve M",168
ORBBS_602_2,ORBBS,602,2,1996,5/28/1996,5:19,"Matsuoka, Steve M",149
ORBBS_602_2,ORBBS,602,2,1995,5/27/1995,5:21,"Matsuoka, Steve M",147
ORBBS_602_2,ORBBS,602,2,1996,6/9/1996,5:24,"Handel, Colleen M",161
ORBBS_602_2,ORBBS,602,2,1994,5/24/1994,5:29,"Handel, Colleen M",144
ORBBS_602_2,ORBBS,602,2,1993,6/26/1993,5:29,JDMason,177
ORBBS_602_2,ORBBS,602,2,1993,5/24/1993,5:30,"Matsuoka, Steve M",144
ORBBS_602_2,ORBBS,602,2,1993,6/4/1993,5:30,JDMason,155
ORBBS_602_2,ORBBS,602,2,1994,5/27/1994,5:33,"Handel, Colleen M",147
ORBBS_602_2,ORBBS,602,2,1993,5/28/1993,5:33,"Matsuoka, Steve M",148
ORBBS_602_2,ORBBS,602,2,1995,5/22/1995,5:37,"Matsuoka, Steve M",142
ORBBS_602_2,ORBBS,602,2,1996,5/18/1996,5:38,"Matsuoka, Steve M",139
ORBBS_602_2,ORBBS,602,2,1996,5/22/1996,5:42,"Matsuoka, Steve M",143
ORBBS_602_2,ORBBS,602,2,1995,5/16/1995,5:48,"Matsuoka, Steve M",136
ORBBS_602_2,ORBBS,602,2,1996,5/13/1996,5:52,"Matsuoka, Steve M",134
ORBBS_602_2,ORBBS,602,2,1993,5/20/1993,5:52,"Handel, Colleen M",140
ORBBS_602_2,ORBBS,602,2,1994,5/9/1994,6:00,"Handel, Colleen M",129
ORBBS_602_2,ORBBS,602,2,1995,5/8/1995,6:01,"Matsuoka, Steve M",128
ORBBS_602_2,ORBBS,602,2,1993,5/14/1993,6:03,"Matsuoka, Steve M",134
ORBBS_602_2,ORBBS,602,2,1996,5/7/1996,6:07,"Matsuoka, Steve M",128
ORBBS_602_2,ORBBS,602,2,1995,5/11/1995,6:10,"Matsuoka, Steve M",131
ORBBS_602_2,ORBBS,602,2,1994,5/17/1994,6:25,"Handel, Colleen M",137
ORBBS_602_2,ORBBS,602,2,1994,5/13/1994,6:29,"Handel, Colleen M",133
ORBBS_602_2,ORBBS,602,2,1993,5/7/1993,6:36,"Matsuoka, Steve M",127
ORBBS_602_2,ORBBS,602,2,1994,5/5/1994,6:38,"Handel, Colleen M",125
ORBBS_613_12,ORBBS,613,12,2001,6/21/2001,7:28,"Cotter, Paul A",172
ORBBS_613_12,ORBBS,613,12,2002,6/25/2002,7:05,"Cotter, Paul A",176
ORBBS_613_12,ORBBS,613,12,2006,6/22/2006,8:16,"Van Hemert, Caroline R",173
ORBBS_613_12,ORBBS,613,12,2008,6/24/2008,8:34,"Pajot, Lisa M",176
ORBBS_613_12,ORBBS,613,12,2009,6/26/2009,9:31,"Handel, Colleen M",177
ORBBS_613_12,ORBBS,613,12,2010,6/24/2010,8:29,"Pajot, Lisa M",175
ORBBS_613_12,ORBBS,613,12,2011,6/17/2011,8:35,"Pajot, Lisa M",168
ORBBS_613_12,ORBBS,613,12,2011,6/22/2011,8:19,"Pajot, Lisa M",173
ORBBS_613_12,ORBBS,613,12,2013,6/21/2013,8:01,"Pajot, Lisa M",172
ORBBS_613_12,ORBBS,613,12,2015,6/21/2015,8:36,"Pajot, Lisa M",172
ORBBS_613_12,ORBBS,613,12,2018,6/21/2018,8:07,"Pajot, Lisa M",172
ORBBS_613_12,ORBBS,613,12,2016,6/22/2016,8:22,"Pajot, Lisa M",174
ORBBS_613_12,ORBBS,613,12,2020,6/20/2020,8:13,"Pajot, Lisa M",172
ORBBS_613_12,ORBBS,613,12,2000,6/22/2000,7:46,"Pajot, Lisa M",174
ORBBS_613_12,ORBBS,613,12,1994,6/22/1994,8:03,"Matsuoka, Steve M",173
ORBBS_613_12,ORBBS,613,12,1996,6/19/1996,8:15,"Matsuoka, Steve M",171
ORBBS_613_12,ORBBS,613,12,1995,6/19/1995,8:28,"Matsuoka, Steve M",170
ORBBS_613_12,ORBBS,613,12,1999,6/21/1999,8:58,"Matsuoka, Steve M",172
ORBBS_613_12,ORBBS,613,12,1993,6/21/1993,9:03,"Matsuoka, Steve M",172
ORBBS_613_12,ORBBS,613,12,1997,6/23/1997,9:26,"Handel, Colleen M",174
ORBBS_613_12,ORBBS,613,12,1998,6/23/1998,9:29,"Handel, Colleen M",174
ORBBS_601_11,ORBBS,601,11,2002,6/19/2002,7:00,"Cotter, Paul A",170
ORBBS_601_11,ORBBS,601,11,2004,6/11/2004,10:03,"Handel, Colleen M",163
ORBBS_601_11,ORBBS,601,11,2006,6/17/2006,8:12,"Van Hemert, Caroline R",168
ORBBS_601_11,ORBBS,601,11,2008,6/17/2008,10:00,"Handel, Colleen M",169
ORBBS_601_11,ORBBS,601,11,2010,6/10/2010,8:49,"Handel, Colleen M",161
ORBBS_601_11,ORBBS,601,11,2012,6/11/2012,9:13,"Handel, Colleen M",163
ORBBS_601_11,ORBBS,601,11,2014,6/12/2014,8:54,"Handel, Colleen M",163
ORBBS_601_11,ORBBS,601,11,2016,6/11/2016,8:15,"Pajot, Lisa M",163
ORBBS_601_11,ORBBS,601,11,2018,6/14/2018,9:30,"Handel, Colleen M",165
ORBBS_601_11,ORBBS,601,11,2020,6/15/2020,8:23,"Handel, Colleen M",167
ORBBS_601_11,ORBBS,601,11,1996,6/16/1996,6:55,"Ricketts, Julia C",168
ORBBS_601_11,ORBBS,601,11,1995,6/28/1995,6:56,"Sotak, Diane L",179
ORBBS_601_11,ORBBS,601,11,1995,5/29/1995,6:59,"Ricketts, Julia C",149
ORBBS_601_11,ORBBS,601,11,1996,5/30/1996,7:01,"Ricketts, Julia C",151
ORBBS_601_11,ORBBS,601,11,1993,7/1/1993,7:01,"deZeeuw, Maureen L",182
ORBBS_601_11,ORBBS,601,11,1995,6/13/1995,7:08,"Ricketts, Julia C",164
ORBBS_601_11,ORBBS,601,11,1993,6/10/1993,7:10,"Ricketts, Julia C",161
ORBBS_601_11,ORBBS,601,11,1999,6/14/1999,7:14,"Handel, Colleen M",165
ORBBS_601_11,ORBBS,601,11,1994,7/1/1994,7:19,"Ricketts, Julia C",182
ORBBS_601_11,ORBBS,601,11,1993,6/24/1993,7:21,"deZeeuw, Maureen L",175
ORBBS_601_11,ORBBS,601,11,1996,5/20/1996,7:22,"Ricketts, Julia C",141
ORBBS_601_11,ORBBS,601,11,1994,6/26/1994,7:24,"Handel, Colleen M",177
ORBBS_601_11,ORBBS,601,11,1995,5/22/1995,7:25,"Ricketts, Julia C",142
ORBBS_601_11,ORBBS,601,11,1994,5/29/1994,7:30,"Ricketts, Julia C",149
ORBBS_601_11,ORBBS,601,11,1996,5/24/1996,7:30,"Ricketts, Julia C",145
ORBBS_601_11,ORBBS,601,11,1994,5/24/1994,7:35,"Ricketts, Julia C",144
ORBBS_601_11,ORBBS,601,11,1995,6/3/1995,7:37,"Matsuoka, Steve M",154
ORBBS_601_11,ORBBS,601,11,1994,6/2/1994,7:38,"deZeeuw, Maureen L",153
ORBBS_601_11,ORBBS,601,11,1995,5/16/1995,7:38,"Ricketts, Julia C",136
ORBBS_601_11,ORBBS,601,11,1996,6/21/1996,7:39,"Handel, Colleen M",173
ORBBS_601_11,ORBBS,601,11,1993,5/23/1993,7:40,"Ricketts, Julia C",143
ORBBS_601_11,ORBBS,601,11,1993,5/28/1993,7:41,"Ricketts, Julia C",148
ORBBS_601_11,ORBBS,601,11,1993,5/18/1993,7:44,"Ricketts, Julia C",138
ORBBS_601_11,ORBBS,601,11,1994,6/15/1994,7:45,"Ricketts, Julia C",166
ORBBS_601_11,ORBBS,601,11,1996,5/14/1996,7:54,"Ricketts, Julia C",135
ORBBS_601_11,ORBBS,601,11,1993,5/10/1993,8:00,"Ricketts, Julia C",130
ORBBS_601_11,ORBBS,601,11,1993,5/14/1993,8:05,"Ricketts, Julia C",134
ORBBS_601_11,ORBBS,601,11,1995,5/11/1995,8:08,"Ricketts, Julia C",131
ORBBS_601_11,ORBBS,601,11,1996,6/5/1996,8:09,"Matsuoka, Steve M",157
ORBBS_601_11,ORBBS,601,11,1996,5/9/1996,8:09,"Ricketts, Julia C",130
ORBBS_601_11,ORBBS,601,11,1995,5/8/1995,8:10,"Ricketts, Julia C",128
ORBBS_601_11,ORBBS,601,11,1993,6/2/1993,8:18,"Matsuoka, Steve M",153
ORBBS_601_11,ORBBS,601,11,1994,5/17/1994,8:24,"Ricketts, Julia C",137
ORBBS_601_11,ORBBS,601,11,1997,6/11/1997,8:24,"Handel, Colleen M",162
ORBBS_601_11,ORBBS,601,11,2000,6/15/2000,8:42,"Handel, Colleen M",167
ORBBS_601_11,ORBBS,601,11,1994,5/12/1994,8:53,"Ricketts, Julia C",132
ORBBS_601_11,ORBBS,601,11,1994,5/9/1994,9:31,"Ricketts, Julia C",129
ORBBS_601_11,ORBBS,601,11,1998,6/10/1998,9:46,"Handel, Colleen M",161
ORBBS_601_11,ORBBS,601,11,1998,6/10/1998,9:46,"Parkinson, Kristina A",161
ORBBS_601_11,ORBBS,601,11,1998,6/10/1998,9:46,"Brelsford, Alan T",161
ORBBS_602_1,ORBBS,602,1,2001,6/15/2001,4:52,"Cotter, Paul A",166
ORBBS_602_1,ORBBS,602,1,2002,6/18/2002,4:30,"Cotter, Paul A",169
ORBBS_602_1,ORBBS,602,1,2004,6/16/2004,5:02,"Handel, Colleen M",168
ORBBS_602_1,ORBBS,602,1,2006,6/14/2006,5:14,"Handel, Colleen M",165
ORBBS_602_1,ORBBS,602,1,2008,6/19/2008,5:10,"Handel, Colleen M",171
ORBBS_602_1,ORBBS,602,1,2010,6/14/2010,5:00,"Handel, Colleen M",165
ORBBS_602_1,ORBBS,602,1,2012,6/18/2012,5:20,"Handel, Colleen M",170
ORBBS_602_1,ORBBS,602,1,2013,6/20/2013,5:49,"Handel, Colleen M",171
ORBBS_602_1,ORBBS,602,1,2014,6/16/2014,4:52,"Handel, Colleen M",167
ORBBS_602_1,ORBBS,602,1,2016,6/15/2016,4:29,"Pajot, Lisa M",167
ORBBS_602_1,ORBBS,602,1,2018,6/20/2018,5:00,"Handel, Colleen M",171
ORBBS_602_1,ORBBS,602,1,2020,6/17/2020,4:52,"Handel, Colleen M",169
ORBBS_602_1,ORBBS,602,1,1994,6/15/1994,4:27,"Krajcirik, Lisa M",166
ORBBS_602_1,ORBBS,602,1,1995,6/28/1995,4:27,"deZeeuw, Maureen L",179
ORBBS_602_1,ORBBS,602,1,1998,6/17/1998,4:32,"Handel, Colleen M",168
ORBBS_602_1,ORBBS,602,1,1998,6/17/1998,4:32,"Troyer, Janice K",168
ORBBS_602_1,ORBBS,602,1,1994,6/27/1994,4:35,"Handel, Colleen M",178
ORBBS_602_1,ORBBS,602,1,1995,6/15/1995,4:35,"Matsuoka, Steve M",166
ORBBS_602_1,ORBBS,602,1,1996,6/22/1996,4:36,"Scott, Hustace  H",174
ORBBS_602_1,ORBBS,602,1,1996,6/17/1996,4:37,"Matsuoka, Steve M",169
ORBBS_602_1,ORBBS,602,1,1997,6/22/1997,4:38,"Handel, Colleen M",173
ORBBS_602_1,ORBBS,602,1,1999,6/17/1999,4:41,"Matsuoka, Steve M",168
ORBBS_602_1,ORBBS,602,1,1994,5/31/1994,4:43,"Ricketts, Julia C",151
ORBBS_602_1,ORBBS,602,1,1995,6/2/1995,4:43,"Sotak, Diane L",153
ORBBS_602_1,ORBBS,602,1,2000,6/16/2000,4:50,"Handel, Colleen M",168
ORBBS_602_1,ORBBS,602,1,1993,6/17/1993,4:52,"Matsuoka, Steve M",168
ORBBS_602_1,ORBBS,602,1,1996,5/28/1996,4:58,"Matsuoka, Steve M",149
ORBBS_602_1,ORBBS,602,1,1995,5/27/1995,5:03,"Matsuoka, Steve M",147
ORBBS_602_1,ORBBS,602,1,1996,6/9/1996,5:05,"Handel, Colleen M",161
ORBBS_602_1,ORBBS,602,1,1993,5/28/1993,5:10,"Matsuoka, Steve M",148
ORBBS_602_1,ORBBS,602,1,1993,6/4/1993,5:10,JDMason,155
ORBBS_602_1,ORBBS,602,1,1993,6/26/1993,5:10,JDMason,177
ORBBS_602_1,ORBBS,602,1,1994,5/24/1994,5:12,"Handel, Colleen M",144
ORBBS_602_1,ORBBS,602,1,1995,5/22/1995,5:14,"Matsuoka, Steve M",142
ORBBS_602_1,ORBBS,602,1,1994,5/27/1994,5:15,"Handel, Colleen M",147
ORBBS_602_1,ORBBS,602,1,1993,5/24/1993,5:15,"Matsuoka, Steve M",144
ORBBS_602_1,ORBBS,602,1,1996,5/18/1996,5:16,"Matsuoka, Steve M",139
ORBBS_602_1,ORBBS,602,1,1996,5/22/1996,5:23,"Matsuoka, Steve M",143
ORBBS_602_1,ORBBS,602,1,1995,5/16/1995,5:29,"Matsuoka, Steve M",136
ORBBS_602_1,ORBBS,602,1,1993,5/20/1993,5:30,"Handel, Colleen M",140
ORBBS_602_1,ORBBS,602,1,1996,5/13/1996,5:34,"Matsuoka, Steve M",134
ORBBS_602_1,ORBBS,602,1,1995,5/8/1995,5:42,"Matsuoka, Steve M",128
ORBBS_602_1,ORBBS,602,1,1994,5/9/1994,5:46,"Handel, Colleen M",129
ORBBS_602_1,ORBBS,602,1,1995,5/11/1995,5:47,"Matsuoka, Steve M",131
ORBBS_602_1,ORBBS,602,1,1993,5/14/1993,5:48,"Matsuoka, Steve M",134
ORBBS_602_1,ORBBS,602,1,1996,5/7/1996,5:50,"Matsuoka, Steve M",128
ORBBS_602_1,ORBBS,602,1,1994,5/17/1994,6:09,"Handel, Colleen M",137
ORBBS_602_1,ORBBS,602,1,1994,5/13/1994,6:14,"Handel, Colleen M",133
ORBBS_602_1,ORBBS,602,1,1994,5/5/1994,6:16,"Handel, Colleen M",125
ORBBS_602_1,ORBBS,602,1,1993,5/7/1993,6:23,"Matsuoka, Steve M",127
ORBBS_613_6,ORBBS,613,6,2002,6/25/2002,5:45,"Cotter, Paul A",176
ORBBS_613_6,ORBBS,613,6,2006,6/22/2006,6:32,"Van Hemert, Caroline R",173
ORBBS_613_6,ORBBS,613,6,2008,6/24/2008,6:52,"Pajot, Lisa M",176
ORBBS_613_6,ORBBS,613,6,2009,6/26/2009,7:24,"Handel, Colleen M",177
ORBBS_613_6,ORBBS,613,6,2010,6/24/2010,6:43,"Pajot, Lisa M",175
ORBBS_613_6,ORBBS,613,6,2011,6/17/2011,6:35,"Pajot, Lisa M",168
ORBBS_613_6,ORBBS,613,6,2011,6/22/2011,6:19,"Pajot, Lisa M",173
ORBBS_613_6,ORBBS,613,6,2013,6/21/2013,6:20,"Pajot, Lisa M",172
ORBBS_613_6,ORBBS,613,6,2015,6/21/2015,6:55,"Pajot, Lisa M",172
ORBBS_613_6,ORBBS,613,6,2016,6/22/2016,6:16,"Pajot, Lisa M",174
ORBBS_613_6,ORBBS,613,6,2018,6/21/2018,6:24,"Pajot, Lisa M",172
ORBBS_613_6,ORBBS,613,6,2020,6/20/2020,6:27,"Pajot, Lisa M",172
ORBBS_613_6,ORBBS,613,6,2000,6/22/2000,6:06,"Pajot, Lisa M",174
ORBBS_613_6,ORBBS,613,6,1994,6/22/1994,6:28,"Matsuoka, Steve M",173
ORBBS_613_6,ORBBS,613,6,1996,6/19/1996,6:30,"Matsuoka, Steve M",171
ORBBS_613_6,ORBBS,613,6,1999,6/21/1999,6:34,"Matsuoka, Steve M",172
ORBBS_613_6,ORBBS,613,6,1995,6/19/1995,6:41,"Matsuoka, Steve M",170
ORBBS_613_6,ORBBS,613,6,1993,6/21/1993,6:49,"Matsuoka, Steve M",172
ORBBS_613_6,ORBBS,613,6,1997,6/23/1997,6:54,"Handel, Colleen M",174
ORBBS_613_6,ORBBS,613,6,1998,6/23/1998,7:22,"Handel, Colleen M",174
ORBBS_604_12,ORBBS,604,12,2001,6/13/2001,8:21,"Cotter, Paul A",164
ORBBS_604_12,ORBBS,604,12,2001,6/19/2001,6:51,"Senner, Nathan R",170
ORBBS_604_12,ORBBS,604,12,2002,6/14/2002,7:26,"Senner, Nathan R",165
ORBBS_604_12,ORBBS,604,12,2002,6/14/2002,7:26,"Cotter, Paul A",165
ORBBS_604_12,ORBBS,604,12,2004,6/15/2004,10:36,"Handel, Colleen M",167
ORBBS_604_12,ORBBS,604,12,2006,6/13/2006,11:13,"Handel, Colleen M",164
ORBBS_604_12,ORBBS,604,12,2008,6/18/2008,10:03,"Handel, Colleen M",170
ORBBS_604_12,ORBBS,604,12,2010,6/11/2010,10:05,"Handel, Colleen M",162
ORBBS_604_12,ORBBS,604,12,2012,6/15/2012,9:48,"Handel, Colleen M",167
ORBBS_604_12,ORBBS,604,12,2014,6/14/2014,9:17,"Handel, Colleen M",165
ORBBS_604_12,ORBBS,604,12,2016,6/12/2016,8:37,"Pajot, Lisa M",164
ORBBS_604_12,ORBBS,604,12,2018,6/15/2018,9:14,"Handel, Colleen M",166
ORBBS_604_12,ORBBS,604,12,2020,6/12/2020,9:34,"Handel, Colleen M",164
ORBBS_604_12,ORBBS,604,12,1995,6/17/1995,7:20,"Sotak, Diane L",168
ORBBS_604_12,ORBBS,604,12,1996,6/28/1996,7:31,"deZeeuw, Maureen L",180
ORBBS_604_12,ORBBS,604,12,1997,6/13/1997,7:31,"deZeeuw, Maureen L",164
ORBBS_604_12,ORBBS,604,12,1993,6/5/1993,7:40,"Ricketts, Julia C",156
ORBBS_604_12,ORBBS,604,12,1993,6/14/1993,7:45,"deZeeuw, Maureen L",165
ORBBS_604_12,ORBBS,604,12,2005,6/17/2005,7:50,"deZeeuw, Maureen L",168
ORBBS_604_12,ORBBS,604,12,1994,6/13/1994,7:56,"deZeeuw, Maureen L",164
ORBBS_604_12,ORBBS,604,12,1995,5/27/1995,7:59,"Sotak, Diane L",147
ORBBS_604_12,ORBBS,604,12,1995,6/22/1995,7:59,"Matsuoka, Steve M",173
ORBBS_604_12,ORBBS,604,12,1994,6/26/1994,8:03,"Ricketts, Julia C",177
ORBBS_604_12,ORBBS,604,12,1999,6/15/1999,8:04,"Brelsford, Alan T",166
ORBBS_604_12,ORBBS,604,12,1995,6/2/1995,8:04,"deZeeuw, Maureen L",153
ORBBS_604_12,ORBBS,604,12,1995,5/22/1995,8:16,"Sotak, Diane L",142
ORBBS_604_12,ORBBS,604,12,1996,6/12/1996,8:18,"Handel, Colleen M",164
ORBBS_604_12,ORBBS,604,12,1993,5/24/1993,8:19,"deZeeuw, Maureen L",144
ORBBS_604_12,ORBBS,604,12,1994,5/23/1994,8:25,"Handel, Colleen M",143
ORBBS_604_12,ORBBS,604,12,1993,5/28/1993,8:28,"deZeeuw, Maureen L",148
ORBBS_604_12,ORBBS,604,12,1994,5/31/1994,8:33,"Handel, Colleen M",151
ORBBS_604_12,ORBBS,604,12,2000,6/19/2000,8:39,"Handel, Colleen M",171
ORBBS_604_12,ORBBS,604,12,1996,5/29/1996,8:44,"Handel, Colleen M",150
ORBBS_604_12,ORBBS,604,12,1996,5/22/1996,8:50,"Handel, Colleen M",143
ORBBS_604_12,ORBBS,604,12,1995,5/17/1995,8:51,"Sotak, Diane L",137
ORBBS_604_12,ORBBS,604,12,1994,5/16/1994,8:53,"Handel, Colleen M",136
ORBBS_604_12,ORBBS,604,12,1993,5/19/1993,8:53,"deZeeuw, Maureen L",139
ORBBS_604_12,ORBBS,604,12,1996,6/7/1996,8:57,"Matsuoka, Steve M",159
ORBBS_604_12,ORBBS,604,12,1994,5/26/1994,9:00,"Handel, Colleen M",146
ORBBS_604_12,ORBBS,604,12,1995,5/12/1995,9:02,"Sotak, Diane L",132
ORBBS_604_12,ORBBS,604,12,1996,5/17/1996,9:13,"Handel, Colleen M",138
ORBBS_604_12,ORBBS,604,12,1993,5/5/1993,9:14,"deZeeuw, Maureen L",125
ORBBS_604_12,ORBBS,604,12,1994,5/6/1994,9:19,"Handel, Colleen M",126
ORBBS_604_12,ORBBS,604,12,1993,5/14/1993,9:23,"deZeeuw, Maureen L",134
ORBBS_604_12,ORBBS,604,12,1994,5/12/1994,9:24,"Handel, Colleen M",132
ORBBS_604_12,ORBBS,604,12,1995,5/9/1995,9:38,"Sotak, Diane L",129
ORBBS_604_12,ORBBS,604,12,1993,6/26/1993,9:43,"Handel, Colleen M",177
ORBBS_604_12,ORBBS,604,12,1993,5/10/1993,9:44,"deZeeuw, Maureen L",130
ORBBS_604_12,ORBBS,604,12,1996,5/7/1996,9:48,"Handel, Colleen M",128
ORBBS_604_12,ORBBS,604,12,1996,5/13/1996,9:54,"Handel, Colleen M",134
ORBBS_604_12,ORBBS,604,12,1998,6/15/1998,10:14,"Handel, Colleen M",166
ORBBS_604_12,ORBBS,604,12,1998,6/15/1998,10:14,"White, Linda G ",166
ORBBS_604_12,ORBBS,604,12,1998,6/15/1998,10:14,"Parkinson, Kristina A",166
ORBBS_601_5,ORBBS,601,5,2001,6/12/2001,6:12,"Cotter, Paul A",163
ORBBS_601_5,ORBBS,601,5,2002,6/19/2002,5:37,"Cotter, Paul A",170
ORBBS_601_5,ORBBS,601,5,2004,6/11/2004,7:23,"Handel, Colleen M",163
ORBBS_601_5,ORBBS,601,5,2006,6/17/2006,6:08,"Van Hemert, Caroline R",168
ORBBS_601_5,ORBBS,601,5,2008,6/17/2008,7:09,"Handel, Colleen M",169
ORBBS_601_5,ORBBS,601,5,2010,6/10/2010,6:21,"Handel, Colleen M",161
ORBBS_601_5,ORBBS,601,5,2012,6/11/2012,6:58,"Handel, Colleen M",163
ORBBS_601_5,ORBBS,601,5,2014,6/12/2014,6:40,"Handel, Colleen M",163
ORBBS_601_5,ORBBS,601,5,2016,6/11/2016,6:28,"Pajot, Lisa M",163
ORBBS_601_5,ORBBS,601,5,2018,6/14/2018,6:47,"Handel, Colleen M",165
ORBBS_601_5,ORBBS,601,5,2020,6/15/2020,6:22,"Handel, Colleen M",167
ORBBS_601_5,ORBBS,601,5,1999,6/14/1999,5:26,"Handel, Colleen M",165
ORBBS_601_5,ORBBS,601,5,1995,6/28/1995,5:27,"Sotak, Diane L",179
ORBBS_601_5,ORBBS,601,5,1996,6/16/1996,5:28,"Ricketts, Julia C",168
ORBBS_601_5,ORBBS,601,5,1993,7/1/1993,5:39,"deZeeuw, Maureen L",182
ORBBS_601_5,ORBBS,601,5,1995,5/29/1995,5:40,"Ricketts, Julia C",149
ORBBS_601_5,ORBBS,601,5,1994,6/26/1994,5:43,"Handel, Colleen M",177
ORBBS_601_5,ORBBS,601,5,1996,5/30/1996,5:44,"Ricketts, Julia C",151
ORBBS_601_5,ORBBS,601,5,1993,6/24/1993,5:46,"deZeeuw, Maureen L",175
ORBBS_601_5,ORBBS,601,5,1994,7/1/1994,5:49,"Ricketts, Julia C",182
ORBBS_601_5,ORBBS,601,5,1995,6/13/1995,5:49,"Ricketts, Julia C",164
ORBBS_601_5,ORBBS,601,5,1994,6/2/1994,5:52,"deZeeuw, Maureen L",153
ORBBS_601_5,ORBBS,601,5,1995,6/3/1995,5:52,"Matsuoka, Steve M",154
ORBBS_601_5,ORBBS,601,5,1994,5/29/1994,5:53,"Ricketts, Julia C",149
ORBBS_601_5,ORBBS,601,5,1993,6/10/1993,5:54,"Ricketts, Julia C",161
ORBBS_601_5,ORBBS,601,5,1996,6/21/1996,5:55,"Handel, Colleen M",173
ORBBS_601_5,ORBBS,601,5,1996,5/24/1996,5:57,"Ricketts, Julia C",145
ORBBS_601_5,ORBBS,601,5,1994,6/15/1994,6:01,"Ricketts, Julia C",166
ORBBS_601_5,ORBBS,601,5,1994,5/24/1994,6:05,"Ricketts, Julia C",144
ORBBS_601_5,ORBBS,601,5,1996,5/20/1996,6:07,"Ricketts, Julia C",141
ORBBS_601_5,ORBBS,601,5,1995,5/22/1995,6:07,"Ricketts, Julia C",142
ORBBS_601_5,ORBBS,601,5,1996,6/5/1996,6:15,"Matsuoka, Steve M",157
ORBBS_601_5,ORBBS,601,5,1995,5/16/1995,6:16,"Ricketts, Julia C",136
ORBBS_601_5,ORBBS,601,5,1993,5/28/1993,6:20,"Ricketts, Julia C",148
ORBBS_601_5,ORBBS,601,5,1996,5/14/1996,6:22,"Ricketts, Julia C",135
ORBBS_601_5,ORBBS,601,5,1993,5/23/1993,6:24,"Ricketts, Julia C",143
ORBBS_601_5,ORBBS,601,5,1993,6/2/1993,6:30,"Matsuoka, Steve M",153
ORBBS_601_5,ORBBS,601,5,1997,6/11/1997,6:30,"Handel, Colleen M",162
ORBBS_601_5,ORBBS,601,5,1993,5/18/1993,6:32,"Ricketts, Julia C",138
ORBBS_601_5,ORBBS,601,5,1994,5/17/1994,6:32,"Ricketts, Julia C",137
ORBBS_601_5,ORBBS,601,5,1995,5/8/1995,6:43,"Ricketts, Julia C",128
ORBBS_601_5,ORBBS,601,5,1996,5/9/1996,6:45,"Ricketts, Julia C",130
ORBBS_601_5,ORBBS,601,5,1995,5/11/1995,6:45,"Ricketts, Julia C",131
ORBBS_601_5,ORBBS,601,5,1993,5/10/1993,6:47,"Ricketts, Julia C",130
ORBBS_601_5,ORBBS,601,5,1998,6/10/1998,6:54,"Handel, Colleen M",161
ORBBS_601_5,ORBBS,601,5,1998,6/10/1998,6:54,"Parkinson, Kristina A",161
ORBBS_601_5,ORBBS,601,5,1998,6/10/1998,6:54,"Brelsford, Alan T",161
ORBBS_601_5,ORBBS,601,5,1993,5/14/1993,6:55,"Ricketts, Julia C",134
ORBBS_601_5,ORBBS,601,5,1994,5/12/1994,7:03,"Ricketts, Julia C",132
ORBBS_601_5,ORBBS,601,5,2000,6/15/2000,7:04,"Handel, Colleen M",167
ORBBS_601_5,ORBBS,601,5,1994,5/9/1994,7:19,"Ricketts, Julia C",129
ORBBS_601_10,ORBBS,601,10,2001,6/12/2001,7:21,"Cotter, Paul A",163
ORBBS_601_10,ORBBS,601,10,2002,6/19/2002,6:52,"Cotter, Paul A",170
ORBBS_601_10,ORBBS,601,10,2004,6/11/2004,9:39,"Handel, Colleen M",163
ORBBS_601_10,ORBBS,601,10,2006,6/17/2006,8:00,"Van Hemert, Caroline R",168
ORBBS_601_10,ORBBS,601,10,2008,6/17/2008,9:38,"Handel, Colleen M",169
ORBBS_601_10,ORBBS,601,10,2010,6/10/2010,8:32,"Handel, Colleen M",161
ORBBS_601_10,ORBBS,601,10,2012,6/11/2012,8:57,"Handel, Colleen M",163
ORBBS_601_10,ORBBS,601,10,2014,6/12/2014,8:37,"Handel, Colleen M",163
ORBBS_601_10,ORBBS,601,10,2018,6/14/2018,9:07,"Handel, Colleen M",165
ORBBS_601_10,ORBBS,601,10,2016,6/11/2016,8:00,"Pajot, Lisa M",163
ORBBS_601_10,ORBBS,601,10,2020,6/15/2020,8:04,"Handel, Colleen M",167
ORBBS_601_10,ORBBS,601,10,1995,6/28/1995,6:37,"Sotak, Diane L",179
ORBBS_601_10,ORBBS,601,10,1993,7/1/1993,6:44,"deZeeuw, Maureen L",182
ORBBS_601_10,ORBBS,601,10,1996,6/16/1996,6:45,"Ricketts, Julia C",168
ORBBS_601_10,ORBBS,601,10,1995,5/29/1995,6:48,"Ricketts, Julia C",149
ORBBS_601_10,ORBBS,601,10,1996,5/30/1996,6:50,"Ricketts, Julia C",151
ORBBS_601_10,ORBBS,601,10,1995,6/13/1995,6:58,"Ricketts, Julia C",164
ORBBS_601_10,ORBBS,601,10,1999,6/14/1999,6:59,"Handel, Colleen M",165
ORBBS_601_10,ORBBS,601,10,1993,6/10/1993,7:01,"Ricketts, Julia C",161
ORBBS_601_10,ORBBS,601,10,1994,6/2/1994,7:08,"deZeeuw, Maureen L",153
ORBBS_601_10,ORBBS,601,10,1994,7/1/1994,7:08,"Ricketts, Julia C",182
ORBBS_601_10,ORBBS,601,10,1994,6/26/1994,7:10,"Handel, Colleen M",177
ORBBS_601_10,ORBBS,601,10,1996,5/20/1996,7:11,"Ricketts, Julia C",141
ORBBS_601_10,ORBBS,601,10,1993,6/24/1993,7:11,"deZeeuw, Maureen L",175
ORBBS_601_10,ORBBS,601,10,1995,5/22/1995,7:15,"Ricketts, Julia C",142
ORBBS_601_10,ORBBS,601,10,1994,5/29/1994,7:20,"Ricketts, Julia C",149
ORBBS_601_10,ORBBS,601,10,1996,5/24/1996,7:20,"Ricketts, Julia C",145
ORBBS_601_10,ORBBS,601,10,1994,5/24/1994,7:22,"Ricketts, Julia C",144
ORBBS_601_10,ORBBS,601,10,1995,6/3/1995,7:25,"Matsuoka, Steve M",154
ORBBS_601_10,ORBBS,601,10,1996,6/21/1996,7:26,"Handel, Colleen M",173
ORBBS_601_10,ORBBS,601,10,1995,5/16/1995,7:28,"Ricketts, Julia C",136
ORBBS_601_10,ORBBS,601,10,1994,6/15/1994,7:30,"Ricketts, Julia C",166
ORBBS_601_10,ORBBS,601,10,1993,5/23/1993,7:30,"Ricketts, Julia C",143
ORBBS_601_10,ORBBS,601,10,1993,5/18/1993,7:31,"Ricketts, Julia C",138
ORBBS_601_10,ORBBS,601,10,1993,5/28/1993,7:32,"Ricketts, Julia C",148
ORBBS_601_10,ORBBS,601,10,1996,5/14/1996,7:44,"Ricketts, Julia C",135
ORBBS_601_10,ORBBS,601,10,1993,5/10/1993,7:50,"Ricketts, Julia C",130
ORBBS_601_10,ORBBS,601,10,1996,6/5/1996,7:55,"Matsuoka, Steve M",157
ORBBS_601_10,ORBBS,601,10,1996,5/9/1996,7:57,"Ricketts, Julia C",130
ORBBS_601_10,ORBBS,601,10,1993,5/14/1993,7:57,"Ricketts, Julia C",134
ORBBS_601_10,ORBBS,601,10,1995,5/11/1995,7:58,"Ricketts, Julia C",131
ORBBS_601_10,ORBBS,601,10,1993,6/2/1993,7:58,"Matsuoka, Steve M",153
ORBBS_601_10,ORBBS,601,10,1995,5/8/1995,8:00,"Ricketts, Julia C",128
ORBBS_601_10,ORBBS,601,10,1994,5/17/1994,8:04,"Ricketts, Julia C",137
ORBBS_601_10,ORBBS,601,10,1997,6/11/1997,8:11,"Handel, Colleen M",162
ORBBS_601_10,ORBBS,601,10,2000,6/15/2000,8:27,"Handel, Colleen M",167
ORBBS_601_10,ORBBS,601,10,1994,5/12/1994,8:37,"Ricketts, Julia C",132
ORBBS_601_10,ORBBS,601,10,1994,5/9/1994,9:12,"Ricketts, Julia C",129
ORBBS_601_10,ORBBS,601,10,1998,6/10/1998,9:18,"Handel, Colleen M",161
ORBBS_601_10,ORBBS,601,10,1998,6/10/1998,9:18,"Parkinson, Kristina A",161
ORBBS_601_10,ORBBS,601,10,1998,6/10/1998,9:18,"Brelsford, Alan T",161
ORBBS_613_2,ORBBS,613,2,2001,6/21/2001,5:05,"Cotter, Paul A",172
ORBBS_613_2,ORBBS,613,2,2002,6/25/2002,4:40,"Cotter, Paul A",176
ORBBS_613_2,ORBBS,613,2,2006,6/22/2006,4:54,"Van Hemert, Caroline R",173
ORBBS_613_2,ORBBS,613,2,2008,6/24/2008,5:38,"Pajot, Lisa M",176
ORBBS_613_2,ORBBS,613,2,2009,6/26/2009,5:36,"Handel, Colleen M",177
ORBBS_613_2,ORBBS,613,2,2010,6/24/2010,5:06,"Pajot, Lisa M",175
ORBBS_613_2,ORBBS,613,2,2011,6/17/2011,4:59,"Pajot, Lisa M",168
ORBBS_613_2,ORBBS,613,2,2011,6/22/2011,4:46,"Pajot, Lisa M",173
ORBBS_613_2,ORBBS,613,2,2013,6/21/2013,4:55,"Pajot, Lisa M",172
ORBBS_613_2,ORBBS,613,2,2015,6/21/2015,5:15,"Pajot, Lisa M",172
ORBBS_613_2,ORBBS,613,2,2016,6/22/2016,4:47,"Pajot, Lisa M",174
ORBBS_613_2,ORBBS,613,2,2018,6/21/2018,5:00,"Pajot, Lisa M",172
ORBBS_613_2,ORBBS,613,2,2020,6/20/2020,5:08,"Pajot, Lisa M",172
ORBBS_613_2,ORBBS,613,2,2000,6/22/2000,4:55,"Pajot, Lisa M",174
ORBBS_613_2,ORBBS,613,2,1999,6/21/1999,4:58,"Matsuoka, Steve M",172
ORBBS_613_2,ORBBS,613,2,1997,6/23/1997,5:01,"Handel, Colleen M",174
ORBBS_613_2,ORBBS,613,2,1996,6/19/1996,5:05,"Matsuoka, Steve M",171
ORBBS_613_2,ORBBS,613,2,1993,6/21/1993,5:06,"Matsuoka, Steve M",172
ORBBS_613_2,ORBBS,613,2,1995,6/19/1995,5:07,"Matsuoka, Steve M",170
ORBBS_613_2,ORBBS,613,2,1998,6/23/1998,5:08,"Handel, Colleen M",174
ORBBS_613_2,ORBBS,613,2,1994,6/22/1994,5:22,"Matsuoka, Steve M",173
ORBBS_604_6,ORBBS,604,6,2001,6/13/2001,6:30,"Cotter, Paul A",164
ORBBS_604_6,ORBBS,604,6,2001,6/19/2001,5:35,"Senner, Nathan R",170
ORBBS_604_6,ORBBS,604,6,2002,6/14/2002,5:47,"Senner, Nathan R",165
ORBBS_604_6,ORBBS,604,6,2002,6/14/2002,5:47,"Cotter, Paul A",165
ORBBS_604_6,ORBBS,604,6,2004,6/15/2004,7:49,"Handel, Colleen M",167
ORBBS_604_6,ORBBS,604,6,2006,6/13/2006,8:06,"Handel, Colleen M",164
ORBBS_604_6,ORBBS,604,6,2008,6/18/2008,6:58,"Handel, Colleen M",170
ORBBS_604_6,ORBBS,604,6,2010,6/11/2010,7:14,"Handel, Colleen M",162
ORBBS_604_6,ORBBS,604,6,2012,6/15/2012,7:23,"Handel, Colleen M",167
ORBBS_604_6,ORBBS,604,6,2014,6/14/2014,6:53,"Handel, Colleen M",165
ORBBS_604_6,ORBBS,604,6,2016,6/12/2016,6:19,"Pajot, Lisa M",164
ORBBS_604_6,ORBBS,604,6,2018,6/15/2018,6:51,"Handel, Colleen M",166
ORBBS_604_6,ORBBS,604,6,2020,6/12/2020,6:56,"Handel, Colleen M",164
ORBBS_604_6,ORBBS,604,6,1997,6/13/1997,5:44,"deZeeuw, Maureen L",164
ORBBS_604_6,ORBBS,604,6,1995,6/17/1995,5:45,"Sotak, Diane L",168
ORBBS_604_6,ORBBS,604,6,2005,6/17/2005,5:47,"deZeeuw, Maureen L",168
ORBBS_604_6,ORBBS,604,6,1996,6/28/1996,5:52,"deZeeuw, Maureen L",180
ORBBS_604_6,ORBBS,604,6,1999,6/15/1999,5:55,"Brelsford, Alan T",166
ORBBS_604_6,ORBBS,604,6,1994,6/26/1994,6:05,"Ricketts, Julia C",177
ORBBS_604_6,ORBBS,604,6,1994,6/13/1994,6:06,"deZeeuw, Maureen L",164
ORBBS_604_6,ORBBS,604,6,1995,6/22/1995,6:07,"Matsuoka, Steve M",173
ORBBS_604_6,ORBBS,604,6,1993,6/14/1993,6:07,"deZeeuw, Maureen L",165
ORBBS_604_6,ORBBS,604,6,1996,6/12/1996,6:10,"Handel, Colleen M",164
ORBBS_604_6,ORBBS,604,6,1993,6/5/1993,6:10,"Ricketts, Julia C",156
ORBBS_604_6,ORBBS,604,6,1995,5/27/1995,6:19,"Sotak, Diane L",147
ORBBS_604_6,ORBBS,604,6,1994,5/31/1994,6:20,"Handel, Colleen M",151
ORBBS_604_6,ORBBS,604,6,1995,6/2/1995,6:21,"deZeeuw, Maureen L",153
ORBBS_604_6,ORBBS,604,6,2000,6/19/2000,6:23,"Handel, Colleen M",171
ORBBS_604_6,ORBBS,604,6,1993,5/24/1993,6:28,"deZeeuw, Maureen L",144
ORBBS_604_6,ORBBS,604,6,1996,5/29/1996,6:29,"Handel, Colleen M",150
ORBBS_604_6,ORBBS,604,6,1993,5/28/1993,6:29,"deZeeuw, Maureen L",148
ORBBS_604_6,ORBBS,604,6,1994,5/23/1994,6:31,"Handel, Colleen M",143
ORBBS_604_6,ORBBS,604,6,1996,5/22/1996,6:37,"Handel, Colleen M",143
ORBBS_604_6,ORBBS,604,6,1995,5/22/1995,6:38,"Sotak, Diane L",142
ORBBS_604_6,ORBBS,604,6,1994,5/16/1994,6:45,"Handel, Colleen M",136
ORBBS_604_6,ORBBS,604,6,1995,5/17/1995,6:55,"Sotak, Diane L",137
ORBBS_604_6,ORBBS,604,6,1996,6/7/1996,6:57,"Matsuoka, Steve M",159
ORBBS_604_6,ORBBS,604,6,1996,5/17/1996,6:58,"Handel, Colleen M",138
ORBBS_604_6,ORBBS,604,6,1998,6/15/1998,7:03,"Handel, Colleen M",166
ORBBS_604_6,ORBBS,604,6,1998,6/15/1998,7:03,"White, Linda G ",166
ORBBS_604_6,ORBBS,604,6,1998,6/15/1998,7:03,"Parkinson, Kristina A",166
ORBBS_604_6,ORBBS,604,6,1994,5/26/1994,7:04,"Handel, Colleen M",146
ORBBS_604_6,ORBBS,604,6,1995,5/12/1995,7:08,"Sotak, Diane L",132
ORBBS_604_6,ORBBS,604,6,1993,5/19/1993,7:13,"deZeeuw, Maureen L",139
ORBBS_604_6,ORBBS,604,6,1996,5/13/1996,7:25,"Handel, Colleen M",134
ORBBS_604_6,ORBBS,604,6,1994,5/12/1994,7:26,"Handel, Colleen M",132
ORBBS_604_6,ORBBS,604,6,1995,5/9/1995,7:27,"Sotak, Diane L",129
ORBBS_604_6,ORBBS,604,6,1993,6/26/1993,7:28,"Handel, Colleen M",177
ORBBS_604_6,ORBBS,604,6,1994,5/6/1994,7:32,"Handel, Colleen M",126
ORBBS_604_6,ORBBS,604,6,1996,5/7/1996,7:38,"Handel, Colleen M",128
ORBBS_604_6,ORBBS,604,6,1993,5/10/1993,7:38,"deZeeuw, Maureen L",130
ORBBS_604_6,ORBBS,604,6,1993,5/14/1993,7:47,"deZeeuw, Maureen L",134
ORBBS_604_6,ORBBS,604,6,1993,5/5/1993,7:48,"deZeeuw, Maureen L",125
ORBBS_601_6,ORBBS,601,6,2001,6/12/2001,6:22,"Cotter, Paul A",163
ORBBS_601_6,ORBBS,601,6,2002,6/19/2002,5:50,"Cotter, Paul A",170
ORBBS_601_6,ORBBS,601,6,2004,6/11/2004,7:48,"Handel, Colleen M",163
ORBBS_601_6,ORBBS,601,6,2006,6/17/2006,6:27,"Van Hemert, Caroline R",168
ORBBS_601_6,ORBBS,601,6,2008,6/17/2008,7:30,"Handel, Colleen M",169
ORBBS_601_6,ORBBS,601,6,2010,6/10/2010,6:59,"Handel, Colleen M",161
ORBBS_601_6,ORBBS,601,6,2012,6/11/2012,7:25,"Handel, Colleen M",163
ORBBS_601_6,ORBBS,601,6,2014,6/12/2014,7:01,"Handel, Colleen M",163
ORBBS_601_6,ORBBS,601,6,2018,6/14/2018,7:08,"Handel, Colleen M",165
ORBBS_601_6,ORBBS,601,6,2016,6/11/2016,6:42,"Pajot, Lisa M",163
ORBBS_601_6,ORBBS,601,6,2020,6/15/2020,6:40,"Handel, Colleen M",167
ORBBS_601_6,ORBBS,601,6,1995,6/28/1995,5:39,"Sotak, Diane L",179
ORBBS_601_6,ORBBS,601,6,1999,6/14/1999,5:42,"Handel, Colleen M",165
ORBBS_601_6,ORBBS,601,6,1996,6/16/1996,5:44,"Ricketts, Julia C",168
ORBBS_601_6,ORBBS,601,6,1993,7/1/1993,5:47,"deZeeuw, Maureen L",182
ORBBS_601_6,ORBBS,601,6,1995,5/29/1995,5:52,"Ricketts, Julia C",149
ORBBS_601_6,ORBBS,601,6,1996,5/30/1996,5:57,"Ricketts, Julia C",151
ORBBS_601_6,ORBBS,601,6,1994,6/26/1994,5:59,"Handel, Colleen M",177
ORBBS_601_6,ORBBS,601,6,1993,6/24/1993,6:02,"deZeeuw, Maureen L",175
ORBBS_601_6,ORBBS,601,6,1994,6/2/1994,6:04,"deZeeuw, Maureen L",153
ORBBS_601_6,ORBBS,601,6,1993,6/10/1993,6:04,"Ricketts, Julia C",161
ORBBS_601_6,ORBBS,601,6,1994,7/1/1994,6:06,"Ricketts, Julia C",182
ORBBS_601_6,ORBBS,601,6,1995,6/3/1995,6:08,"Matsuoka, Steve M",154
ORBBS_601_6,ORBBS,601,6,1995,6/13/1995,6:08,"Ricketts, Julia C",164
ORBBS_601_6,ORBBS,601,6,1996,6/21/1996,6:11,"Handel, Colleen M",173
ORBBS_601_6,ORBBS,601,6,1996,5/24/1996,6:12,"Ricketts, Julia C",145
ORBBS_601_6,ORBBS,601,6,1994,5/29/1994,6:15,"Ricketts, Julia C",149
ORBBS_601_6,ORBBS,601,6,1994,6/15/1994,6:18,"Ricketts, Julia C",166
ORBBS_601_6,ORBBS,601,6,1996,5/20/1996,6:18,"Ricketts, Julia C",141
ORBBS_601_6,ORBBS,601,6,1995,5/22/1995,6:19,"Ricketts, Julia C",142
ORBBS_601_6,ORBBS,601,6,1994,5/24/1994,6:20,"Ricketts, Julia C",144
ORBBS_601_6,ORBBS,601,6,1996,6/5/1996,6:33,"Matsuoka, Steve M",157
ORBBS_601_6,ORBBS,601,6,1993,5/28/1993,6:34,"Ricketts, Julia C",148
ORBBS_601_6,ORBBS,601,6,1995,5/16/1995,6:37,"Ricketts, Julia C",136
ORBBS_601_6,ORBBS,601,6,1993,5/18/1993,6:41,"Ricketts, Julia C",138
ORBBS_601_6,ORBBS,601,6,1993,5/23/1993,6:42,"Ricketts, Julia C",143
ORBBS_601_6,ORBBS,601,6,1996,5/14/1996,6:47,"Ricketts, Julia C",135
ORBBS_601_6,ORBBS,601,6,1993,6/2/1993,6:47,"Matsuoka, Steve M",153
ORBBS_601_6,ORBBS,601,6,1997,6/11/1997,6:47,"Handel, Colleen M",162
ORBBS_601_6,ORBBS,601,6,1994,5/17/1994,6:51,"Ricketts, Julia C",137
ORBBS_601_6,ORBBS,601,6,1995,5/11/1995,6:52,"Ricketts, Julia C",131
ORBBS_601_6,ORBBS,601,6,1996,5/9/1996,6:57,"Ricketts, Julia C",130
ORBBS_601_6,ORBBS,601,6,1993,5/10/1993,7:00,"Ricketts, Julia C",130
ORBBS_601_6,ORBBS,601,6,1995,5/8/1995,7:01,"Ricketts, Julia C",128
ORBBS_601_6,ORBBS,601,6,1993,5/14/1993,7:06,"Ricketts, Julia C",134
ORBBS_601_6,ORBBS,601,6,1998,6/10/1998,7:18,"Brelsford, Alan T",161
ORBBS_601_6,ORBBS,601,6,1998,6/10/1998,7:19,"Handel, Colleen M",161
ORBBS_601_6,ORBBS,601,6,1998,6/10/1998,7:19,"Parkinson, Kristina A",161
ORBBS_601_6,ORBBS,601,6,1994,5/12/1994,7:19,"Ricketts, Julia C",132
ORBBS_601_6,ORBBS,601,6,2000,6/15/2000,7:19,"Handel, Colleen M",167
ORBBS_601_6,ORBBS,601,6,1994,5/9/1994,7:32,"Ricketts, Julia C",129
ORBBS_604_7,ORBBS,604,7,2001,6/13/2001,7:04,"Cotter, Paul A",164
ORBBS_604_7,ORBBS,604,7,2001,6/19/2001,5:52,"Senner, Nathan R",170
ORBBS_604_7,ORBBS,604,7,2002,6/14/2002,6:11,"Senner, Nathan R",165
ORBBS_604_7,ORBBS,604,7,2002,6/14/2002,6:11,"Cotter, Paul A",165
ORBBS_604_7,ORBBS,604,7,2004,6/15/2004,8:17,"Handel, Colleen M",167
ORBBS_604_7,ORBBS,604,7,2006,6/13/2006,8:43,"Handel, Colleen M",164
ORBBS_604_7,ORBBS,604,7,2008,6/18/2008,7:22,"Handel, Colleen M",170
ORBBS_604_7,ORBBS,604,7,2010,6/11/2010,7:46,"Handel, Colleen M",162
ORBBS_604_7,ORBBS,604,7,2012,6/15/2012,7:46,"Handel, Colleen M",167
ORBBS_604_7,ORBBS,604,7,2014,6/14/2014,7:21,"Handel, Colleen M",165
ORBBS_604_7,ORBBS,604,7,2016,6/12/2016,6:37,"Pajot, Lisa M",164
ORBBS_604_7,ORBBS,604,7,2018,6/15/2018,7:11,"Handel, Colleen M",166
ORBBS_604_7,ORBBS,604,7,2020,6/12/2020,7:23,"Handel, Colleen M",164
ORBBS_604_7,ORBBS,604,7,1997,6/13/1997,5:58,"deZeeuw, Maureen L",164
ORBBS_604_7,ORBBS,604,7,1995,6/17/1995,6:01,"Sotak, Diane L",168
ORBBS_604_7,ORBBS,604,7,1996,6/28/1996,6:07,"deZeeuw, Maureen L",180
ORBBS_604_7,ORBBS,604,7,1999,6/15/1999,6:15,"Brelsford, Alan T",166
ORBBS_604_7,ORBBS,604,7,1994,6/13/1994,6:21,"deZeeuw, Maureen L",164
ORBBS_604_7,ORBBS,604,7,1995,6/22/1995,6:23,"Matsuoka, Steve M",173
ORBBS_604_7,ORBBS,604,7,1994,6/26/1994,6:25,"Ricketts, Julia C",177
ORBBS_604_7,ORBBS,604,7,1993,6/5/1993,6:25,"Ricketts, Julia C",156
ORBBS_604_7,ORBBS,604,7,1993,6/14/1993,6:25,"deZeeuw, Maureen L",165
ORBBS_604_7,ORBBS,604,7,2005,6/17/2005,6:26,"deZeeuw, Maureen L",168
ORBBS_604_7,ORBBS,604,7,1996,6/12/1996,6:28,"Handel, Colleen M",164
ORBBS_604_7,ORBBS,604,7,1995,5/27/1995,6:36,"Sotak, Diane L",147
ORBBS_604_7,ORBBS,604,7,1995,6/2/1995,6:36,"deZeeuw, Maureen L",153
ORBBS_604_7,ORBBS,604,7,1994,5/31/1994,6:39,"Handel, Colleen M",151
ORBBS_604_7,ORBBS,604,7,1993,5/28/1993,6:43,"deZeeuw, Maureen L",148
ORBBS_604_7,ORBBS,604,7,1993,5/24/1993,6:46,"deZeeuw, Maureen L",144
ORBBS_604_7,ORBBS,604,7,2000,6/19/2000,6:48,"Handel, Colleen M",171
ORBBS_604_7,ORBBS,604,7,1996,5/29/1996,6:49,"Handel, Colleen M",150
ORBBS_604_7,ORBBS,604,7,1994,5/23/1994,6:51,"Handel, Colleen M",143
ORBBS_604_7,ORBBS,604,7,1995,5/22/1995,6:52,"Sotak, Diane L",142
ORBBS_604_7,ORBBS,604,7,1996,5/22/1996,6:55,"Handel, Colleen M",143
ORBBS_604_7,ORBBS,604,7,1994,5/16/1994,7:05,"Handel, Colleen M",136
ORBBS_604_7,ORBBS,604,7,1996,5/17/1996,7:14,"Handel, Colleen M",138
ORBBS_604_7,ORBBS,604,7,1995,5/17/1995,7:15,"Sotak, Diane L",137
ORBBS_604_7,ORBBS,604,7,1994,5/26/1994,7:23,"Handel, Colleen M",146
ORBBS_604_7,ORBBS,604,7,1996,6/7/1996,7:24,"Matsuoka, Steve M",159
ORBBS_604_7,ORBBS,604,7,1993,5/19/1993,7:28,"deZeeuw, Maureen L",139
ORBBS_604_7,ORBBS,604,7,1998,6/15/1998,7:29,"Handel, Colleen M",166
ORBBS_604_7,ORBBS,604,7,1998,6/15/1998,7:29,"White, Linda G ",166
ORBBS_604_7,ORBBS,604,7,1998,6/15/1998,7:30,"Parkinson, Kristina A",166
ORBBS_604_7,ORBBS,604,7,1995,5/12/1995,7:31,"Sotak, Diane L",132
ORBBS_604_7,ORBBS,604,7,1994,5/12/1994,7:41,"Handel, Colleen M",132
ORBBS_604_7,ORBBS,604,7,1995,5/9/1995,7:44,"Sotak, Diane L",129
ORBBS_604_7,ORBBS,604,7,1993,6/26/1993,7:48,"Handel, Colleen M",177
ORBBS_604_7,ORBBS,604,7,1996,5/7/1996,7:55,"Handel, Colleen M",128
ORBBS_604_7,ORBBS,604,7,1996,5/13/1996,7:56,"Handel, Colleen M",134
ORBBS_604_7,ORBBS,604,7,1994,5/6/1994,7:59,"Handel, Colleen M",126
ORBBS_604_7,ORBBS,604,7,1993,5/10/1993,7:59,"deZeeuw, Maureen L",130
ORBBS_604_7,ORBBS,604,7,1993,5/5/1993,8:02,"deZeeuw, Maureen L",125
ORBBS_604_7,ORBBS,604,7,1993,5/14/1993,8:03,"deZeeuw, Maureen L",134
ORBBS_604_5,ORBBS,604,5,2001,6/13/2001,6:16,"Cotter, Paul A",164
ORBBS_604_5,ORBBS,604,5,2001,6/19/2001,5:23,"Senner, Nathan R",170
ORBBS_604_5,ORBBS,604,5,2002,6/14/2002,5:34,"Senner, Nathan R",165
ORBBS_604_5,ORBBS,604,5,2002,6/14/2002,5:34,"Cotter, Paul A",165
ORBBS_604_5,ORBBS,604,5,2004,6/15/2004,7:26,"Handel, Colleen M",167
ORBBS_604_5,ORBBS,604,5,2006,6/13/2006,7:35,"Handel, Colleen M",164
ORBBS_604_5,ORBBS,604,5,2008,6/18/2008,6:33,"Handel, Colleen M",170
ORBBS_604_5,ORBBS,604,5,2010,6/11/2010,6:50,"Handel, Colleen M",162
ORBBS_604_5,ORBBS,604,5,2012,6/15/2012,6:54,"Handel, Colleen M",167
ORBBS_604_5,ORBBS,604,5,2014,6/14/2014,6:20,"Handel, Colleen M",165
ORBBS_604_5,ORBBS,604,5,2016,6/12/2016,6:02,"Pajot, Lisa M",164
ORBBS_604_5,ORBBS,604,5,2018,6/15/2018,6:31,"Handel, Colleen M",166
ORBBS_604_5,ORBBS,604,5,2020,6/12/2020,6:33,"Handel, Colleen M",164
ORBBS_604_5,ORBBS,604,5,1995,6/17/1995,5:30,"Sotak, Diane L",168
ORBBS_604_5,ORBBS,604,5,1997,6/13/1997,5:31,"deZeeuw, Maureen L",164
ORBBS_604_5,ORBBS,604,5,2005,6/17/2005,5:35,"deZeeuw, Maureen L",168
ORBBS_604_5,ORBBS,604,5,1996,6/28/1996,5:39,"deZeeuw, Maureen L",180
ORBBS_604_5,ORBBS,604,5,1999,6/15/1999,5:40,"Brelsford, Alan T",166
ORBBS_604_5,ORBBS,604,5,1993,6/14/1993,5:48,"deZeeuw, Maureen L",165
ORBBS_604_5,ORBBS,604,5,1994,6/26/1994,5:49,"Ricketts, Julia C",177
ORBBS_604_5,ORBBS,604,5,1994,6/13/1994,5:50,"deZeeuw, Maureen L",164
ORBBS_604_5,ORBBS,604,5,1995,6/22/1995,5:51,"Matsuoka, Steve M",173
ORBBS_604_5,ORBBS,604,5,1993,6/5/1993,5:52,"Ricketts, Julia C",156
ORBBS_604_5,ORBBS,604,5,1996,6/12/1996,5:54,"Handel, Colleen M",164
ORBBS_604_5,ORBBS,604,5,1994,5/31/1994,6:00,"Handel, Colleen M",151
ORBBS_604_5,ORBBS,604,5,1995,6/2/1995,6:03,"deZeeuw, Maureen L",153
ORBBS_604_5,ORBBS,604,5,1995,5/27/1995,6:05,"Sotak, Diane L",147
ORBBS_604_5,ORBBS,604,5,2000,6/19/2000,6:05,"Handel, Colleen M",171
ORBBS_604_5,ORBBS,604,5,1996,5/29/1996,6:09,"Handel, Colleen M",150
ORBBS_604_5,ORBBS,604,5,1993,5/28/1993,6:14,"deZeeuw, Maureen L",148
ORBBS_604_5,ORBBS,604,5,1994,5/23/1994,6:15,"Handel, Colleen M",143
ORBBS_604_5,ORBBS,604,5,1993,5/24/1993,6:16,"deZeeuw, Maureen L",144
ORBBS_604_5,ORBBS,604,5,1996,5/22/1996,6:22,"Handel, Colleen M",143
ORBBS_604_5,ORBBS,604,5,1995,5/22/1995,6:23,"Sotak, Diane L",142
ORBBS_604_5,ORBBS,604,5,1994,5/16/1994,6:33,"Handel, Colleen M",136
ORBBS_604_5,ORBBS,604,5,1995,5/17/1995,6:35,"Sotak, Diane L",137
ORBBS_604_5,ORBBS,604,5,1998,6/15/1998,6:39,"Handel, Colleen M",166
ORBBS_604_5,ORBBS,604,5,1998,6/15/1998,6:39,"White, Linda G ",166
ORBBS_604_5,ORBBS,604,5,1998,6/15/1998,6:39,"Parkinson, Kristina A",166
ORBBS_604_5,ORBBS,604,5,1996,5/17/1996,6:44,"Handel, Colleen M",138
ORBBS_604_5,ORBBS,604,5,1994,5/26/1994,6:46,"Handel, Colleen M",146
ORBBS_604_5,ORBBS,604,5,1996,6/7/1996,6:48,"Matsuoka, Steve M",159
ORBBS_604_5,ORBBS,604,5,1995,5/12/1995,6:49,"Sotak, Diane L",132
ORBBS_604_5,ORBBS,604,5,1993,5/19/1993,6:58,"deZeeuw, Maureen L",139
ORBBS_604_5,ORBBS,604,5,1995,5/9/1995,7:02,"Sotak, Diane L",129
ORBBS_604_5,ORBBS,604,5,1996,5/13/1996,7:07,"Handel, Colleen M",134
ORBBS_604_5,ORBBS,604,5,1994,5/12/1994,7:09,"Handel, Colleen M",132
ORBBS_604_5,ORBBS,604,5,1993,6/26/1993,7:10,"Handel, Colleen M",177
ORBBS_604_5,ORBBS,604,5,1994,5/6/1994,7:17,"Handel, Colleen M",126
ORBBS_604_5,ORBBS,604,5,1993,5/10/1993,7:19,"deZeeuw, Maureen L",130
ORBBS_604_5,ORBBS,604,5,1993,5/14/1993,7:20,"deZeeuw, Maureen L",134
ORBBS_604_5,ORBBS,604,5,1996,5/7/1996,7:21,"Handel, Colleen M",128
ORBBS_604_5,ORBBS,604,5,1993,5/5/1993,7:36,"deZeeuw, Maureen L",125
ORBBS_601_7,ORBBS,601,7,2001,6/12/2001,6:32,"Cotter, Paul A",163
ORBBS_601_7,ORBBS,601,7,2002,6/19/2002,6:03,"Cotter, Paul A",170
ORBBS_601_7,ORBBS,601,7,2004,6/11/2004,8:13,"Handel, Colleen M",163
ORBBS_601_7,ORBBS,601,7,2006,6/17/2006,6:43,"Van Hemert, Caroline R",168
ORBBS_601_7,ORBBS,601,7,2008,6/17/2008,7:52,"Handel, Colleen M",169
ORBBS_601_7,ORBBS,601,7,2010,6/10/2010,7:19,"Handel, Colleen M",161
ORBBS_601_7,ORBBS,601,7,2012,6/11/2012,7:47,"Handel, Colleen M",163
ORBBS_601_7,ORBBS,601,7,2014,6/12/2014,7:22,"Handel, Colleen M",163
ORBBS_601_7,ORBBS,601,7,2016,6/11/2016,6:57,"Pajot, Lisa M",163
ORBBS_601_7,ORBBS,601,7,2018,6/14/2018,7:30,"Handel, Colleen M",165
ORBBS_601_7,ORBBS,601,7,2020,6/15/2020,7:00,"Handel, Colleen M",167
ORBBS_601_7,ORBBS,601,7,1995,6/28/1995,5:51,"Sotak, Diane L",179
ORBBS_601_7,ORBBS,601,7,1993,7/1/1993,5:56,"deZeeuw, Maureen L",182
ORBBS_601_7,ORBBS,601,7,1996,6/16/1996,5:57,"Ricketts, Julia C",168
ORBBS_601_7,ORBBS,601,7,1999,6/14/1999,6:00,"Handel, Colleen M",165
ORBBS_601_7,ORBBS,601,7,1995,5/29/1995,6:04,"Ricketts, Julia C",149
ORBBS_601_7,ORBBS,601,7,1996,5/30/1996,6:08,"Ricketts, Julia C",151
ORBBS_601_7,ORBBS,601,7,1994,6/2/1994,6:15,"deZeeuw, Maureen L",153
ORBBS_601_7,ORBBS,601,7,1994,6/26/1994,6:15,"Handel, Colleen M",177
ORBBS_601_7,ORBBS,601,7,1994,7/1/1994,6:17,"Ricketts, Julia C",182
ORBBS_601_7,ORBBS,601,7,1995,6/13/1995,6:21,"Ricketts, Julia C",164
ORBBS_601_7,ORBBS,601,7,1993,6/10/1993,6:23,"Ricketts, Julia C",161
ORBBS_601_7,ORBBS,601,7,1993,6/24/1993,6:26,"deZeeuw, Maureen L",175
ORBBS_601_7,ORBBS,601,7,1994,5/29/1994,6:27,"Ricketts, Julia C",149
ORBBS_601_7,ORBBS,601,7,1996,6/21/1996,6:27,"Handel, Colleen M",173
ORBBS_601_7,ORBBS,601,7,1996,5/24/1996,6:27,"Ricketts, Julia C",145
ORBBS_601_7,ORBBS,601,7,1995,6/3/1995,6:28,"Matsuoka, Steve M",154
ORBBS_601_7,ORBBS,601,7,1995,5/22/1995,6:29,"Ricketts, Julia C",142
ORBBS_601_7,ORBBS,601,7,1996,5/20/1996,6:30,"Ricketts, Julia C",141
ORBBS_601_7,ORBBS,601,7,1994,5/24/1994,6:33,"Ricketts, Julia C",144
ORBBS_601_7,ORBBS,601,7,1994,6/15/1994,6:38,"Ricketts, Julia C",166
ORBBS_601_7,ORBBS,601,7,1996,6/5/1996,6:48,"Matsuoka, Steve M",157
ORBBS_601_7,ORBBS,601,7,1995,5/16/1995,6:48,"Ricketts, Julia C",136
ORBBS_601_7,ORBBS,601,7,1993,5/28/1993,6:48,"Ricketts, Julia C",148
ORBBS_601_7,ORBBS,601,7,1993,5/18/1993,6:50,"Ricketts, Julia C",138
ORBBS_601_7,ORBBS,601,7,1993,5/23/1993,6:52,"Ricketts, Julia C",143
ORBBS_601_7,ORBBS,601,7,1996,5/14/1996,7:00,"Ricketts, Julia C",135
ORBBS_601_7,ORBBS,601,7,1993,6/2/1993,7:00,"Matsuoka, Steve M",153
ORBBS_601_7,ORBBS,601,7,1997,6/11/1997,7:04,"Handel, Colleen M",162
ORBBS_601_7,ORBBS,601,7,1994,5/17/1994,7:05,"Ricketts, Julia C",137
ORBBS_601_7,ORBBS,601,7,1995,5/11/1995,7:08,"Ricketts, Julia C",131
ORBBS_601_7,ORBBS,601,7,1996,5/9/1996,7:10,"Ricketts, Julia C",130
ORBBS_601_7,ORBBS,601,7,1993,5/10/1993,7:10,"Ricketts, Julia C",130
ORBBS_601_7,ORBBS,601,7,1995,5/8/1995,7:15,"Ricketts, Julia C",128
ORBBS_601_7,ORBBS,601,7,1993,5/14/1993,7:22,"Ricketts, Julia C",134
ORBBS_601_7,ORBBS,601,7,2000,6/15/2000,7:35,"Handel, Colleen M",167
ORBBS_601_7,ORBBS,601,7,1994,5/12/1994,7:36,"Ricketts, Julia C",132
ORBBS_601_7,ORBBS,601,7,1998,6/10/1998,7:42,"Handel, Colleen M",161
ORBBS_601_7,ORBBS,601,7,1998,6/10/1998,7:42,"Parkinson, Kristina A",161
ORBBS_601_7,ORBBS,601,7,1998,6/10/1998,7:42,"Brelsford, Alan T",161
ORBBS_601_7,ORBBS,601,7,1994,5/9/1994,7:55,"Ricketts, Julia C",129
ORBBS_604_11,ORBBS,604,11,2001,6/13/2001,8:09,"Cotter, Paul A",164
ORBBS_604_11,ORBBS,604,11,2001,6/19/2001,6:41,"Senner, Nathan R",170
ORBBS_604_11,ORBBS,604,11,2002,6/14/2002,7:11,"Senner, Nathan R",165
ORBBS_604_11,ORBBS,604,11,2002,6/14/2002,7:11,"Cotter, Paul A",165
ORBBS_604_11,ORBBS,604,11,2004,6/15/2004,10:16,"Handel, Colleen M",167
ORBBS_604_11,ORBBS,604,11,2006,6/13/2006,10:43,"Handel, Colleen M",164
ORBBS_604_11,ORBBS,604,11,2008,6/18/2008,9:37,"Handel, Colleen M",170
ORBBS_604_11,ORBBS,604,11,2010,6/11/2010,9:41,"Handel, Colleen M",162
ORBBS_604_11,ORBBS,604,11,2012,6/15/2012,9:26,"Handel, Colleen M",167
ORBBS_604_11,ORBBS,604,11,2014,6/14/2014,9:00,"Handel, Colleen M",165
ORBBS_604_11,ORBBS,604,11,2016,6/12/2016,8:15,"Pajot, Lisa M",164
ORBBS_604_11,ORBBS,604,11,2018,6/15/2018,8:54,"Handel, Colleen M",166
ORBBS_604_11,ORBBS,604,11,2020,6/12/2020,9:07,"Handel, Colleen M",164
ORBBS_604_11,ORBBS,604,11,1995,6/17/1995,7:05,"Sotak, Diane L",168
ORBBS_604_11,ORBBS,604,11,1997,6/13/1997,7:07,"deZeeuw, Maureen L",164
ORBBS_604_11,ORBBS,604,11,1996,6/28/1996,7:17,"deZeeuw, Maureen L",180
ORBBS_604_11,ORBBS,604,11,1993,6/5/1993,7:26,"Ricketts, Julia C",156
ORBBS_604_11,ORBBS,604,11,1993,6/14/1993,7:28,"deZeeuw, Maureen L",165
ORBBS_604_11,ORBBS,604,11,2005,6/17/2005,7:36,"deZeeuw, Maureen L",168
ORBBS_604_11,ORBBS,604,11,1994,6/13/1994,7:39,"deZeeuw, Maureen L",164
ORBBS_604_11,ORBBS,604,11,1995,5/27/1995,7:40,"Sotak, Diane L",147
ORBBS_604_11,ORBBS,604,11,1995,6/22/1995,7:43,"Matsuoka, Steve M",173
ORBBS_604_11,ORBBS,604,11,1999,6/15/1999,7:46,"Brelsford, Alan T",166
ORBBS_604_11,ORBBS,604,11,1994,6/26/1994,7:47,"Ricketts, Julia C",177
ORBBS_604_11,ORBBS,604,11,1995,6/2/1995,7:51,"deZeeuw, Maureen L",153
ORBBS_604_11,ORBBS,604,11,1996,6/12/1996,8:00,"Handel, Colleen M",164
ORBBS_604_11,ORBBS,604,11,1995,5/22/1995,8:01,"Sotak, Diane L",142
ORBBS_604_11,ORBBS,604,11,1993,5/24/1993,8:06,"deZeeuw, Maureen L",144
ORBBS_604_11,ORBBS,604,11,1994,5/23/1994,8:10,"Handel, Colleen M",143
ORBBS_604_11,ORBBS,604,11,1993,5/28/1993,8:12,"deZeeuw, Maureen L",148
ORBBS_604_11,ORBBS,604,11,1994,5/31/1994,8:16,"Handel, Colleen M",151
ORBBS_604_11,ORBBS,604,11,2000,6/19/2000,8:19,"Handel, Colleen M",171
ORBBS_604_11,ORBBS,604,11,1996,5/29/1996,8:21,"Handel, Colleen M",150
ORBBS_604_11,ORBBS,604,11,1995,5/17/1995,8:30,"Sotak, Diane L",137
ORBBS_604_11,ORBBS,604,11,1996,5/22/1996,8:34,"Handel, Colleen M",143
ORBBS_604_11,ORBBS,604,11,1994,5/16/1994,8:35,"Handel, Colleen M",136
ORBBS_604_11,ORBBS,604,11,1996,6/7/1996,8:41,"Matsuoka, Steve M",159
ORBBS_604_11,ORBBS,604,11,1993,5/19/1993,8:43,"deZeeuw, Maureen L",139
ORBBS_604_11,ORBBS,604,11,1995,5/12/1995,8:47,"Sotak, Diane L",132
ORBBS_604_11,ORBBS,604,11,1994,5/26/1994,8:48,"Handel, Colleen M",146
ORBBS_604_11,ORBBS,604,11,1996,5/17/1996,8:55,"Handel, Colleen M",138
ORBBS_604_11,ORBBS,604,11,1993,5/5/1993,9:01,"deZeeuw, Maureen L",125
ORBBS_604_11,ORBBS,604,11,1994,5/6/1994,9:04,"Handel, Colleen M",126
ORBBS_604_11,ORBBS,604,11,1994,5/12/1994,9:09,"Handel, Colleen M",132
ORBBS_604_11,ORBBS,604,11,1993,5/14/1993,9:12,"deZeeuw, Maureen L",134
ORBBS_604_11,ORBBS,604,11,1995,5/9/1995,9:22,"Sotak, Diane L",129
ORBBS_604_11,ORBBS,604,11,1993,5/10/1993,9:22,"deZeeuw, Maureen L",130
ORBBS_604_11,ORBBS,604,11,1993,6/26/1993,9:26,"Handel, Colleen M",177
ORBBS_604_11,ORBBS,604,11,1996,5/13/1996,9:29,"Handel, Colleen M",134
ORBBS_604_11,ORBBS,604,11,1996,5/7/1996,9:30,"Handel, Colleen M",128
ORBBS_604_11,ORBBS,604,11,1998,6/15/1998,9:44,"Handel, Colleen M",166
ORBBS_604_11,ORBBS,604,11,1998,6/15/1998,9:44,"White, Linda G ",166
ORBBS_604_11,ORBBS,604,11,1998,6/15/1998,9:44,"Parkinson, Kristina A",166
ORBBS_613_3,ORBBS,613,3,2001,6/21/2001,5:18,"Cotter, Paul A",172
ORBBS_613_3,ORBBS,613,3,2002,6/25/2002,4:53,"Cotter, Paul A",176
ORBBS_613_3,ORBBS,613,3,2006,6/22/2006,5:09,"Van Hemert, Caroline R",173
ORBBS_613_3,ORBBS,613,3,2008,6/24/2008,5:53,"Pajot, Lisa M",176
ORBBS_613_3,ORBBS,613,3,2009,6/26/2009,5:55,"Handel, Colleen M",177
ORBBS_613_3,ORBBS,613,3,2010,6/24/2010,5:25,"Pajot, Lisa M",175
ORBBS_613_3,ORBBS,613,3,2011,6/17/2011,5:19,"Pajot, Lisa M",168
ORBBS_613_3,ORBBS,613,3,2011,6/22/2011,5:08,"Pajot, Lisa M",173
ORBBS_613_3,ORBBS,613,3,2013,6/21/2013,5:15,"Pajot, Lisa M",172
ORBBS_613_3,ORBBS,613,3,2015,6/21/2015,5:42,"Pajot, Lisa M",172
ORBBS_613_3,ORBBS,613,3,2016,6/22/2016,5:05,"Pajot, Lisa M",174
ORBBS_613_3,ORBBS,613,3,2018,6/21/2018,5:18,"Pajot, Lisa M",172
ORBBS_613_3,ORBBS,613,3,2020,6/20/2020,5:24,"Pajot, Lisa M",172
ORBBS_613_3,ORBBS,613,3,2000,6/22/2000,5:09,"Pajot, Lisa M",174
ORBBS_613_3,ORBBS,613,3,1999,6/21/1999,5:17,"Matsuoka, Steve M",172
ORBBS_613_3,ORBBS,613,3,1996,6/19/1996,5:24,"Matsuoka, Steve M",171
ORBBS_613_3,ORBBS,613,3,1993,6/21/1993,5:30,"Matsuoka, Steve M",172
ORBBS_613_3,ORBBS,613,3,1998,6/23/1998,5:32,"Handel, Colleen M",174
ORBBS_613_3,ORBBS,613,3,1994,6/22/1994,5:33,"Matsuoka, Steve M",173
ORBBS_613_3,ORBBS,613,3,1997,6/23/1997,5:34,"Handel, Colleen M",174
ORBBS_613_3,ORBBS,613,3,1995,6/19/1995,5:37,"Matsuoka, Steve M",170
ORBBS_613_1,ORBBS,613,1,2001,6/21/2001,4:48,"Cotter, Paul A",172
ORBBS_613_1,ORBBS,613,1,2002,6/25/2002,4:26,"Cotter, Paul A",176
ORBBS_613_1,ORBBS,613,1,2006,6/22/2006,4:32,"Van Hemert, Caroline R",173
ORBBS_613_1,ORBBS,613,1,2008,6/24/2008,5:23,"Pajot, Lisa M",176
ORBBS_613_1,ORBBS,613,1,2009,6/26/2009,5:10,"Handel, Colleen M",177
ORBBS_613_1,ORBBS,613,1,2010,6/24/2010,4:41,"Pajot, Lisa M",175
ORBBS_613_1,ORBBS,613,1,2011,6/17/2011,4:38,"Pajot, Lisa M",168
ORBBS_613_1,ORBBS,613,1,2011,6/22/2011,4:23,"Pajot, Lisa M",173
ORBBS_613_1,ORBBS,613,1,2013,6/21/2013,4:39,"Pajot, Lisa M",172
ORBBS_613_1,ORBBS,613,1,2015,6/21/2015,4:43,"Pajot, Lisa M",172
ORBBS_613_1,ORBBS,613,1,2016,6/22/2016,4:25,"Pajot, Lisa M",174
ORBBS_613_1,ORBBS,613,1,2018,6/21/2018,4:39,"Pajot, Lisa M",172
ORBBS_613_1,ORBBS,613,1,2020,6/20/2020,4:48,"Pajot, Lisa M",172
ORBBS_613_1,ORBBS,613,1,1997,6/23/1997,4:25,"Handel, Colleen M",174
ORBBS_613_1,ORBBS,613,1,1998,6/23/1998,4:31,"Handel, Colleen M",174
ORBBS_613_1,ORBBS,613,1,1999,6/21/1999,4:35,"Matsuoka, Steve M",172
ORBBS_613_1,ORBBS,613,1,2000,6/22/2000,4:39,"Pajot, Lisa M",174
ORBBS_613_1,ORBBS,613,1,1993,6/21/1993,4:40,"Matsuoka, Steve M",172
ORBBS_613_1,ORBBS,613,1,1994,6/22/1994,4:41,"Matsuoka, Steve M",173
ORBBS_613_1,ORBBS,613,1,1995,6/19/1995,4:45,"Matsuoka, Steve M",170
ORBBS_613_1,ORBBS,613,1,1996,6/19/1996,4:46,"Matsuoka, Steve M",171
ORBBS_601_8,ORBBS,601,8,2001,6/12/2001,6:43,"Cotter, Paul A",163
ORBBS_601_8,ORBBS,601,8,2002,6/19/2002,6:16,"Cotter, Paul A",170
ORBBS_601_8,ORBBS,601,8,2004,6/11/2004,8:39,"Handel, Colleen M",163
ORBBS_601_8,ORBBS,601,8,2006,6/17/2006,7:00,"Van Hemert, Caroline R",168
ORBBS_601_8,ORBBS,601,8,2008,6/17/2008,8:19,"Handel, Colleen M",169
ORBBS_601_8,ORBBS,601,8,2010,6/10/2010,7:41,"Handel, Colleen M",161
ORBBS_601_8,ORBBS,601,8,2012,6/11/2012,8:07,"Handel, Colleen M",163
ORBBS_601_8,ORBBS,601,8,2014,6/12/2014,7:43,"Handel, Colleen M",163
ORBBS_601_8,ORBBS,601,8,2016,6/11/2016,7:17,"Pajot, Lisa M",163
ORBBS_601_8,ORBBS,601,8,2018,6/14/2018,7:55,"Handel, Colleen M",165
ORBBS_601_8,ORBBS,601,8,2020,6/15/2020,7:19,"Handel, Colleen M",167
ORBBS_601_8,ORBBS,601,8,1995,6/28/1995,6:03,"Sotak, Diane L",179
ORBBS_601_8,ORBBS,601,8,1996,6/16/1996,6:10,"Ricketts, Julia C",168
ORBBS_601_8,ORBBS,601,8,1993,7/1/1993,6:10,"deZeeuw, Maureen L",182
ORBBS_601_8,ORBBS,601,8,1999,6/14/1999,6:14,"Handel, Colleen M",165
ORBBS_601_8,ORBBS,601,8,1995,5/29/1995,6:14,"Ricketts, Julia C",149
ORBBS_601_8,ORBBS,601,8,1996,5/30/1996,6:20,"Ricketts, Julia C",151
ORBBS_601_8,ORBBS,601,8,1994,6/26/1994,6:28,"Handel, Colleen M",177
ORBBS_601_8,ORBBS,601,8,1994,6/2/1994,6:31,"deZeeuw, Maureen L",153
ORBBS_601_8,ORBBS,601,8,1994,7/1/1994,6:31,"Ricketts, Julia C",182
ORBBS_601_8,ORBBS,601,8,1995,6/13/1995,6:31,"Ricketts, Julia C",164
ORBBS_601_8,ORBBS,601,8,1993,6/10/1993,6:32,"Ricketts, Julia C",161
ORBBS_601_8,ORBBS,601,8,1993,6/24/1993,6:32,"deZeeuw, Maureen L",175
ORBBS_601_8,ORBBS,601,8,1995,5/22/1995,6:41,"Ricketts, Julia C",142
ORBBS_601_8,ORBBS,601,8,1994,5/29/1994,6:42,"Ricketts, Julia C",149
ORBBS_601_8,ORBBS,601,8,1996,5/20/1996,6:42,"Ricketts, Julia C",141
ORBBS_601_8,ORBBS,601,8,1996,6/21/1996,6:44,"Handel, Colleen M",173
ORBBS_601_8,ORBBS,601,8,1996,5/24/1996,6:44,"Ricketts, Julia C",145
ORBBS_601_8,ORBBS,601,8,1994,5/24/1994,6:45,"Ricketts, Julia C",144
ORBBS_601_8,ORBBS,601,8,1995,6/3/1995,6:45,"Matsuoka, Steve M",154
ORBBS_601_8,ORBBS,601,8,1994,6/15/1994,6:53,"Ricketts, Julia C",166
ORBBS_601_8,ORBBS,601,8,1993,5/28/1993,6:58,"Ricketts, Julia C",148
ORBBS_601_8,ORBBS,601,8,1995,5/16/1995,7:00,"Ricketts, Julia C",136
ORBBS_601_8,ORBBS,601,8,1993,5/18/1993,7:00,"Ricketts, Julia C",138
ORBBS_601_8,ORBBS,601,8,1993,5/23/1993,7:02,"Ricketts, Julia C",143
ORBBS_601_8,ORBBS,601,8,1996,6/5/1996,7:06,"Matsuoka, Steve M",157
ORBBS_601_8,ORBBS,601,8,1993,6/2/1993,7:13,"Matsuoka, Steve M",153
ORBBS_601_8,ORBBS,601,8,1996,5/14/1996,7:14,"Ricketts, Julia C",135
ORBBS_601_8,ORBBS,601,8,1997,6/11/1997,7:20,"Handel, Colleen M",162
ORBBS_601_8,ORBBS,601,8,1994,5/17/1994,7:21,"Ricketts, Julia C",137
ORBBS_601_8,ORBBS,601,8,1995,5/11/1995,7:22,"Ricketts, Julia C",131
ORBBS_601_8,ORBBS,601,8,1996,5/9/1996,7:23,"Ricketts, Julia C",130
ORBBS_601_8,ORBBS,601,8,1993,5/10/1993,7:23,"Ricketts, Julia C",130
ORBBS_601_8,ORBBS,601,8,1995,5/8/1995,7:27,"Ricketts, Julia C",128
ORBBS_601_8,ORBBS,601,8,1993,5/14/1993,7:30,"Ricketts, Julia C",134
ORBBS_601_8,ORBBS,601,8,2000,6/15/2000,7:48,"Handel, Colleen M",167
ORBBS_601_8,ORBBS,601,8,1994,5/12/1994,7:51,"Ricketts, Julia C",132
ORBBS_601_8,ORBBS,601,8,1998,6/10/1998,8:09,"Handel, Colleen M",161
ORBBS_601_8,ORBBS,601,8,1998,6/10/1998,8:09,"Parkinson, Kristina A",161
ORBBS_601_8,ORBBS,601,8,1998,6/10/1998,8:09,"Brelsford, Alan T",161
ORBBS_601_8,ORBBS,601,8,1994,5/9/1994,8:14,"Ricketts, Julia C",129
ORBBS_604_8,ORBBS,604,8,2001,6/13/2001,7:23,"Cotter, Paul A",164
ORBBS_604_8,ORBBS,604,8,2001,6/19/2001,6:04,"Senner, Nathan R",170
ORBBS_604_8,ORBBS,604,8,2002,6/14/2002,6:26,"Senner, Nathan R",165
ORBBS_604_8,ORBBS,604,8,2002,6/14/2002,6:26,"Cotter, Paul A",165
ORBBS_604_8,ORBBS,604,8,2004,6/15/2004,8:51,"Handel, Colleen M",167
ORBBS_604_8,ORBBS,604,8,2006,6/13/2006,9:31,"Handel, Colleen M",164
ORBBS_604_8,ORBBS,604,8,2008,6/18/2008,7:57,"Handel, Colleen M",170
ORBBS_604_8,ORBBS,604,8,2010,6/11/2010,8:24,"Handel, Colleen M",162
ORBBS_604_8,ORBBS,604,8,2012,6/15/2012,8:15,"Handel, Colleen M",167
ORBBS_604_8,ORBBS,604,8,2014,6/14/2014,7:47,"Handel, Colleen M",165
ORBBS_604_8,ORBBS,604,8,2016,6/12/2016,7:05,"Pajot, Lisa M",164
ORBBS_604_8,ORBBS,604,8,2018,6/15/2018,7:38,"Handel, Colleen M",166
ORBBS_604_8,ORBBS,604,8,2020,6/12/2020,7:53,"Handel, Colleen M",164
ORBBS_604_8,ORBBS,604,8,1997,6/13/1997,6:15,"deZeeuw, Maureen L",164
ORBBS_604_8,ORBBS,604,8,1995,6/17/1995,6:20,"Sotak, Diane L",168
ORBBS_604_8,ORBBS,604,8,1996,6/28/1996,6:28,"deZeeuw, Maureen L",180
ORBBS_604_8,ORBBS,604,8,1993,6/5/1993,6:43,"Ricketts, Julia C",156
ORBBS_604_8,ORBBS,604,8,1993,6/14/1993,6:46,"deZeeuw, Maureen L",165
ORBBS_604_8,ORBBS,604,8,1994,6/13/1994,6:48,"deZeeuw, Maureen L",164
ORBBS_604_8,ORBBS,604,8,1995,6/22/1995,6:48,"Matsuoka, Steve M",173
ORBBS_604_8,ORBBS,604,8,1999,6/15/1999,6:50,"Brelsford, Alan T",166
ORBBS_604_8,ORBBS,604,8,2005,6/17/2005,6:50,"deZeeuw, Maureen L",168
ORBBS_604_8,ORBBS,604,8,1995,5/27/1995,6:56,"Sotak, Diane L",147
ORBBS_604_8,ORBBS,604,8,1994,6/26/1994,7:02,"Ricketts, Julia C",177
ORBBS_604_8,ORBBS,604,8,1995,6/2/1995,7:02,"deZeeuw, Maureen L",153
ORBBS_604_8,ORBBS,604,8,1994,5/31/1994,7:03,"Handel, Colleen M",151
ORBBS_604_8,ORBBS,604,8,1996,6/12/1996,7:06,"Handel, Colleen M",164
ORBBS_604_8,ORBBS,604,8,1995,5/22/1995,7:15,"Sotak, Diane L",142
ORBBS_604_8,ORBBS,604,8,1993,5/28/1993,7:15,"deZeeuw, Maureen L",148
ORBBS_604_8,ORBBS,604,8,2000,6/19/2000,7:16,"Handel, Colleen M",171
ORBBS_604_8,ORBBS,604,8,1994,5/23/1994,7:17,"Handel, Colleen M",143
ORBBS_604_8,ORBBS,604,8,1993,5/24/1993,7:20,"deZeeuw, Maureen L",144
ORBBS_604_8,ORBBS,604,8,1996,5/29/1996,7:31,"Handel, Colleen M",150
ORBBS_604_8,ORBBS,604,8,1996,5/22/1996,7:32,"Handel, Colleen M",143
ORBBS_604_8,ORBBS,604,8,1995,5/17/1995,7:35,"Sotak, Diane L",137
ORBBS_604_8,ORBBS,604,8,1994,5/16/1994,7:41,"Handel, Colleen M",136
ORBBS_604_8,ORBBS,604,8,1996,5/17/1996,7:44,"Handel, Colleen M",138
ORBBS_604_8,ORBBS,604,8,1993,5/19/1993,7:47,"deZeeuw, Maureen L",139
ORBBS_604_8,ORBBS,604,8,1996,6/7/1996,7:48,"Matsuoka, Steve M",159
ORBBS_604_8,ORBBS,604,8,1995,5/12/1995,7:57,"Sotak, Diane L",132
ORBBS_604_8,ORBBS,604,8,1994,5/26/1994,7:58,"Handel, Colleen M",146
ORBBS_604_8,ORBBS,604,8,1998,6/15/1998,8:07,"Handel, Colleen M",166
ORBBS_604_8,ORBBS,604,8,1998,6/15/1998,8:07,"White, Linda G ",166
ORBBS_604_8,ORBBS,604,8,1998,6/15/1998,8:08,"Parkinson, Kristina A",166
ORBBS_604_8,ORBBS,604,8,1994,5/12/1994,8:12,"Handel, Colleen M",132
ORBBS_604_8,ORBBS,604,8,1995,5/9/1995,8:15,"Sotak, Diane L",129
ORBBS_604_8,ORBBS,604,8,1994,5/6/1994,8:17,"Handel, Colleen M",126
ORBBS_604_8,ORBBS,604,8,1993,5/5/1993,8:17,"deZeeuw, Maureen L",125
ORBBS_604_8,ORBBS,604,8,1993,5/14/1993,8:22,"deZeeuw, Maureen L",134
ORBBS_604_8,ORBBS,604,8,1993,5/10/1993,8:23,"deZeeuw, Maureen L",130
ORBBS_604_8,ORBBS,604,8,1996,5/7/1996,8:30,"Handel, Colleen M",128
ORBBS_604_8,ORBBS,604,8,1993,6/26/1993,8:33,"Handel, Colleen M",177
ORBBS_604_8,ORBBS,604,8,1996,5/13/1996,8:35,"Handel, Colleen M",134
ORBBS_613_4,ORBBS,613,4,2001,6/21/2001,5:33,"Cotter, Paul A",172
ORBBS_613_4,ORBBS,613,4,2002,6/25/2002,5:07,"Cotter, Paul A",176
ORBBS_613_4,ORBBS,613,4,2006,6/22/2006,5:46,"Van Hemert, Caroline R",173
ORBBS_613_4,ORBBS,613,4,2008,6/24/2008,6:11,"Pajot, Lisa M",176
ORBBS_613_4,ORBBS,613,4,2009,6/26/2009,6:29,"Handel, Colleen M",177
ORBBS_613_4,ORBBS,613,4,2010,6/24/2010,5:46,"Pajot, Lisa M",175
ORBBS_613_4,ORBBS,613,4,2011,6/17/2011,5:39,"Pajot, Lisa M",168
ORBBS_613_4,ORBBS,613,4,2011,6/22/2011,5:28,"Pajot, Lisa M",173
ORBBS_613_4,ORBBS,613,4,2013,6/21/2013,5:30,"Pajot, Lisa M",172
ORBBS_613_4,ORBBS,613,4,2015,6/21/2015,6:00,"Pajot, Lisa M",172
ORBBS_613_4,ORBBS,613,4,2016,6/22/2016,5:29,"Pajot, Lisa M",174
ORBBS_613_4,ORBBS,613,4,2018,6/21/2018,5:38,"Pajot, Lisa M",172
ORBBS_613_4,ORBBS,613,4,2020,6/20/2020,5:42,"Pajot, Lisa M",172
ORBBS_613_4,ORBBS,613,4,2000,6/22/2000,5:25,"Pajot, Lisa M",174
ORBBS_613_4,ORBBS,613,4,1999,6/21/1999,5:38,"Matsuoka, Steve M",172
ORBBS_613_4,ORBBS,613,4,1996,6/19/1996,5:42,"Matsuoka, Steve M",171
ORBBS_613_4,ORBBS,613,4,1994,6/22/1994,5:52,"Matsuoka, Steve M",173
ORBBS_613_4,ORBBS,613,4,1995,6/19/1995,5:56,"Matsuoka, Steve M",170
ORBBS_613_4,ORBBS,613,4,1993,6/21/1993,5:56,"Matsuoka, Steve M",172
ORBBS_613_4,ORBBS,613,4,1997,6/23/1997,6:01,"Handel, Colleen M",174
ORBBS_613_4,ORBBS,613,4,1998,6/23/1998,6:12,"Handel, Colleen M",174
ORBBS_604_4,ORBBS,604,4,2001,6/13/2001,5:46,"Cotter, Paul A",164
ORBBS_604_4,ORBBS,604,4,2001,6/19/2001,5:11,"Senner, Nathan R",170
ORBBS_604_4,ORBBS,604,4,2002,6/14/2002,4:18,"Senner, Nathan R",165
ORBBS_604_4,ORBBS,604,4,2002,6/14/2002,5:18,"Cotter, Paul A",165
ORBBS_604_4,ORBBS,604,4,2004,6/15/2004,7:01,"Handel, Colleen M",167
ORBBS_604_4,ORBBS,604,4,2006,6/13/2006,6:57,"Handel, Colleen M",164
ORBBS_604_4,ORBBS,604,4,2008,6/18/2008,6:01,"Handel, Colleen M",170
ORBBS_604_4,ORBBS,604,4,2010,6/11/2010,6:22,"Handel, Colleen M",162
ORBBS_604_4,ORBBS,604,4,2012,6/15/2012,6:29,"Handel, Colleen M",167
ORBBS_604_4,ORBBS,604,4,2014,6/14/2014,5:52,"Handel, Colleen M",165
ORBBS_604_4,ORBBS,604,4,2016,6/12/2016,5:39,"Pajot, Lisa M",164
ORBBS_604_4,ORBBS,604,4,2018,6/15/2018,6:01,"Handel, Colleen M",166
ORBBS_604_4,ORBBS,604,4,2020,6/12/2020,6:06,"Handel, Colleen M",164
ORBBS_604_4,ORBBS,604,4,1995,6/17/1995,5:13,"Sotak, Diane L",168
ORBBS_604_4,ORBBS,604,4,1997,6/13/1997,5:15,"deZeeuw, Maureen L",164
ORBBS_604_4,ORBBS,604,4,2005,6/17/2005,5:18,"deZeeuw, Maureen L",168
ORBBS_604_4,ORBBS,604,4,1993,6/14/1993,5:22,"deZeeuw, Maureen L",165
ORBBS_604_4,ORBBS,604,4,1999,6/15/1999,5:23,"Brelsford, Alan T",166
ORBBS_604_4,ORBBS,604,4,1994,6/26/1994,5:24,"Ricketts, Julia C",177
ORBBS_604_4,ORBBS,604,4,1996,6/28/1996,5:24,"deZeeuw, Maureen L",180
ORBBS_604_4,ORBBS,604,4,1995,6/22/1995,5:27,"Matsuoka, Steve M",173
ORBBS_604_4,ORBBS,604,4,1996,6/12/1996,5:30,"Handel, Colleen M",164
ORBBS_604_4,ORBBS,604,4,1994,6/13/1994,5:33,"deZeeuw, Maureen L",164
ORBBS_604_4,ORBBS,604,4,1993,6/5/1993,5:33,"Ricketts, Julia C",156
ORBBS_604_4,ORBBS,604,4,1994,5/31/1994,5:43,"Handel, Colleen M",151
ORBBS_604_4,ORBBS,604,4,1995,5/27/1995,5:45,"Sotak, Diane L",147
ORBBS_604_4,ORBBS,604,4,2000,6/19/2000,5:45,"Handel, Colleen M",171
ORBBS_604_4,ORBBS,604,4,1995,6/2/1995,5:46,"deZeeuw, Maureen L",153
ORBBS_604_4,ORBBS,604,4,1996,5/29/1996,5:51,"Handel, Colleen M",150
ORBBS_604_4,ORBBS,604,4,1994,5/23/1994,5:56,"Handel, Colleen M",143
ORBBS_604_4,ORBBS,604,4,1993,5/28/1993,5:57,"deZeeuw, Maureen L",148
ORBBS_604_4,ORBBS,604,4,1996,5/22/1996,6:00,"Handel, Colleen M",143
ORBBS_604_4,ORBBS,604,4,1995,5/22/1995,6:01,"Sotak, Diane L",142
ORBBS_604_4,ORBBS,604,4,1993,5/24/1993,6:01,"deZeeuw, Maureen L",144
ORBBS_604_4,ORBBS,604,4,1996,6/7/1996,6:12,"Matsuoka, Steve M",159
ORBBS_604_4,ORBBS,604,4,1994,5/16/1994,6:13,"Handel, Colleen M",136
ORBBS_604_4,ORBBS,604,4,1995,5/17/1995,6:13,"Sotak, Diane L",137
ORBBS_604_4,ORBBS,604,4,1996,5/17/1996,6:15,"Handel, Colleen M",138
ORBBS_604_4,ORBBS,604,4,1998,6/15/1998,6:17,"Handel, Colleen M",166
ORBBS_604_4,ORBBS,604,4,1998,6/15/1998,6:17,"White, Linda G ",166
ORBBS_604_4,ORBBS,604,4,1998,6/15/1998,6:17,"Parkinson, Kristina A",166
ORBBS_604_4,ORBBS,604,4,1994,5/26/1994,6:24,"Handel, Colleen M",146
ORBBS_604_4,ORBBS,604,4,1995,5/12/1995,6:26,"Sotak, Diane L",132
ORBBS_604_4,ORBBS,604,4,1994,5/12/1994,6:32,"Handel, Colleen M",132
ORBBS_604_4,ORBBS,604,4,1993,5/19/1993,6:42,"deZeeuw, Maureen L",139
ORBBS_604_4,ORBBS,604,4,1995,5/9/1995,6:44,"Sotak, Diane L",129
ORBBS_604_4,ORBBS,604,4,1993,5/14/1993,6:48,"deZeeuw, Maureen L",134
ORBBS_604_4,ORBBS,604,4,1993,6/26/1993,6:49,"Handel, Colleen M",177
ORBBS_604_4,ORBBS,604,4,1996,5/13/1996,6:50,"Handel, Colleen M",134
ORBBS_604_4,ORBBS,604,4,1993,5/10/1993,6:59,"deZeeuw, Maureen L",130
ORBBS_604_4,ORBBS,604,4,1994,5/6/1994,7:02,"Handel, Colleen M",126
ORBBS_604_4,ORBBS,604,4,1996,5/7/1996,7:04,"Handel, Colleen M",128
ORBBS_604_4,ORBBS,604,4,1993,5/5/1993,7:22,"deZeeuw, Maureen L",125
ORBBS_604_3,ORBBS,604,3,2001,6/13/2001,5:15,"Cotter, Paul A",164
ORBBS_604_3,ORBBS,604,3,2001,6/19/2001,4:58,"Senner, Nathan R",170
ORBBS_604_3,ORBBS,604,3,2002,6/14/2002,4:01,"Senner, Nathan R",165
ORBBS_604_3,ORBBS,604,3,2002,6/14/2002,5:01,"Cotter, Paul A",165
ORBBS_604_3,ORBBS,604,3,2004,6/15/2004,6:37,"Handel, Colleen M",167
ORBBS_604_3,ORBBS,604,3,2006,6/13/2006,6:23,"Handel, Colleen M",164
ORBBS_604_3,ORBBS,604,3,2008,6/18/2008,5:32,"Handel, Colleen M",170
ORBBS_604_3,ORBBS,604,3,2010,6/11/2010,5:59,"Handel, Colleen M",162
ORBBS_604_3,ORBBS,604,3,2012,6/15/2012,6:05,"Handel, Colleen M",167
ORBBS_604_3,ORBBS,604,3,2014,6/14/2014,5:25,"Handel, Colleen M",165
ORBBS_604_3,ORBBS,604,3,2016,6/12/2016,5:20,"Pajot, Lisa M",164
ORBBS_604_3,ORBBS,604,3,2018,6/15/2018,5:34,"Handel, Colleen M",166
ORBBS_604_3,ORBBS,604,3,2020,6/12/2020,5:40,"Handel, Colleen M",164
ORBBS_604_3,ORBBS,604,3,1995,6/17/1995,4:58,"Sotak, Diane L",168
ORBBS_604_3,ORBBS,604,3,1997,6/13/1997,4:59,"deZeeuw, Maureen L",164
ORBBS_604_3,ORBBS,604,3,2005,6/17/2005,5:00,"deZeeuw, Maureen L",168
ORBBS_604_3,ORBBS,604,3,1994,6/26/1994,5:01,"Ricketts, Julia C",177
ORBBS_604_3,ORBBS,604,3,1993,6/14/1993,5:05,"deZeeuw, Maureen L",165
ORBBS_604_3,ORBBS,604,3,1995,6/22/1995,5:06,"Matsuoka, Steve M",173
ORBBS_604_3,ORBBS,604,3,1996,6/28/1996,5:07,"deZeeuw, Maureen L",180
ORBBS_604_3,ORBBS,604,3,1999,6/15/1999,5:08,"Brelsford, Alan T",166
ORBBS_604_3,ORBBS,604,3,1996,6/12/1996,5:09,"Handel, Colleen M",164
ORBBS_604_3,ORBBS,604,3,1993,6/5/1993,5:10,"Ricketts, Julia C",156
ORBBS_604_3,ORBBS,604,3,1994,6/13/1994,5:18,"deZeeuw, Maureen L",164
ORBBS_604_3,ORBBS,604,3,2000,6/19/2000,5:24,"Handel, Colleen M",171
ORBBS_604_3,ORBBS,604,3,1994,5/31/1994,5:25,"Handel, Colleen M",151
ORBBS_604_3,ORBBS,604,3,1996,5/29/1996,5:28,"Handel, Colleen M",150
ORBBS_604_3,ORBBS,604,3,1995,5/27/1995,5:29,"Sotak, Diane L",147
ORBBS_604_3,ORBBS,604,3,1995,6/2/1995,5:32,"deZeeuw, Maureen L",153
ORBBS_604_3,ORBBS,604,3,1994,5/23/1994,5:37,"Handel, Colleen M",143
ORBBS_604_3,ORBBS,604,3,1998,6/15/1998,5:38,"White, Linda G ",166
ORBBS_604_3,ORBBS,604,3,1996,5/22/1996,5:43,"Handel, Colleen M",143
ORBBS_604_3,ORBBS,604,3,1993,5/28/1993,5:44,"deZeeuw, Maureen L",148
ORBBS_604_3,ORBBS,604,3,1995,5/22/1995,5:46,"Sotak, Diane L",142
ORBBS_604_3,ORBBS,604,3,1993,5/24/1993,5:47,"deZeeuw, Maureen L",144
ORBBS_604_3,ORBBS,604,3,1998,6/15/1998,5:48,"Handel, Colleen M",166
ORBBS_604_3,ORBBS,604,3,1998,6/15/1998,5:48,"Parkinson, Kristina A",166
ORBBS_604_3,ORBBS,604,3,1996,6/7/1996,5:48,"Matsuoka, Steve M",159
ORBBS_604_3,ORBBS,604,3,1994,5/16/1994,5:49,"Handel, Colleen M",136
ORBBS_604_3,ORBBS,604,3,1996,5/17/1996,5:55,"Handel, Colleen M",138
ORBBS_604_3,ORBBS,604,3,1995,5/17/1995,5:56,"Sotak, Diane L",137
ORBBS_604_3,ORBBS,604,3,1994,5/26/1994,5:59,"Handel, Colleen M",146
ORBBS_604_3,ORBBS,604,3,1995,5/12/1995,6:10,"Sotak, Diane L",132
ORBBS_604_3,ORBBS,604,3,1994,5/12/1994,6:12,"Handel, Colleen M",132
ORBBS_604_3,ORBBS,604,3,1994,5/6/1994,6:26,"Handel, Colleen M",126
ORBBS_604_3,ORBBS,604,3,1995,5/9/1995,6:27,"Sotak, Diane L",129
ORBBS_604_3,ORBBS,604,3,1993,6/26/1993,6:27,"Handel, Colleen M",177
ORBBS_604_3,ORBBS,604,3,1993,5/14/1993,6:28,"deZeeuw, Maureen L",134
ORBBS_604_3,ORBBS,604,3,1993,5/19/1993,6:28,"deZeeuw, Maureen L",139
ORBBS_604_3,ORBBS,604,3,1996,5/13/1996,6:29,"Handel, Colleen M",134
ORBBS_604_3,ORBBS,604,3,1993,5/10/1993,6:37,"deZeeuw, Maureen L",130
ORBBS_604_3,ORBBS,604,3,1996,5/7/1996,6:43,"Handel, Colleen M",128
ORBBS_604_3,ORBBS,604,3,1993,5/5/1993,7:10,"deZeeuw, Maureen L",125
ORBBS_604_10,ORBBS,604,10,2001,6/13/2001,7:55,"Cotter, Paul A",164
ORBBS_604_10,ORBBS,604,10,2001,6/19/2001,6:30,"Senner, Nathan R",170
ORBBS_604_10,ORBBS,604,10,2002,6/14/2002,6:56,"Senner, Nathan R",165
ORBBS_604_10,ORBBS,604,10,2002,6/14/2002,6:56,"Cotter, Paul A",165
ORBBS_604_10,ORBBS,604,10,2004,6/15/2004,9:54,"Handel, Colleen M",167
ORBBS_604_10,ORBBS,604,10,2006,6/13/2006,10:22,"Handel, Colleen M",164
ORBBS_604_10,ORBBS,604,10,2008,6/18/2008,9:16,"Handel, Colleen M",170
ORBBS_604_10,ORBBS,604,10,2010,6/11/2010,9:18,"Handel, Colleen M",162
ORBBS_604_10,ORBBS,604,10,2012,6/15/2012,9:02,"Handel, Colleen M",167
ORBBS_604_10,ORBBS,604,10,2014,6/14/2014,8:37,"Handel, Colleen M",165
ORBBS_604_10,ORBBS,604,10,2016,6/12/2016,7:53,"Pajot, Lisa M",164
ORBBS_604_10,ORBBS,604,10,2018,6/15/2018,8:31,"Handel, Colleen M",166
ORBBS_604_10,ORBBS,604,10,2020,6/12/2020,8:45,"Handel, Colleen M",164
ORBBS_604_10,ORBBS,604,10,1997,6/13/1997,6:50,"deZeeuw, Maureen L",164
ORBBS_604_10,ORBBS,604,10,1995,6/17/1995,6:51,"Sotak, Diane L",168
ORBBS_604_10,ORBBS,604,10,1996,6/28/1996,7:03,"deZeeuw, Maureen L",180
ORBBS_604_10,ORBBS,604,10,1993,6/5/1993,7:10,"Ricketts, Julia C",156
ORBBS_604_10,ORBBS,604,10,1993,6/14/1993,7:15,"deZeeuw, Maureen L",165
ORBBS_604_10,ORBBS,604,10,1994,6/13/1994,7:22,"deZeeuw, Maureen L",164
ORBBS_604_10,ORBBS,604,10,2005,6/17/2005,7:22,"deZeeuw, Maureen L",168
ORBBS_604_10,ORBBS,604,10,1995,6/22/1995,7:24,"Matsuoka, Steve M",173
ORBBS_604_10,ORBBS,604,10,1995,5/27/1995,7:27,"Sotak, Diane L",147
ORBBS_604_10,ORBBS,604,10,1999,6/15/1999,7:30,"Brelsford, Alan T",166
ORBBS_604_10,ORBBS,604,10,1994,6/26/1994,7:35,"Ricketts, Julia C",177
ORBBS_604_10,ORBBS,604,10,1995,6/2/1995,7:36,"deZeeuw, Maureen L",153
ORBBS_604_10,ORBBS,604,10,1996,6/12/1996,7:46,"Handel, Colleen M",164
ORBBS_604_10,ORBBS,604,10,1995,5/22/1995,7:46,"Sotak, Diane L",142
ORBBS_604_10,ORBBS,604,10,1993,5/24/1993,7:52,"deZeeuw, Maureen L",144
ORBBS_604_10,ORBBS,604,10,1994,5/23/1994,7:55,"Handel, Colleen M",143
ORBBS_604_10,ORBBS,604,10,1993,5/28/1993,7:56,"deZeeuw, Maureen L",148
ORBBS_604_10,ORBBS,604,10,1994,5/31/1994,7:59,"Handel, Colleen M",151
ORBBS_604_10,ORBBS,604,10,2000,6/19/2000,7:59,"Handel, Colleen M",171
ORBBS_604_10,ORBBS,604,10,1996,5/29/1996,8:08,"Handel, Colleen M",150
ORBBS_604_10,ORBBS,604,10,1996,5/22/1996,8:10,"Handel, Colleen M",143
ORBBS_604_10,ORBBS,604,10,1995,5/17/1995,8:13,"Sotak, Diane L",137
ORBBS_604_10,ORBBS,604,10,1996,5/17/1996,8:18,"Handel, Colleen M",138
ORBBS_604_10,ORBBS,604,10,1994,5/16/1994,8:19,"Handel, Colleen M",136
ORBBS_604_10,ORBBS,604,10,1994,5/26/1994,8:27,"Handel, Colleen M",146
ORBBS_604_10,ORBBS,604,10,1996,6/7/1996,8:27,"Matsuoka, Steve M",159
ORBBS_604_10,ORBBS,604,10,1993,5/19/1993,8:28,"deZeeuw, Maureen L",139
ORBBS_604_10,ORBBS,604,10,1995,5/12/1995,8:34,"Sotak, Diane L",132
ORBBS_604_10,ORBBS,604,10,1993,5/5/1993,8:48,"deZeeuw, Maureen L",125
ORBBS_604_10,ORBBS,604,10,1994,5/6/1994,8:51,"Handel, Colleen M",126
ORBBS_604_10,ORBBS,604,10,1994,5/12/1994,8:51,"Handel, Colleen M",132
ORBBS_604_10,ORBBS,604,10,1993,5/14/1993,8:59,"deZeeuw, Maureen L",134
ORBBS_604_10,ORBBS,604,10,1995,5/9/1995,9:00,"Sotak, Diane L",129
ORBBS_604_10,ORBBS,604,10,1993,5/10/1993,9:06,"deZeeuw, Maureen L",130
ORBBS_604_10,ORBBS,604,10,1993,6/26/1993,9:08,"Handel, Colleen M",177
ORBBS_604_10,ORBBS,604,10,1998,6/15/1998,9:10,"Handel, Colleen M",166
ORBBS_604_10,ORBBS,604,10,1998,6/15/1998,9:10,"White, Linda G ",166
ORBBS_604_10,ORBBS,604,10,1998,6/15/1998,9:10,"Parkinson, Kristina A",166
ORBBS_604_10,ORBBS,604,10,1996,5/7/1996,9:11,"Handel, Colleen M",128
ORBBS_604_10,ORBBS,604,10,1996,5/13/1996,9:12,"Handel, Colleen M",134
ORBBS_601_9,ORBBS,601,9,2001,6/12/2001,6:54,"Cotter, Paul A",163
ORBBS_601_9,ORBBS,601,9,2002,6/19/2002,6:32,"Cotter, Paul A",170
ORBBS_601_9,ORBBS,601,9,2004,6/11/2004,9:04,"Handel, Colleen M",163
ORBBS_601_9,ORBBS,601,9,2006,6/17/2006,7:18,"Van Hemert, Caroline R",168
ORBBS_601_9,ORBBS,601,9,2008,6/17/2008,8:46,"Handel, Colleen M",169
ORBBS_601_9,ORBBS,601,9,2010,6/10/2010,8:01,"Handel, Colleen M",161
ORBBS_601_9,ORBBS,601,9,2012,6/11/2012,8:25,"Handel, Colleen M",163
ORBBS_601_9,ORBBS,601,9,2014,6/12/2014,8:04,"Handel, Colleen M",163
ORBBS_601_9,ORBBS,601,9,2016,6/11/2016,7:33,"Pajot, Lisa M",163
ORBBS_601_9,ORBBS,601,9,2018,6/14/2018,8:20,"Handel, Colleen M",165
ORBBS_601_9,ORBBS,601,9,2020,6/15/2020,7:35,"Handel, Colleen M",167
ORBBS_601_9,ORBBS,601,9,1995,6/28/1995,6:15,"Sotak, Diane L",179
ORBBS_601_9,ORBBS,601,9,1993,7/1/1993,6:20,"deZeeuw, Maureen L",182
ORBBS_601_9,ORBBS,601,9,1996,6/16/1996,6:23,"Ricketts, Julia C",168
ORBBS_601_9,ORBBS,601,9,1999,6/14/1999,6:28,"Handel, Colleen M",165
ORBBS_601_9,ORBBS,601,9,1995,5/29/1995,6:28,"Ricketts, Julia C",149
ORBBS_601_9,ORBBS,601,9,1996,5/30/1996,6:32,"Ricketts, Julia C",151
ORBBS_601_9,ORBBS,601,9,1994,6/26/1994,6:41,"Handel, Colleen M",177
ORBBS_601_9,ORBBS,601,9,1995,6/13/1995,6:42,"Ricketts, Julia C",164
ORBBS_601_9,ORBBS,601,9,1994,6/2/1994,6:44,"deZeeuw, Maureen L",153
ORBBS_601_9,ORBBS,601,9,1993,6/10/1993,6:44,"Ricketts, Julia C",161
ORBBS_601_9,ORBBS,601,9,1994,7/1/1994,6:46,"Ricketts, Julia C",182
ORBBS_601_9,ORBBS,601,9,1993,6/24/1993,6:49,"deZeeuw, Maureen L",175
ORBBS_601_9,ORBBS,601,9,1996,5/20/1996,6:53,"Ricketts, Julia C",141
ORBBS_601_9,ORBBS,601,9,1995,5/22/1995,6:55,"Ricketts, Julia C",142
ORBBS_601_9,ORBBS,601,9,1994,5/29/1994,6:56,"Ricketts, Julia C",149
ORBBS_601_9,ORBBS,601,9,1996,5/24/1996,6:57,"Ricketts, Julia C",145
ORBBS_601_9,ORBBS,601,9,1994,5/24/1994,7:00,"Ricketts, Julia C",144
ORBBS_601_9,ORBBS,601,9,1996,6/21/1996,7:00,"Handel, Colleen M",173
ORBBS_601_9,ORBBS,601,9,1995,6/3/1995,7:01,"Matsuoka, Steve M",154
ORBBS_601_9,ORBBS,601,9,1994,6/15/1994,7:07,"Ricketts, Julia C",166
ORBBS_601_9,ORBBS,601,9,1993,5/28/1993,7:07,"Ricketts, Julia C",148
ORBBS_601_9,ORBBS,601,9,1995,5/16/1995,7:10,"Ricketts, Julia C",136
ORBBS_601_9,ORBBS,601,9,1993,5/18/1993,7:11,"Ricketts, Julia C",138
ORBBS_601_9,ORBBS,601,9,1993,5/23/1993,7:12,"Ricketts, Julia C",143
ORBBS_601_9,ORBBS,601,9,1996,6/5/1996,7:22,"Matsuoka, Steve M",157
ORBBS_601_9,ORBBS,601,9,1996,5/14/1996,7:26,"Ricketts, Julia C",135
ORBBS_601_9,ORBBS,601,9,1993,6/2/1993,7:30,"Matsuoka, Steve M",153
ORBBS_601_9,ORBBS,601,9,1993,5/10/1993,7:32,"Ricketts, Julia C",130
ORBBS_601_9,ORBBS,601,9,1996,5/9/1996,7:34,"Ricketts, Julia C",130
ORBBS_601_9,ORBBS,601,9,1997,6/11/1997,7:35,"Handel, Colleen M",162
ORBBS_601_9,ORBBS,601,9,1995,5/11/1995,7:36,"Ricketts, Julia C",131
ORBBS_601_9,ORBBS,601,9,1995,5/8/1995,7:40,"Ricketts, Julia C",128
ORBBS_601_9,ORBBS,601,9,1994,5/17/1994,7:42,"Ricketts, Julia C",137
ORBBS_601_9,ORBBS,601,9,1993,5/14/1993,7:42,"Ricketts, Julia C",134
ORBBS_601_9,ORBBS,601,9,2000,6/15/2000,8:00,"Handel, Colleen M",167
ORBBS_601_9,ORBBS,601,9,1994,5/12/1994,8:08,"Ricketts, Julia C",132
ORBBS_601_9,ORBBS,601,9,1994,5/9/1994,8:30,"Ricketts, Julia C",129
ORBBS_601_9,ORBBS,601,9,1998,6/10/1998,8:42,"Handel, Colleen M",161
ORBBS_601_9,ORBBS,601,9,1998,6/10/1998,8:42,"Parkinson, Kristina A",161
ORBBS_601_9,ORBBS,601,9,1998,6/10/1998,8:42,"Brelsford, Alan T",161
ORBBS_604_2,ORBBS,604,2,2001,6/13/2001,4:58,"Cotter, Paul A",164
ORBBS_604_2,ORBBS,604,2,2001,6/19/2001,4:47,"Senner, Nathan R",170
ORBBS_604_2,ORBBS,604,2,2002,6/14/2002,4:47,"Senner, Nathan R",165
ORBBS_604_2,ORBBS,604,2,2002,6/14/2002,4:47,"Cotter, Paul A",165
ORBBS_604_2,ORBBS,604,2,2004,6/15/2004,5:47,"Handel, Colleen M",167
ORBBS_604_2,ORBBS,604,2,2006,6/13/2006,5:54,"Handel, Colleen M",164
ORBBS_604_2,ORBBS,604,2,2008,6/18/2008,5:10,"Handel, Colleen M",170
ORBBS_604_2,ORBBS,604,2,2010,6/11/2010,5:32,"Handel, Colleen M",162
ORBBS_604_2,ORBBS,604,2,2012,6/15/2012,5:42,"Handel, Colleen M",167
ORBBS_604_2,ORBBS,604,2,2014,6/14/2014,5:03,"Handel, Colleen M",165
ORBBS_604_2,ORBBS,604,2,2016,6/12/2016,4:24,"Pajot, Lisa M",164
ORBBS_604_2,ORBBS,604,2,2018,6/15/2018,5:09,"Handel, Colleen M",166
ORBBS_604_2,ORBBS,604,2,2020,6/12/2020,5:20,"Handel, Colleen M",164
ORBBS_604_2,ORBBS,604,2,2005,6/17/2005,4:41,"deZeeuw, Maureen L",168
ORBBS_604_2,ORBBS,604,2,1995,6/17/1995,4:42,"Sotak, Diane L",168
ORBBS_604_2,ORBBS,604,2,1997,6/13/1997,4:46,"deZeeuw, Maureen L",164
ORBBS_604_2,ORBBS,604,2,1994,6/26/1994,4:47,"Ricketts, Julia C",177
ORBBS_604_2,ORBBS,604,2,1995,6/22/1995,4:50,"Matsuoka, Steve M",173
ORBBS_604_2,ORBBS,604,2,1996,6/12/1996,4:51,"Handel, Colleen M",164
ORBBS_604_2,ORBBS,604,2,1996,6/28/1996,4:53,"deZeeuw, Maureen L",180
ORBBS_604_2,ORBBS,604,2,1999,6/15/1999,4:55,"Brelsford, Alan T",166
ORBBS_604_2,ORBBS,604,2,1993,6/14/1993,4:55,"deZeeuw, Maureen L",165
ORBBS_604_2,ORBBS,604,2,1993,6/5/1993,4:58,"Ricketts, Julia C",156
ORBBS_604_2,ORBBS,604,2,1994,6/13/1994,4:59,"deZeeuw, Maureen L",164
ORBBS_604_2,ORBBS,604,2,1994,5/31/1994,5:02,"Handel, Colleen M",151
ORBBS_604_2,ORBBS,604,2,1998,6/15/1998,5:07,"Handel, Colleen M",166
ORBBS_604_2,ORBBS,604,2,1998,6/15/1998,5:07,"White, Linda G ",166
ORBBS_604_2,ORBBS,604,2,1998,6/15/1998,5:07,"Parkinson, Kristina A",166
ORBBS_604_2,ORBBS,604,2,2000,6/19/2000,5:09,"Handel, Colleen M",171
ORBBS_604_2,ORBBS,604,2,1996,6/7/1996,5:10,"Matsuoka, Steve M",159
ORBBS_604_2,ORBBS,604,2,1996,5/29/1996,5:12,"Handel, Colleen M",150
ORBBS_604_2,ORBBS,604,2,1995,5/27/1995,5:12,"Sotak, Diane L",147
ORBBS_604_2,ORBBS,604,2,1994,5/23/1994,5:20,"Handel, Colleen M",143
ORBBS_604_2,ORBBS,604,2,1995,6/2/1995,5:20,"deZeeuw, Maureen L",153
ORBBS_604_2,ORBBS,604,2,1994,5/26/1994,5:22,"Handel, Colleen M",146
ORBBS_604_2,ORBBS,604,2,1996,5/22/1996,5:29,"Handel, Colleen M",143
ORBBS_604_2,ORBBS,604,2,1995,5/22/1995,5:29,"Sotak, Diane L",142
ORBBS_604_2,ORBBS,604,2,1994,5/16/1994,5:30,"Handel, Colleen M",136
ORBBS_604_2,ORBBS,604,2,1993,5/24/1993,5:33,"deZeeuw, Maureen L",144
ORBBS_604_2,ORBBS,604,2,1993,5/28/1993,5:33,"deZeeuw, Maureen L",148
ORBBS_604_2,ORBBS,604,2,1996,5/17/1996,5:37,"Handel, Colleen M",138
ORBBS_604_2,ORBBS,604,2,1995,5/17/1995,5:41,"Sotak, Diane L",137
ORBBS_604_2,ORBBS,604,2,1994,5/12/1994,5:51,"Handel, Colleen M",132
ORBBS_604_2,ORBBS,604,2,1995,5/12/1995,5:53,"Sotak, Diane L",132
ORBBS_604_2,ORBBS,604,2,1994,5/6/1994,6:02,"Handel, Colleen M",126
ORBBS_604_2,ORBBS,604,2,1993,6/26/1993,6:06,"Handel, Colleen M",177
ORBBS_604_2,ORBBS,604,2,1996,5/7/1996,6:08,"Handel, Colleen M",128
ORBBS_604_2,ORBBS,604,2,1993,5/19/1993,6:12,"deZeeuw, Maureen L",139
ORBBS_604_2,ORBBS,604,2,1996,5/13/1996,6:13,"Handel, Colleen M",134
ORBBS_604_2,ORBBS,604,2,1995,5/9/1995,6:13,"Sotak, Diane L",129
ORBBS_604_2,ORBBS,604,2,1993,5/14/1993,6:13,"deZeeuw, Maureen L",134
ORBBS_604_2,ORBBS,604,2,1993,5/10/1993,6:19,"deZeeuw, Maureen L",130
ORBBS_604_2,ORBBS,604,2,1993,5/5/1993,7:01,"deZeeuw, Maureen L",125
ORBBS_613_5,ORBBS,613,5,2001,6/21/2001,5:46,"Cotter, Paul A",172
ORBBS_613_5,ORBBS,613,5,2002,6/25/2002,5:23,"Cotter, Paul A",176
ORBBS_613_5,ORBBS,613,5,2006,6/22/2006,6:01,"Van Hemert, Caroline R",173
ORBBS_613_5,ORBBS,613,5,2008,6/24/2008,6:26,"Pajot, Lisa M",176
ORBBS_613_5,ORBBS,613,5,2009,6/26/2009,6:49,"Handel, Colleen M",177
ORBBS_613_5,ORBBS,613,5,2010,6/24/2010,6:05,"Pajot, Lisa M",175
ORBBS_613_5,ORBBS,613,5,2011,6/17/2011,6:03,"Pajot, Lisa M",168
ORBBS_613_5,ORBBS,613,5,2011,6/22/2011,5:48,"Pajot, Lisa M",173
ORBBS_613_5,ORBBS,613,5,2013,6/21/2013,5:47,"Pajot, Lisa M",172
ORBBS_613_5,ORBBS,613,5,2015,6/21/2015,6:17,"Pajot, Lisa M",172
ORBBS_613_5,ORBBS,613,5,2016,6/22/2016,5:47,"Pajot, Lisa M",174
ORBBS_613_5,ORBBS,613,5,2018,6/21/2018,5:52,"Pajot, Lisa M",172
ORBBS_613_5,ORBBS,613,5,2020,6/20/2020,5:59,"Pajot, Lisa M",172
ORBBS_613_5,ORBBS,613,5,2000,6/22/2000,5:41,"Pajot, Lisa M",174
ORBBS_613_5,ORBBS,613,5,1999,6/21/1999,5:55,"Matsuoka, Steve M",172
ORBBS_613_5,ORBBS,613,5,1996,6/19/1996,5:58,"Matsuoka, Steve M",171
ORBBS_613_5,ORBBS,613,5,1994,6/22/1994,6:02,"Matsuoka, Steve M",173
ORBBS_613_5,ORBBS,613,5,1995,6/19/1995,6:13,"Matsuoka, Steve M",170
ORBBS_613_5,ORBBS,613,5,1993,6/21/1993,6:19,"Matsuoka, Steve M",172
ORBBS_613_5,ORBBS,613,5,1997,6/23/1997,6:23,"Handel, Colleen M",174
ORBBS_613_5,ORBBS,613,5,1998,6/23/1998,6:44,"Handel, Colleen M",174
ORBBS_604_9,ORBBS,604,9,2001,6/13/2001,7:41,"Cotter, Paul A",164
ORBBS_604_9,ORBBS,604,9,2001,6/19/2001,6:19,"Senner, Nathan R",170
ORBBS_604_9,ORBBS,604,9,2002,6/14/2002,6:43,"Senner, Nathan R",165
ORBBS_604_9,ORBBS,604,9,2002,6/14/2002,6:43,"Cotter, Paul A",165
ORBBS_604_9,ORBBS,604,9,2004,6/15/2004,9:32,"Handel, Colleen M",167
ORBBS_604_9,ORBBS,604,9,2006,6/13/2006,10:04,"Handel, Colleen M",164
ORBBS_604_9,ORBBS,604,9,2008,6/18/2008,8:50,"Handel, Colleen M",170
ORBBS_604_9,ORBBS,604,9,2010,6/11/2010,8:56,"Handel, Colleen M",162
ORBBS_604_9,ORBBS,604,9,2012,6/15/2012,8:42,"Handel, Colleen M",167
ORBBS_604_9,ORBBS,604,9,2014,6/14/2014,8:12,"Handel, Colleen M",165
ORBBS_604_9,ORBBS,604,9,2016,6/12/2016,7:30,"Pajot, Lisa M",164
ORBBS_604_9,ORBBS,604,9,2018,6/15/2018,8:10,"Handel, Colleen M",166
ORBBS_604_9,ORBBS,604,9,2020,6/12/2020,8:21,"Handel, Colleen M",164
ORBBS_604_9,ORBBS,604,9,1995,6/17/1995,6:38,"Sotak, Diane L",168
ORBBS_604_9,ORBBS,604,9,1997,6/13/1997,6:39,"deZeeuw, Maureen L",164
ORBBS_604_9,ORBBS,604,9,1996,6/28/1996,6:46,"deZeeuw, Maureen L",180
ORBBS_604_9,ORBBS,604,9,1993,6/5/1993,6:59,"Ricketts, Julia C",156
ORBBS_604_9,ORBBS,604,9,1993,6/14/1993,7:04,"deZeeuw, Maureen L",165
ORBBS_604_9,ORBBS,604,9,1994,6/13/1994,7:09,"deZeeuw, Maureen L",164
ORBBS_604_9,ORBBS,604,9,1995,6/22/1995,7:09,"Matsuoka, Steve M",173
ORBBS_604_9,ORBBS,604,9,2005,6/17/2005,7:09,"deZeeuw, Maureen L",168
ORBBS_604_9,ORBBS,604,9,1995,5/27/1995,7:13,"Sotak, Diane L",147
ORBBS_604_9,ORBBS,604,9,1999,6/15/1999,7:16,"Brelsford, Alan T",166
ORBBS_604_9,ORBBS,604,9,1994,6/26/1994,7:20,"Ricketts, Julia C",177
ORBBS_604_9,ORBBS,604,9,1995,6/2/1995,7:21,"deZeeuw, Maureen L",153
ORBBS_604_9,ORBBS,604,9,1996,6/12/1996,7:28,"Handel, Colleen M",164
ORBBS_604_9,ORBBS,604,9,1995,5/22/1995,7:33,"Sotak, Diane L",142
ORBBS_604_9,ORBBS,604,9,1993,5/28/1993,7:35,"deZeeuw, Maureen L",148
ORBBS_604_9,ORBBS,604,9,1994,5/23/1994,7:38,"Handel, Colleen M",143
ORBBS_604_9,ORBBS,604,9,1993,5/24/1993,7:38,"deZeeuw, Maureen L",144
ORBBS_604_9,ORBBS,604,9,2000,6/19/2000,7:40,"Handel, Colleen M",171
ORBBS_604_9,ORBBS,604,9,1994,5/31/1994,7:44,"Handel, Colleen M",151
ORBBS_604_9,ORBBS,604,9,1996,5/29/1996,7:52,"Handel, Colleen M",150
ORBBS_604_9,ORBBS,604,9,1995,5/17/1995,7:56,"Sotak, Diane L",137
ORBBS_604_9,ORBBS,604,9,1996,5/22/1996,7:57,"Handel, Colleen M",143
ORBBS_604_9,ORBBS,604,9,1994,5/16/1994,8:03,"Handel, Colleen M",136
ORBBS_604_9,ORBBS,604,9,1996,5/17/1996,8:03,"Handel, Colleen M",138
ORBBS_604_9,ORBBS,604,9,1993,5/19/1993,8:04,"deZeeuw, Maureen L",139
ORBBS_604_9,ORBBS,604,9,1996,6/7/1996,8:12,"Matsuoka, Steve M",159
ORBBS_604_9,ORBBS,604,9,1994,5/26/1994,8:16,"Handel, Colleen M",146
ORBBS_604_9,ORBBS,604,9,1995,5/12/1995,8:19,"Sotak, Diane L",132
ORBBS_604_9,ORBBS,604,9,1994,5/12/1994,8:33,"Handel, Colleen M",132
ORBBS_604_9,ORBBS,604,9,1993,5/5/1993,8:33,"deZeeuw, Maureen L",125
ORBBS_604_9,ORBBS,604,9,1998,6/15/1998,8:36,"Handel, Colleen M",166
ORBBS_604_9,ORBBS,604,9,1998,6/15/1998,8:36,"White, Linda G ",166
ORBBS_604_9,ORBBS,604,9,1998,6/15/1998,8:36,"Parkinson, Kristina A",166
ORBBS_604_9,ORBBS,604,9,1994,5/6/1994,8:38,"Handel, Colleen M",126
ORBBS_604_9,ORBBS,604,9,1995,5/9/1995,8:44,"Sotak, Diane L",129
ORBBS_604_9,ORBBS,604,9,1993,5/14/1993,8:44,"deZeeuw, Maureen L",134
ORBBS_604_9,ORBBS,604,9,1993,5/10/1993,8:46,"deZeeuw, Maureen L",130
ORBBS_604_9,ORBBS,604,9,1996,5/7/1996,8:48,"Handel, Colleen M",128
ORBBS_604_9,ORBBS,604,9,1993,6/26/1993,8:51,"Handel, Colleen M",177
ORBBS_604_9,ORBBS,604,9,1996,5/13/1996,8:55,"Handel, Colleen M",134
ORBBS_604_1,ORBBS,604,1,2001,6/13/2001,4:40,"Cotter, Paul A",164
ORBBS_604_1,ORBBS,604,1,2001,6/19/2001,4:36,"Senner, Nathan R",170
ORBBS_604_1,ORBBS,604,1,2002,6/14/2002,4:30,"Senner, Nathan R",165
ORBBS_604_1,ORBBS,604,1,2002,6/14/2002,4:30,"Cotter, Paul A",165
ORBBS_604_1,ORBBS,604,1,2004,6/15/2004,5:04,"Handel, Colleen M",167
ORBBS_604_1,ORBBS,604,1,2006,6/13/2006,4:58,"Handel, Colleen M",164
ORBBS_604_1,ORBBS,604,1,2008,6/18/2008,4:50,"Handel, Colleen M",170
ORBBS_604_1,ORBBS,604,1,2010,6/11/2010,5:03,"Handel, Colleen M",162
ORBBS_604_1,ORBBS,604,1,2012,6/15/2012,5:19,"Handel, Colleen M",167
ORBBS_604_1,ORBBS,604,1,2014,6/14/2014,4:39,"Handel, Colleen M",165
ORBBS_604_1,ORBBS,604,1,2016,6/12/2016,4:38,"Pajot, Lisa M",164
ORBBS_604_1,ORBBS,604,1,2018,6/15/2018,4:40,"Handel, Colleen M",166
ORBBS_604_1,ORBBS,604,1,2020,6/12/2020,4:40,"Handel, Colleen M",164
ORBBS_604_1,ORBBS,604,1,2005,6/17/2005,4:23,"deZeeuw, Maureen L",168
ORBBS_604_1,ORBBS,604,1,1995,6/17/1995,4:26,"Sotak, Diane L",168
ORBBS_604_1,ORBBS,604,1,1994,6/26/1994,4:33,"Ricketts, Julia C",177
ORBBS_604_1,ORBBS,604,1,1995,6/22/1995,4:34,"Matsuoka, Steve M",173
ORBBS_604_1,ORBBS,604,1,1998,6/15/1998,4:35,"Handel, Colleen M",166
ORBBS_604_1,ORBBS,604,1,1998,6/15/1998,4:35,"White, Linda G ",166
ORBBS_604_1,ORBBS,604,1,1998,6/15/1998,4:35,"Parkinson, Kristina A",166
ORBBS_604_1,ORBBS,604,1,1997,6/13/1997,4:35,"deZeeuw, Maureen L",164
ORBBS_604_1,ORBBS,604,1,1996,6/12/1996,4:36,"Handel, Colleen M",164
ORBBS_604_1,ORBBS,604,1,1999,6/15/1999,4:38,"Brelsford, Alan T",166
ORBBS_604_1,ORBBS,604,1,1996,6/28/1996,4:39,"deZeeuw, Maureen L",180
ORBBS_604_1,ORBBS,604,1,1993,6/5/1993,4:41,"Ricketts, Julia C",156
ORBBS_604_1,ORBBS,604,1,1993,6/14/1993,4:41,"deZeeuw, Maureen L",165
ORBBS_604_1,ORBBS,604,1,1994,6/13/1994,4:44,"deZeeuw, Maureen L",164
ORBBS_604_1,ORBBS,604,1,1994,5/31/1994,4:45,"Handel, Colleen M",151
ORBBS_604_1,ORBBS,604,1,1996,6/7/1996,4:48,"Matsuoka, Steve M",159
ORBBS_604_1,ORBBS,604,1,2000,6/19/2000,4:48,"Handel, Colleen M",171
ORBBS_604_1,ORBBS,604,1,1995,5/27/1995,4:54,"Sotak, Diane L",147
ORBBS_604_1,ORBBS,604,1,1996,5/29/1996,4:55,"Handel, Colleen M",150
ORBBS_604_1,ORBBS,604,1,1996,5/17/1996,5:00,"Handel, Colleen M",138
ORBBS_604_1,ORBBS,604,1,1995,6/2/1995,5:00,"deZeeuw, Maureen L",153
ORBBS_604_1,ORBBS,604,1,1993,5/28/1993,5:01,"deZeeuw, Maureen L",148
ORBBS_604_1,ORBBS,604,1,1994,5/23/1994,5:02,"Handel, Colleen M",143
ORBBS_604_1,ORBBS,604,1,1994,5/26/1994,5:06,"Handel, Colleen M",146
ORBBS_604_1,ORBBS,604,1,1995,5/22/1995,5:11,"Sotak, Diane L",142
ORBBS_604_1,ORBBS,604,1,1996,5/22/1996,5:13,"Handel, Colleen M",143
ORBBS_604_1,ORBBS,604,1,1994,5/16/1994,5:14,"Handel, Colleen M",136
ORBBS_604_1,ORBBS,604,1,1993,5/24/1993,5:18,"deZeeuw, Maureen L",144
ORBBS_604_1,ORBBS,604,1,1995,5/17/1995,5:23,"Sotak, Diane L",137
ORBBS_604_1,ORBBS,604,1,1994,5/12/1994,5:30,"Handel, Colleen M",132
ORBBS_604_1,ORBBS,604,1,1995,5/12/1995,5:34,"Sotak, Diane L",132
ORBBS_604_1,ORBBS,604,1,1993,6/26/1993,5:46,"Handel, Colleen M",177
ORBBS_604_1,ORBBS,604,1,1996,5/7/1996,5:47,"Handel, Colleen M",128
ORBBS_604_1,ORBBS,604,1,1994,5/6/1994,5:48,"Handel, Colleen M",126
ORBBS_604_1,ORBBS,604,1,1993,5/14/1993,5:50,"deZeeuw, Maureen L",134
ORBBS_604_1,ORBBS,604,1,1996,5/13/1996,5:53,"Handel, Colleen M",134
ORBBS_604_1,ORBBS,604,1,1995,5/9/1995,5:53,"Sotak, Diane L",129
ORBBS_604_1,ORBBS,604,1,1993,5/10/1993,6:00,"deZeeuw, Maureen L",130
ORBBS_604_1,ORBBS,604,1,1993,5/19/1993,6:00,"deZeeuw, Maureen L",139
ORBBS_604_1,ORBBS,604,1,1993,5/5/1993,6:50,"deZeeuw, Maureen L",125
ORBBS_609_7,ORBBS,609,7,2001,6/11/2001,6:16,"Cotter, Paul A",162
ORBBS_609_7,ORBBS,609,7,2001,6/14/2001,5:34,"Senner, Nathan R",165
ORBBS_609_7,ORBBS,609,7,2002,6/11/2002,5:51,"Senner, Nathan R",162
ORBBS_609_7,ORBBS,609,7,2006,6/11/2006,6:32,"Van Hemert, Caroline R",162
ORBBS_609_7,ORBBS,609,7,2008,6/13/2008,7:02,"Pajot, Lisa M",165
ORBBS_609_7,ORBBS,609,7,2009,6/12/2009,7:21,"Handel, Colleen M",163
ORBBS_609_7,ORBBS,609,7,2010,6/11/2010,6:15,"Pajot, Lisa M",162
ORBBS_609_7,ORBBS,609,7,2011,6/11/2011,6:54,"Pajot, Lisa M",162
ORBBS_609_7,ORBBS,609,7,2011,6/18/2011,6:41,"Pajot, Lisa M",169
ORBBS_609_7,ORBBS,609,7,2013,6/11/2013,6:45,"Pajot, Lisa M",162
ORBBS_609_7,ORBBS,609,7,2015,6/11/2015,6:46,"Pajot, Lisa M",162
ORBBS_609_7,ORBBS,609,7,2017,6/11/2017,7:35,"Pajot, Lisa M",162
ORBBS_609_7,ORBBS,609,7,2018,6/10/2018,6:37,"Pajot, Lisa M",161
ORBBS_609_7,ORBBS,609,7,2019,6/10/2019,8:06,"Pajot, Lisa M",161
ORBBS_609_7,ORBBS,609,7,1995,6/11/1995,5:31,"Scher, Robert L",162
ORBBS_609_7,ORBBS,609,7,1994,6/16/1994,5:32,"Scott, Hustace  H",167
ORBBS_609_7,ORBBS,609,7,1993,6/11/1993,5:36,"Scott, Hustace  H",162
ORBBS_609_7,ORBBS,609,7,1993,6/24/1993,5:41,"Scott, Hustace  H",175
ORBBS_609_7,ORBBS,609,7,1993,6/1/1993,5:44,"Scott, Hustace  H",152
ORBBS_609_7,ORBBS,609,7,1994,5/24/1994,5:49,"Scott, Hustace  H",144
ORBBS_609_7,ORBBS,609,7,1994,6/22/1994,5:55,"Scott, Hustace  H",173
ORBBS_609_7,ORBBS,609,7,1994,5/29/1994,5:56,"Scott, Hustace  H",149
ORBBS_609_7,ORBBS,609,7,1997,6/11/1997,5:56,"deZeeuw, Maureen L",162
ORBBS_609_7,ORBBS,609,7,1995,6/25/1995,6:07,"Sotak, Diane L",176
ORBBS_609_7,ORBBS,609,7,1999,6/11/1999,6:26,"Bartecchi, Kristen M",162
ORBBS_609_7,ORBBS,609,7,2000,6/21/2000,6:28,"Senner, Nathan R",173
ORBBS_609_7,ORBBS,609,7,1995,6/2/1995,6:29,"Matsuoka, Steve M",153
ORBBS_609_7,ORBBS,609,7,1994,5/19/1994,6:43,"Scott, Hustace  H",139
ORBBS_609_7,ORBBS,609,7,1995,5/18/1995,6:44,"Sotak, Diane L",138
ORBBS_609_7,ORBBS,609,7,1994,5/5/1994,6:51,"Scott, Hustace  H",125
ORBBS_609_7,ORBBS,609,7,1994,5/8/1994,6:54,"Scott, Hustace  H",128
ORBBS_609_7,ORBBS,609,7,1994,5/13/1994,6:54,"Scott, Hustace  H",133
ORBBS_609_7,ORBBS,609,7,1994,7/1/1994,7:02,"Krajcirik, Lisa M",182
ORBBS_609_7,ORBBS,609,7,1996,6/10/1996,7:22,"Seppi, Bruce E",162
ORBBS_609_7,ORBBS,609,7,1995,5/8/1995,7:23,"Sotak, Diane L",128
ORBBS_609_7,ORBBS,609,7,1998,6/11/1998,7:27,"White, Linda G ",162
ORBBS_609_7,ORBBS,609,7,1998,6/11/1998,7:27,"Troyer, Janice K",162
ORBBS_609_7,ORBBS,609,7,1998,6/11/1998,7:27,"Parkinson, Kristina A",162
ORBBS_609_7,ORBBS,609,7,1998,6/11/1998,7:27,"Handel, Colleen M",162
ORBBS_609_7,ORBBS,609,7,1996,5/20/1996,7:50,"Seppi, Bruce E",141
ORBBS_609_7,ORBBS,609,7,1996,5/13/1996,8:11,"Seppi, Bruce E",134
ORBBS_609_7,ORBBS,609,7,1996,6/3/1996,9:25,"Seppi, Bruce E",155
ORBBS_606_11,ORBBS,606,11,2001,6/15/2001,7:14,"Senner, Nathan R",166
ORBBS_606_11,ORBBS,606,11,2002,6/17/2002,6:30,"Senner, Nathan R",168
ORBBS_606_11,ORBBS,606,11,2004,6/14/2004,9:28,"Handel, Colleen M",166
ORBBS_606_11,ORBBS,606,11,2006,6/17/2006,10:17,"Handel, Colleen M",168
ORBBS_606_11,ORBBS,606,11,2008,6/20/2008,9:20,"Handel, Colleen M",172
ORBBS_606_11,ORBBS,606,11,2010,6/24/2010,10:16,"Handel, Colleen M",175
ORBBS_606_11,ORBBS,606,11,2013,6/19/2013,9:34,"Handel, Colleen M",170
ORBBS_606_11,ORBBS,606,11,2014,6/20/2014,9:04,"Handel, Colleen M",171
ORBBS_606_11,ORBBS,606,11,2016,6/17/2016,9:09,"Handel, Colleen M",169
ORBBS_606_11,ORBBS,606,11,2018,6/26/2018,8:52,"Handel, Colleen M",177
ORBBS_606_11,ORBBS,606,11,2020,6/18/2020,8:46,"Handel, Colleen M",170
ORBBS_606_11,ORBBS,606,11,1995,6/20/1995,6:34,"deZeeuw, Maureen L",171
ORBBS_606_11,ORBBS,606,11,1994,6/12/1994,7:24,"deZeeuw, Maureen L",163
ORBBS_606_11,ORBBS,606,11,1993,6/16/1993,7:37,"deZeeuw, Maureen L",167
ORBBS_606_11,ORBBS,606,11,1999,6/17/1999,7:58,"Handel, Colleen M",168
ORBBS_606_11,ORBBS,606,11,2000,6/20/2000,8:14,"Handel, Colleen M",172
ORBBS_606_11,ORBBS,606,11,1996,6/19/1996,8:41,"Handel, Colleen M",171
ORBBS_606_11,ORBBS,606,11,1997,6/13/1997,8:41,"Handel, Colleen M",164
ORBBS_606_11,ORBBS,606,11,1993,7/1/1993,9:11,"Handel, Colleen M",182
ORBBS_606_11,ORBBS,606,11,1998,6/18/1998,10:01,"Handel, Colleen M",169
ORBBS_609_6,ORBBS,609,6,2001,6/11/2001,6:01,"Cotter, Paul A",162
ORBBS_609_6,ORBBS,609,6,2001,6/14/2001,5:29,"Senner, Nathan R",165
ORBBS_609_6,ORBBS,609,6,2002,6/11/2002,5:38,"Senner, Nathan R",162
ORBBS_609_6,ORBBS,609,6,2006,6/11/2006,6:15,"Van Hemert, Caroline R",162
ORBBS_609_6,ORBBS,609,6,2008,6/13/2008,6:45,"Pajot, Lisa M",165
ORBBS_609_6,ORBBS,609,6,2009,6/12/2009,6:55,"Handel, Colleen M",163
ORBBS_609_6,ORBBS,609,6,2010,6/11/2010,5:57,"Pajot, Lisa M",162
ORBBS_609_6,ORBBS,609,6,2011,6/11/2011,6:34,"Pajot, Lisa M",162
ORBBS_609_6,ORBBS,609,6,2011,6/18/2011,6:20,"Pajot, Lisa M",169
ORBBS_609_6,ORBBS,609,6,2013,6/11/2013,6:29,"Pajot, Lisa M",162
ORBBS_609_6,ORBBS,609,6,2015,6/11/2015,6:29,"Pajot, Lisa M",162
ORBBS_609_6,ORBBS,609,6,2017,6/11/2017,7:20,"Pajot, Lisa M",162
ORBBS_609_6,ORBBS,609,6,2018,6/10/2018,6:20,"Pajot, Lisa M",161
ORBBS_609_6,ORBBS,609,6,2019,6/10/2019,7:47,"Pajot, Lisa M",161
ORBBS_609_6,ORBBS,609,6,1994,6/16/1994,5:23,"Scott, Hustace  H",167
ORBBS_609_6,ORBBS,609,6,1995,6/11/1995,5:23,"Scher, Robert L",162
ORBBS_609_6,ORBBS,609,6,1993,6/11/1993,5:26,"Scott, Hustace  H",162
ORBBS_609_6,ORBBS,609,6,1993,6/24/1993,5:30,"Scott, Hustace  H",175
ORBBS_609_6,ORBBS,609,6,1993,6/1/1993,5:33,"Scott, Hustace  H",152
ORBBS_609_6,ORBBS,609,6,1994,5/24/1994,5:40,"Scott, Hustace  H",144
ORBBS_609_6,ORBBS,609,6,1997,6/11/1997,5:42,"deZeeuw, Maureen L",162
ORBBS_609_6,ORBBS,609,6,1994,5/29/1994,5:44,"Scott, Hustace  H",149
ORBBS_609_6,ORBBS,609,6,1994,6/22/1994,5:46,"Scott, Hustace  H",173
ORBBS_609_6,ORBBS,609,6,1995,6/25/1995,5:52,"Sotak, Diane L",176
ORBBS_609_6,ORBBS,609,6,1995,6/2/1995,6:14,"Matsuoka, Steve M",153
ORBBS_609_6,ORBBS,609,6,1999,6/11/1999,6:15,"Bartecchi, Kristen M",162
ORBBS_609_6,ORBBS,609,6,2000,6/21/2000,6:17,"Senner, Nathan R",173
ORBBS_609_6,ORBBS,609,6,1995,5/18/1995,6:29,"Sotak, Diane L",138
ORBBS_609_6,ORBBS,609,6,1994,7/1/1994,6:29,"Krajcirik, Lisa M",182
ORBBS_609_6,ORBBS,609,6,1994,5/19/1994,6:35,"Scott, Hustace  H",139
ORBBS_609_6,ORBBS,609,6,1994,5/5/1994,6:41,"Scott, Hustace  H",125
ORBBS_609_6,ORBBS,609,6,1994,5/13/1994,6:43,"Scott, Hustace  H",133
ORBBS_609_6,ORBBS,609,6,1994,5/8/1994,6:44,"Scott, Hustace  H",128
ORBBS_609_6,ORBBS,609,6,1998,6/11/1998,6:58,"Handel, Colleen M",162
ORBBS_609_6,ORBBS,609,6,1998,6/11/1998,6:58,"Troyer, Janice K",162
ORBBS_609_6,ORBBS,609,6,1998,6/11/1998,6:58,"White, Linda G ",162
ORBBS_609_6,ORBBS,609,6,1998,6/11/1998,6:58,"Parkinson, Kristina A",162
ORBBS_609_6,ORBBS,609,6,1995,5/8/1995,7:09,"Sotak, Diane L",128
ORBBS_609_6,ORBBS,609,6,1996,6/10/1996,7:09,"Seppi, Bruce E",162
ORBBS_609_6,ORBBS,609,6,1996,5/20/1996,7:43,"Seppi, Bruce E",141
ORBBS_609_6,ORBBS,609,6,1996,5/13/1996,7:53,"Seppi, Bruce E",134
ORBBS_609_6,ORBBS,609,6,1996,6/3/1996,9:12,"Seppi, Bruce E",155
ORBBS_606_12,ORBBS,606,12,2001,6/15/2001,7:25,"Senner, Nathan R",166
ORBBS_606_12,ORBBS,606,12,2002,6/17/2002,6:42,"Senner, Nathan R",168
ORBBS_606_12,ORBBS,606,12,2004,6/14/2004,9:49,"Handel, Colleen M",166
ORBBS_606_12,ORBBS,606,12,2006,6/17/2006,10:37,"Handel, Colleen M",168
ORBBS_606_12,ORBBS,606,12,2008,6/20/2008,9:39,"Handel, Colleen M",172
ORBBS_606_12,ORBBS,606,12,2010,6/24/2010,10:37,"Handel, Colleen M",175
ORBBS_606_12,ORBBS,606,12,2013,6/19/2013,9:52,"Handel, Colleen M",170
ORBBS_606_12,ORBBS,606,12,2014,6/20/2014,9:28,"Handel, Colleen M",171
ORBBS_606_12,ORBBS,606,12,2016,6/17/2016,9:30,"Handel, Colleen M",169
ORBBS_606_12,ORBBS,606,12,2018,6/26/2018,9:10,"Handel, Colleen M",177
ORBBS_606_12,ORBBS,606,12,2020,6/18/2020,9:04,"Handel, Colleen M",170
ORBBS_606_12,ORBBS,606,12,1995,6/20/1995,6:47,"deZeeuw, Maureen L",171
ORBBS_606_12,ORBBS,606,12,1994,6/12/1994,7:36,"deZeeuw, Maureen L",163
ORBBS_606_12,ORBBS,606,12,1993,6/16/1993,7:56,"deZeeuw, Maureen L",167
ORBBS_606_12,ORBBS,606,12,1999,6/17/1999,8:16,"Handel, Colleen M",168
ORBBS_606_12,ORBBS,606,12,2000,6/20/2000,8:32,"Handel, Colleen M",172
ORBBS_606_12,ORBBS,606,12,1997,6/13/1997,8:54,"Handel, Colleen M",164
ORBBS_606_12,ORBBS,606,12,1996,6/19/1996,8:56,"Handel, Colleen M",171
ORBBS_606_12,ORBBS,606,12,1993,7/1/1993,9:24,"Handel, Colleen M",182
ORBBS_606_12,ORBBS,606,12,1998,6/18/1998,10:20,"Handel, Colleen M",169
ORBBS_606_10,ORBBS,606,10,2001,6/15/2001,7:05,"Senner, Nathan R",166
ORBBS_606_10,ORBBS,606,10,2002,6/17/2002,6:16,"Senner, Nathan R",168
ORBBS_606_10,ORBBS,606,10,2004,6/14/2004,9:08,"Handel, Colleen M",166
ORBBS_606_10,ORBBS,606,10,2006,6/17/2006,9:59,"Handel, Colleen M",168
ORBBS_606_10,ORBBS,606,10,2008,6/20/2008,8:59,"Handel, Colleen M",172
ORBBS_606_10,ORBBS,606,10,2010,6/24/2010,9:52,"Handel, Colleen M",175
ORBBS_606_10,ORBBS,606,10,2013,6/19/2013,9:19,"Handel, Colleen M",170
ORBBS_606_10,ORBBS,606,10,2014,6/20/2014,8:38,"Handel, Colleen M",171
ORBBS_606_10,ORBBS,606,10,2016,6/17/2016,8:47,"Handel, Colleen M",169
ORBBS_606_10,ORBBS,606,10,2018,6/26/2018,8:30,"Handel, Colleen M",177
ORBBS_606_10,ORBBS,606,10,2020,6/18/2020,8:28,"Handel, Colleen M",170
ORBBS_606_10,ORBBS,606,10,1995,6/20/1995,6:25,"deZeeuw, Maureen L",171
ORBBS_606_10,ORBBS,606,10,1994,6/12/1994,7:12,"deZeeuw, Maureen L",163
ORBBS_606_10,ORBBS,606,10,1993,6/16/1993,7:23,"deZeeuw, Maureen L",167
ORBBS_606_10,ORBBS,606,10,1999,6/17/1999,7:47,"Handel, Colleen M",168
ORBBS_606_10,ORBBS,606,10,2000,6/20/2000,8:00,"Handel, Colleen M",172
ORBBS_606_10,ORBBS,606,10,1996,6/19/1996,8:26,"Handel, Colleen M",171
ORBBS_606_10,ORBBS,606,10,1997,6/13/1997,8:31,"Handel, Colleen M",164
ORBBS_606_10,ORBBS,606,10,1993,7/1/1993,8:53,"Handel, Colleen M",182
ORBBS_606_10,ORBBS,606,10,1998,6/18/1998,9:42,"Handel, Colleen M",169
ORBBS_609_8,ORBBS,609,8,2001,6/11/2001,6:29,"Cotter, Paul A",162
ORBBS_609_8,ORBBS,609,8,2001,6/14/2001,5:46,"Senner, Nathan R",165
ORBBS_609_8,ORBBS,609,8,2002,6/11/2002,6:09,"Senner, Nathan R",162
ORBBS_609_8,ORBBS,609,8,2006,6/11/2006,6:44,"Van Hemert, Caroline R",162
ORBBS_609_8,ORBBS,609,8,2008,6/13/2008,7:23,"Pajot, Lisa M",165
ORBBS_609_8,ORBBS,609,8,2009,6/12/2009,7:44,"Handel, Colleen M",163
ORBBS_609_8,ORBBS,609,8,2010,6/11/2010,6:32,"Pajot, Lisa M",162
ORBBS_609_8,ORBBS,609,8,2011,6/11/2011,7:16,"Pajot, Lisa M",162
ORBBS_609_8,ORBBS,609,8,2011,6/18/2011,7:04,"Pajot, Lisa M",169
ORBBS_609_8,ORBBS,609,8,2013,6/11/2013,7:05,"Pajot, Lisa M",162
ORBBS_609_8,ORBBS,609,8,2015,6/11/2015,7:04,"Pajot, Lisa M",162
ORBBS_609_8,ORBBS,609,8,2018,6/10/2018,6:57,"Pajot, Lisa M",161
ORBBS_609_8,ORBBS,609,8,2017,6/11/2017,7:52,"Pajot, Lisa M",162
ORBBS_609_8,ORBBS,609,8,2019,6/10/2019,8:28,"Pajot, Lisa M",161
ORBBS_609_8,ORBBS,609,8,1995,6/11/1995,5:40,"Scher, Robert L",162
ORBBS_609_8,ORBBS,609,8,1994,6/16/1994,5:41,"Scott, Hustace  H",167
ORBBS_609_8,ORBBS,609,8,1993,6/11/1993,5:46,"Scott, Hustace  H",162
ORBBS_609_8,ORBBS,609,8,1993,6/24/1993,5:52,"Scott, Hustace  H",175
ORBBS_609_8,ORBBS,609,8,1993,6/1/1993,5:55,"Scott, Hustace  H",152
ORBBS_609_8,ORBBS,609,8,1994,5/24/1994,5:59,"Scott, Hustace  H",144
ORBBS_609_8,ORBBS,609,8,1994,6/22/1994,6:04,"Scott, Hustace  H",173
ORBBS_609_8,ORBBS,609,8,1994,5/29/1994,6:06,"Scott, Hustace  H",149
ORBBS_609_8,ORBBS,609,8,1997,6/11/1997,6:10,"deZeeuw, Maureen L",162
ORBBS_609_8,ORBBS,609,8,1995,6/25/1995,6:20,"Sotak, Diane L",176
ORBBS_609_8,ORBBS,609,8,1995,6/2/1995,6:42,"Matsuoka, Steve M",153
ORBBS_609_8,ORBBS,609,8,1999,6/11/1999,6:43,"Bartecchi, Kristen M",162
ORBBS_609_8,ORBBS,609,8,1994,5/19/1994,6:53,"Scott, Hustace  H",139
ORBBS_609_8,ORBBS,609,8,2000,6/21/2000,6:56,"Senner, Nathan R",173
ORBBS_609_8,ORBBS,609,8,1995,5/18/1995,7:00,"Sotak, Diane L",138
ORBBS_609_8,ORBBS,609,8,1994,5/5/1994,7:01,"Scott, Hustace  H",125
ORBBS_609_8,ORBBS,609,8,1994,5/8/1994,7:05,"Scott, Hustace  H",128
ORBBS_609_8,ORBBS,609,8,1994,5/13/1994,7:06,"Scott, Hustace  H",133
ORBBS_609_8,ORBBS,609,8,1994,7/1/1994,7:16,"Krajcirik, Lisa M",182
ORBBS_609_8,ORBBS,609,8,1996,6/10/1996,7:35,"Seppi, Bruce E",162
ORBBS_609_8,ORBBS,609,8,1995,5/8/1995,7:39,"Sotak, Diane L",128
ORBBS_609_8,ORBBS,609,8,1998,6/11/1998,7:50,"Parkinson, Kristina A",162
ORBBS_609_8,ORBBS,609,8,1998,6/11/1998,7:51,"Handel, Colleen M",162
ORBBS_609_8,ORBBS,609,8,1998,6/11/1998,7:51,"Troyer, Janice K",162
ORBBS_609_8,ORBBS,609,8,1998,6/11/1998,7:51,"White, Linda G ",162
ORBBS_609_8,ORBBS,609,8,1996,5/20/1996,8:08,"Seppi, Bruce E",141
ORBBS_609_8,ORBBS,609,8,1996,5/13/1996,8:25,"Seppi, Bruce E",134
ORBBS_609_8,ORBBS,609,8,1996,6/3/1996,9:37,"Seppi, Bruce E",155
ORBBS_609_5,ORBBS,609,5,2001,6/11/2001,5:49,"Cotter, Paul A",162
ORBBS_609_5,ORBBS,609,5,2001,6/14/2001,5:13,"Senner, Nathan R",165
ORBBS_609_5,ORBBS,609,5,2002,6/11/2002,5:24,"Senner, Nathan R",162
ORBBS_609_5,ORBBS,609,5,2006,6/11/2006,5:58,"Van Hemert, Caroline R",162
ORBBS_609_5,ORBBS,609,5,2008,6/13/2008,6:25,"Pajot, Lisa M",165
ORBBS_609_5,ORBBS,609,5,2009,6/12/2009,6:31,"Handel, Colleen M",163
ORBBS_609_5,ORBBS,609,5,2010,6/11/2010,5:40,"Pajot, Lisa M",162
ORBBS_609_5,ORBBS,609,5,2011,6/11/2011,6:12,"Pajot, Lisa M",162
ORBBS_609_5,ORBBS,609,5,2011,6/18/2011,6:00,"Pajot, Lisa M",169
ORBBS_609_5,ORBBS,609,5,2013,6/11/2013,6:11,"Pajot, Lisa M",162
ORBBS_609_5,ORBBS,609,5,2015,6/11/2015,6:12,"Pajot, Lisa M",162
ORBBS_609_5,ORBBS,609,5,2017,6/11/2017,7:04,"Pajot, Lisa M",162
ORBBS_609_5,ORBBS,609,5,2018,6/10/2018,5:53,"Pajot, Lisa M",161
ORBBS_609_5,ORBBS,609,5,2019,6/10/2019,7:30,"Pajot, Lisa M",161
ORBBS_609_5,ORBBS,609,5,1994,6/16/1994,5:14,"Scott, Hustace  H",167
ORBBS_609_5,ORBBS,609,5,1995,6/11/1995,5:15,"Scher, Robert L",162
ORBBS_609_5,ORBBS,609,5,1993,6/11/1993,5:15,"Scott, Hustace  H",162
ORBBS_609_5,ORBBS,609,5,1993,6/24/1993,5:20,"Scott, Hustace  H",175
ORBBS_609_5,ORBBS,609,5,1993,6/1/1993,5:21,"Scott, Hustace  H",152
ORBBS_609_5,ORBBS,609,5,1997,6/11/1997,5:25,"deZeeuw, Maureen L",162
ORBBS_609_5,ORBBS,609,5,1994,5/24/1994,5:31,"Scott, Hustace  H",144
ORBBS_609_5,ORBBS,609,5,1994,5/29/1994,5:34,"Scott, Hustace  H",149
ORBBS_609_5,ORBBS,609,5,1994,6/22/1994,5:37,"Scott, Hustace  H",173
ORBBS_609_5,ORBBS,609,5,1995,6/25/1995,5:37,"Sotak, Diane L",176
ORBBS_609_5,ORBBS,609,5,1995,6/2/1995,5:59,"Matsuoka, Steve M",153
ORBBS_609_5,ORBBS,609,5,1999,6/11/1999,6:01,"Bartecchi, Kristen M",162
ORBBS_609_5,ORBBS,609,5,2000,6/21/2000,6:06,"Senner, Nathan R",173
ORBBS_609_5,ORBBS,609,5,1994,7/1/1994,6:13,"Krajcirik, Lisa M",182
ORBBS_609_5,ORBBS,609,5,1995,5/18/1995,6:16,"Sotak, Diane L",138
ORBBS_609_5,ORBBS,609,5,1994,5/19/1994,6:26,"Scott, Hustace  H",139
ORBBS_609_5,ORBBS,609,5,1994,5/5/1994,6:30,"Scott, Hustace  H",125
ORBBS_609_5,ORBBS,609,5,1994,5/8/1994,6:32,"Scott, Hustace  H",128
ORBBS_609_5,ORBBS,609,5,1994,5/13/1994,6:33,"Scott, Hustace  H",133
ORBBS_609_5,ORBBS,609,5,1998,6/11/1998,6:36,"Parkinson, Kristina A",162
ORBBS_609_5,ORBBS,609,5,1998,6/11/1998,6:37,"Handel, Colleen M",162
ORBBS_609_5,ORBBS,609,5,1998,6/11/1998,6:37,"Troyer, Janice K",162
ORBBS_609_5,ORBBS,609,5,1998,6/11/1998,6:37,"White, Linda G ",162
ORBBS_609_5,ORBBS,609,5,1995,5/8/1995,6:54,"Sotak, Diane L",128
ORBBS_609_5,ORBBS,609,5,1996,6/10/1996,6:56,"Seppi, Bruce E",162
ORBBS_609_5,ORBBS,609,5,1996,5/20/1996,7:33,"Seppi, Bruce E",141
ORBBS_609_5,ORBBS,609,5,1996,5/13/1996,7:40,"Seppi, Bruce E",134
ORBBS_609_5,ORBBS,609,5,1996,6/3/1996,9:01,"Seppi, Bruce E",155
ORBBS_606_6,ORBBS,606,6,2001,6/15/2001,5:55,"Senner, Nathan R",166
ORBBS_606_6,ORBBS,606,6,2002,6/17/2002,5:23,"Senner, Nathan R",168
ORBBS_606_6,ORBBS,606,6,2004,6/14/2004,7:19,"Handel, Colleen M",166
ORBBS_606_6,ORBBS,606,6,2006,6/17/2006,7:56,"Handel, Colleen M",168
ORBBS_606_6,ORBBS,606,6,2008,6/20/2008,7:01,"Handel, Colleen M",172
ORBBS_606_6,ORBBS,606,6,2010,6/24/2010,7:37,"Handel, Colleen M",175
ORBBS_606_6,ORBBS,606,6,2013,6/19/2013,7:33,"Handel, Colleen M",170
ORBBS_606_6,ORBBS,606,6,2014,6/20/2014,6:30,"Handel, Colleen M",171
ORBBS_606_6,ORBBS,606,6,2016,6/17/2016,6:45,"Handel, Colleen M",169
ORBBS_606_6,ORBBS,606,6,2018,6/26/2018,6:35,"Handel, Colleen M",177
ORBBS_606_6,ORBBS,606,6,2020,6/18/2020,6:48,"Handel, Colleen M",170
ORBBS_606_6,ORBBS,606,6,1995,6/20/1995,5:37,"deZeeuw, Maureen L",171
ORBBS_606_6,ORBBS,606,6,1994,6/12/1994,6:07,"deZeeuw, Maureen L",163
ORBBS_606_6,ORBBS,606,6,1993,6/16/1993,6:13,"deZeeuw, Maureen L",167
ORBBS_606_6,ORBBS,606,6,1999,6/17/1999,6:14,"Handel, Colleen M",168
ORBBS_606_6,ORBBS,606,6,2000,6/20/2000,6:23,"Handel, Colleen M",172
ORBBS_606_6,ORBBS,606,6,1996,6/19/1996,6:34,"Handel, Colleen M",171
ORBBS_606_6,ORBBS,606,6,1997,6/13/1997,6:43,"Handel, Colleen M",164
ORBBS_606_6,ORBBS,606,6,1998,6/18/1998,7:14,"Handel, Colleen M",169
ORBBS_606_6,ORBBS,606,6,1993,7/1/1993,7:14,"Handel, Colleen M",182
ORBBS_606_8,ORBBS,606,8,2001,6/15/2001,6:18,"Senner, Nathan R",166
ORBBS_606_8,ORBBS,606,8,2002,6/17/2002,5:47,"Senner, Nathan R",168
ORBBS_606_8,ORBBS,606,8,2004,6/14/2004,8:09,"Handel, Colleen M",166
ORBBS_606_8,ORBBS,606,8,2006,6/17/2006,8:49,"Handel, Colleen M",168
ORBBS_606_8,ORBBS,606,8,2008,6/20/2008,7:55,"Handel, Colleen M",172
ORBBS_606_8,ORBBS,606,8,2010,6/24/2010,8:39,"Handel, Colleen M",175
ORBBS_606_8,ORBBS,606,8,2013,6/19/2013,8:16,"Handel, Colleen M",170
ORBBS_606_8,ORBBS,606,8,2014,6/20/2014,7:38,"Handel, Colleen M",171
ORBBS_606_8,ORBBS,606,8,2016,6/17/2016,7:42,"Handel, Colleen M",169
ORBBS_606_8,ORBBS,606,8,2018,6/26/2018,7:23,"Handel, Colleen M",177
ORBBS_606_8,ORBBS,606,8,2020,6/18/2020,7:32,"Handel, Colleen M",170
ORBBS_606_8,ORBBS,606,8,1995,6/20/1995,6:01,"deZeeuw, Maureen L",171
ORBBS_606_8,ORBBS,606,8,1994,6/12/1994,6:42,"deZeeuw, Maureen L",163
ORBBS_606_8,ORBBS,606,8,1993,6/16/1993,6:49,"deZeeuw, Maureen L",167
ORBBS_606_8,ORBBS,606,8,1999,6/17/1999,6:52,"Handel, Colleen M",168
ORBBS_606_8,ORBBS,606,8,2000,6/20/2000,7:08,"Handel, Colleen M",172
ORBBS_606_8,ORBBS,606,8,1996,6/19/1996,7:18,"Handel, Colleen M",171
ORBBS_606_8,ORBBS,606,8,1997,6/13/1997,7:30,"Handel, Colleen M",164
ORBBS_606_8,ORBBS,606,8,1993,7/1/1993,7:47,"Handel, Colleen M",182
ORBBS_606_8,ORBBS,606,8,1998,6/18/1998,8:14,"Handel, Colleen M",169
ORBBS_606_9,ORBBS,606,9,2001,6/15/2001,6:49,"Senner, Nathan R",166
ORBBS_606_9,ORBBS,606,9,2002,6/17/2002,6:01,"Senner, Nathan R",168
ORBBS_606_9,ORBBS,606,9,2004,6/14/2004,8:46,"Handel, Colleen M",166
ORBBS_606_9,ORBBS,606,9,2006,6/17/2006,9:40,"Handel, Colleen M",168
ORBBS_606_9,ORBBS,606,9,2008,6/20/2008,8:31,"Handel, Colleen M",172
ORBBS_606_9,ORBBS,606,9,2010,6/24/2010,9:27,"Handel, Colleen M",175
ORBBS_606_9,ORBBS,606,9,2013,6/19/2013,8:52,"Handel, Colleen M",170
ORBBS_606_9,ORBBS,606,9,2014,6/20/2014,8:15,"Handel, Colleen M",171
ORBBS_606_9,ORBBS,606,9,2016,6/17/2016,8:18,"Handel, Colleen M",169
ORBBS_606_9,ORBBS,606,9,2018,6/26/2018,8:06,"Handel, Colleen M",177
ORBBS_606_9,ORBBS,606,9,2020,6/18/2020,8:06,"Handel, Colleen M",170
ORBBS_606_9,ORBBS,606,9,1995,6/20/1995,6:14,"deZeeuw, Maureen L",171
ORBBS_606_9,ORBBS,606,9,1994,6/12/1994,6:57,"deZeeuw, Maureen L",163
ORBBS_606_9,ORBBS,606,9,1993,6/16/1993,7:09,"deZeeuw, Maureen L",167
ORBBS_606_9,ORBBS,606,9,1999,6/17/1999,7:25,"Handel, Colleen M",168
ORBBS_606_9,ORBBS,606,9,2000,6/20/2000,7:32,"Handel, Colleen M",172
ORBBS_606_9,ORBBS,606,9,1996,6/19/1996,7:56,"Handel, Colleen M",171
ORBBS_606_9,ORBBS,606,9,1997,6/13/1997,8:15,"Handel, Colleen M",164
ORBBS_606_9,ORBBS,606,9,1993,7/1/1993,8:24,"Handel, Colleen M",182
ORBBS_606_9,ORBBS,606,9,1998,6/18/1998,9:09,"Handel, Colleen M",169
ORBBS_606_7,ORBBS,606,7,2001,6/15/2001,6:06,"Senner, Nathan R",166
ORBBS_606_7,ORBBS,606,7,2002,6/17/2002,5:35,"Senner, Nathan R",168
ORBBS_606_7,ORBBS,606,7,2004,6/14/2004,7:47,"Handel, Colleen M",166
ORBBS_606_7,ORBBS,606,7,2006,6/17/2006,8:27,"Handel, Colleen M",168
ORBBS_606_7,ORBBS,606,7,2008,6/20/2008,7:28,"Handel, Colleen M",172
ORBBS_606_7,ORBBS,606,7,2010,6/24/2010,8:08,"Handel, Colleen M",175
ORBBS_606_7,ORBBS,606,7,2013,6/19/2013,8:00,"Handel, Colleen M",170
ORBBS_606_7,ORBBS,606,7,2014,6/20/2014,7:08,"Handel, Colleen M",171
ORBBS_606_7,ORBBS,606,7,2016,6/17/2016,7:16,"Handel, Colleen M",169
ORBBS_606_7,ORBBS,606,7,2018,6/26/2018,6:59,"Handel, Colleen M",177
ORBBS_606_7,ORBBS,606,7,2020,6/18/2020,7:12,"Handel, Colleen M",170
ORBBS_606_7,ORBBS,606,7,1995,6/20/1995,5:50,"deZeeuw, Maureen L",171
ORBBS_606_7,ORBBS,606,7,1994,6/12/1994,6:29,"deZeeuw, Maureen L",163
ORBBS_606_7,ORBBS,606,7,1993,6/16/1993,6:32,"deZeeuw, Maureen L",167
ORBBS_606_7,ORBBS,606,7,1999,6/17/1999,6:38,"Handel, Colleen M",168
ORBBS_606_7,ORBBS,606,7,2000,6/20/2000,6:52,"Handel, Colleen M",172
ORBBS_606_7,ORBBS,606,7,1996,6/19/1996,6:58,"Handel, Colleen M",171
ORBBS_606_7,ORBBS,606,7,1997,6/13/1997,7:03,"Handel, Colleen M",164
ORBBS_606_7,ORBBS,606,7,1993,7/1/1993,7:33,"Handel, Colleen M",182
ORBBS_606_7,ORBBS,606,7,1998,6/18/1998,7:51,"Handel, Colleen M",169
ORBBS_609_4,ORBBS,609,4,2001,6/11/2001,5:29,"Cotter, Paul A",162
ORBBS_609_4,ORBBS,609,4,2001,6/14/2001,5:03,"Senner, Nathan R",165
ORBBS_609_4,ORBBS,609,4,2002,6/11/2002,5:11,"Senner, Nathan R",162
ORBBS_609_4,ORBBS,609,4,2006,6/11/2006,5:46,"Van Hemert, Caroline R",162
ORBBS_609_4,ORBBS,609,4,2008,6/13/2008,6:08,"Pajot, Lisa M",165
ORBBS_609_4,ORBBS,609,4,2009,6/12/2009,6:11,"Handel, Colleen M",163
ORBBS_609_4,ORBBS,609,4,2010,6/11/2010,5:25,"Pajot, Lisa M",162
ORBBS_609_4,ORBBS,609,4,2011,6/11/2011,5:53,"Pajot, Lisa M",162
ORBBS_609_4,ORBBS,609,4,2011,6/18/2011,5:40,"Pajot, Lisa M",169
ORBBS_609_4,ORBBS,609,4,2013,6/11/2013,5:44,"Pajot, Lisa M",162
ORBBS_609_4,ORBBS,609,4,2015,6/11/2015,5:57,"Pajot, Lisa M",162
ORBBS_609_4,ORBBS,609,4,2017,6/11/2017,6:49,"Pajot, Lisa M",162
ORBBS_609_4,ORBBS,609,4,2018,6/10/2018,5:37,"Pajot, Lisa M",161
ORBBS_609_4,ORBBS,609,4,2019,6/10/2019,7:16,"Pajot, Lisa M",161
ORBBS_609_4,ORBBS,609,4,1994,6/16/1994,5:05,"Scott, Hustace  H",167
ORBBS_609_4,ORBBS,609,4,1995,6/11/1995,5:06,"Scher, Robert L",162
ORBBS_609_4,ORBBS,609,4,1993,6/11/1993,5:06,"Scott, Hustace  H",162
ORBBS_609_4,ORBBS,609,4,1993,6/24/1993,5:10,"Scott, Hustace  H",175
ORBBS_609_4,ORBBS,609,4,1993,6/1/1993,5:11,"Scott, Hustace  H",152
ORBBS_609_4,ORBBS,609,4,1997,6/11/1997,5:14,"deZeeuw, Maureen L",162
ORBBS_609_4,ORBBS,609,4,1994,5/24/1994,5:22,"Scott, Hustace  H",144
ORBBS_609_4,ORBBS,609,4,1995,6/25/1995,5:23,"Sotak, Diane L",176
ORBBS_609_4,ORBBS,609,4,1994,5/29/1994,5:25,"Scott, Hustace  H",149
ORBBS_609_4,ORBBS,609,4,1994,6/22/1994,5:28,"Scott, Hustace  H",173
ORBBS_609_4,ORBBS,609,4,1999,6/11/1999,5:36,"Bartecchi, Kristen M",162
ORBBS_609_4,ORBBS,609,4,1995,6/2/1995,5:47,"Matsuoka, Steve M",153
ORBBS_609_4,ORBBS,609,4,1994,7/1/1994,5:49,"Krajcirik, Lisa M",182
ORBBS_609_4,ORBBS,609,4,2000,6/21/2000,5:56,"Senner, Nathan R",173
ORBBS_609_4,ORBBS,609,4,1995,5/18/1995,6:03,"Sotak, Diane L",138
ORBBS_609_4,ORBBS,609,4,1998,6/11/1998,6:16,"Handel, Colleen M",162
ORBBS_609_4,ORBBS,609,4,1998,6/11/1998,6:16,"Troyer, Janice K",162
ORBBS_609_4,ORBBS,609,4,1998,6/11/1998,6:16,"White, Linda G ",162
ORBBS_609_4,ORBBS,609,4,1998,6/11/1998,6:16,"Parkinson, Kristina A",162
ORBBS_609_4,ORBBS,609,4,1994,5/19/1994,6:16,"Scott, Hustace  H",139
ORBBS_609_4,ORBBS,609,4,1994,5/5/1994,6:21,"Scott, Hustace  H",125
ORBBS_609_4,ORBBS,609,4,1994,5/8/1994,6:23,"Scott, Hustace  H",128
ORBBS_609_4,ORBBS,609,4,1994,5/13/1994,6:23,"Scott, Hustace  H",133
ORBBS_609_4,ORBBS,609,4,1995,5/8/1995,6:38,"Sotak, Diane L",128
ORBBS_609_4,ORBBS,609,4,1996,6/10/1996,6:47,"Seppi, Bruce E",162
ORBBS_609_4,ORBBS,609,4,1996,5/20/1996,7:24,"Seppi, Bruce E",141
ORBBS_609_4,ORBBS,609,4,1996,5/13/1996,7:28,"Seppi, Bruce E",134
ORBBS_609_4,ORBBS,609,4,1996,6/3/1996,8:49,"Seppi, Bruce E",155
ORBBS_609_3,ORBBS,609,3,2001,6/11/2001,5:16,"Cotter, Paul A",162
ORBBS_609_3,ORBBS,609,3,2001,6/14/2001,4:53,"Senner, Nathan R",165
ORBBS_609_3,ORBBS,609,3,2002,6/11/2002,4:56,"Senner, Nathan R",162
ORBBS_609_3,ORBBS,609,3,2006,6/11/2006,5:26,"Van Hemert, Caroline R",162
ORBBS_609_3,ORBBS,609,3,2008,6/13/2008,5:51,"Pajot, Lisa M",165
ORBBS_609_3,ORBBS,609,3,2009,6/12/2009,5:46,"Handel, Colleen M",163
ORBBS_609_3,ORBBS,609,3,2010,6/11/2010,5:09,"Pajot, Lisa M",162
ORBBS_609_3,ORBBS,609,3,2011,6/11/2011,5:35,"Pajot, Lisa M",162
ORBBS_609_3,ORBBS,609,3,2011,6/18/2011,5:20,"Pajot, Lisa M",169
ORBBS_609_3,ORBBS,609,3,2013,6/11/2013,5:24,"Pajot, Lisa M",162
ORBBS_609_3,ORBBS,609,3,2015,6/11/2015,5:38,"Pajot, Lisa M",162
ORBBS_609_3,ORBBS,609,3,2018,6/10/2018,5:20,"Pajot, Lisa M",161
ORBBS_609_3,ORBBS,609,3,2017,6/11/2017,5:21,"Pajot, Lisa M",162
ORBBS_609_3,ORBBS,609,3,2019,6/10/2019,6:53,"Pajot, Lisa M",161
ORBBS_609_3,ORBBS,609,3,1994,6/16/1994,4:56,"Scott, Hustace  H",167
ORBBS_609_3,ORBBS,609,3,1993,6/11/1993,4:57,"Scott, Hustace  H",162
ORBBS_609_3,ORBBS,609,3,1993,6/24/1993,4:58,"Scott, Hustace  H",175
ORBBS_609_3,ORBBS,609,3,1995,6/11/1995,4:59,"Scher, Robert L",162
ORBBS_609_3,ORBBS,609,3,1997,6/11/1997,4:59,"deZeeuw, Maureen L",162
ORBBS_609_3,ORBBS,609,3,1993,6/1/1993,5:00,"Scott, Hustace  H",152
ORBBS_609_3,ORBBS,609,3,1995,6/25/1995,5:10,"Sotak, Diane L",176
ORBBS_609_3,ORBBS,609,3,1994,5/24/1994,5:13,"Scott, Hustace  H",144
ORBBS_609_3,ORBBS,609,3,1994,5/29/1994,5:15,"Scott, Hustace  H",149
ORBBS_609_3,ORBBS,609,3,1994,6/22/1994,5:19,"Scott, Hustace  H",173
ORBBS_609_3,ORBBS,609,3,1999,6/11/1999,5:20,"Bartecchi, Kristen M",162
ORBBS_609_3,ORBBS,609,3,1995,6/2/1995,5:32,"Matsuoka, Steve M",153
ORBBS_609_3,ORBBS,609,3,1994,7/1/1994,5:33,"Krajcirik, Lisa M",182
ORBBS_609_3,ORBBS,609,3,2000,6/21/2000,5:45,"Senner, Nathan R",173
ORBBS_609_3,ORBBS,609,3,1995,5/18/1995,5:48,"Sotak, Diane L",138
ORBBS_609_3,ORBBS,609,3,1998,6/11/1998,5:53,"Handel, Colleen M",162
ORBBS_609_3,ORBBS,609,3,1998,6/11/1998,5:53,"Troyer, Janice K",162
ORBBS_609_3,ORBBS,609,3,1998,6/11/1998,5:53,"White, Linda G ",162
ORBBS_609_3,ORBBS,609,3,1998,6/11/1998,5:53,"Parkinson, Kristina A",162
ORBBS_609_3,ORBBS,609,3,1994,5/19/1994,6:06,"Scott, Hustace  H",139
ORBBS_609_3,ORBBS,609,3,1994,5/5/1994,6:12,"Scott, Hustace  H",125
ORBBS_609_3,ORBBS,609,3,1994,5/8/1994,6:12,"Scott, Hustace  H",128
ORBBS_609_3,ORBBS,609,3,1994,5/13/1994,6:13,"Scott, Hustace  H",133
ORBBS_609_3,ORBBS,609,3,1995,5/8/1995,6:22,"Sotak, Diane L",128
ORBBS_609_3,ORBBS,609,3,1996,6/10/1996,6:37,"Seppi, Bruce E",162
ORBBS_609_3,ORBBS,609,3,1996,5/20/1996,7:14,"Seppi, Bruce E",141
ORBBS_609_3,ORBBS,609,3,1996,5/13/1996,7:15,"Seppi, Bruce E",134
ORBBS_609_3,ORBBS,609,3,1996,6/3/1996,8:37,"Seppi, Bruce E",155
ORBBS_609_2,ORBBS,609,2,2001,6/11/2001,4:59,"Cotter, Paul A",162
ORBBS_609_2,ORBBS,609,2,2001,6/14/2001,4:42,"Senner, Nathan R",165
ORBBS_609_2,ORBBS,609,2,2002,6/11/2002,4:43,"Senner, Nathan R",162
ORBBS_609_2,ORBBS,609,2,2006,6/11/2006,5:05,"Van Hemert, Caroline R",162
ORBBS_609_2,ORBBS,609,2,2008,6/13/2008,5:33,"Pajot, Lisa M",165
ORBBS_609_2,ORBBS,609,2,2009,6/12/2009,5:16,"Handel, Colleen M",163
ORBBS_609_2,ORBBS,609,2,2010,6/11/2010,4:51,"Pajot, Lisa M",162
ORBBS_609_2,ORBBS,609,2,2011,6/11/2011,5:13,"Pajot, Lisa M",162
ORBBS_609_2,ORBBS,609,2,2011,6/18/2011,4:58,"Pajot, Lisa M",169
ORBBS_609_2,ORBBS,609,2,2013,6/11/2013,5:05,"Pajot, Lisa M",162
ORBBS_609_2,ORBBS,609,2,2015,6/11/2015,5:21,"Pajot, Lisa M",162
ORBBS_609_2,ORBBS,609,2,2017,6/11/2017,4:58,"Pajot, Lisa M",162
ORBBS_609_2,ORBBS,609,2,2018,6/10/2018,5:04,"Pajot, Lisa M",161
ORBBS_609_2,ORBBS,609,2,2019,6/10/2019,6:35,"Pajot, Lisa M",161
ORBBS_609_2,ORBBS,609,2,1994,6/16/1994,4:45,"Scott, Hustace  H",167
ORBBS_609_2,ORBBS,609,2,1993,6/11/1993,4:47,"Scott, Hustace  H",162
ORBBS_609_2,ORBBS,609,2,1993,6/24/1993,4:47,"Scott, Hustace  H",175
ORBBS_609_2,ORBBS,609,2,1993,6/1/1993,4:49,"Scott, Hustace  H",152
ORBBS_609_2,ORBBS,609,2,1997,6/11/1997,4:49,"deZeeuw, Maureen L",162
ORBBS_609_2,ORBBS,609,2,1995,6/11/1995,4:50,"Scher, Robert L",162
ORBBS_609_2,ORBBS,609,2,1995,6/25/1995,4:54,"Sotak, Diane L",176
ORBBS_609_2,ORBBS,609,2,1999,6/11/1999,5:01,"Bartecchi, Kristen M",162
ORBBS_609_2,ORBBS,609,2,1994,5/24/1994,5:04,"Scott, Hustace  H",144
ORBBS_609_2,ORBBS,609,2,1994,5/29/1994,5:05,"Scott, Hustace  H",149
ORBBS_609_2,ORBBS,609,2,1995,6/2/1995,5:06,"Matsuoka, Steve M",153
ORBBS_609_2,ORBBS,609,2,1994,6/22/1994,5:08,"Scott, Hustace  H",173
ORBBS_609_2,ORBBS,609,2,1994,7/1/1994,5:13,"Krajcirik, Lisa M",182
ORBBS_609_2,ORBBS,609,2,1998,6/11/1998,5:20,"Handel, Colleen M",162
ORBBS_609_2,ORBBS,609,2,1998,6/11/1998,5:20,"Troyer, Janice K",162
ORBBS_609_2,ORBBS,609,2,1998,6/11/1998,5:20,"White, Linda G ",162
ORBBS_609_2,ORBBS,609,2,1998,6/11/1998,5:21,"Parkinson, Kristina A",162
ORBBS_609_2,ORBBS,609,2,1995,5/18/1995,5:31,"Sotak, Diane L",138
ORBBS_609_2,ORBBS,609,2,2000,6/21/2000,5:31,"Senner, Nathan R",173
ORBBS_609_2,ORBBS,609,2,1994,5/19/1994,5:56,"Scott, Hustace  H",139
ORBBS_609_2,ORBBS,609,2,1994,5/5/1994,6:02,"Scott, Hustace  H",125
ORBBS_609_2,ORBBS,609,2,1994,5/8/1994,6:02,"Scott, Hustace  H",128
ORBBS_609_2,ORBBS,609,2,1994,5/13/1994,6:03,"Scott, Hustace  H",133
ORBBS_609_2,ORBBS,609,2,1995,5/8/1995,6:07,"Sotak, Diane L",128
ORBBS_609_2,ORBBS,609,2,1996,6/10/1996,6:28,"Seppi, Bruce E",162
ORBBS_609_2,ORBBS,609,2,1996,5/13/1996,7:05,"Seppi, Bruce E",134
ORBBS_609_2,ORBBS,609,2,1996,5/20/1996,7:05,"Seppi, Bruce E",141
ORBBS_609_2,ORBBS,609,2,1996,6/3/1996,8:26,"Seppi, Bruce E",155
ORBBS_606_5,ORBBS,606,5,2001,6/15/2001,5:40,"Senner, Nathan R",166
ORBBS_606_5,ORBBS,606,5,2002,6/17/2002,5:07,"Senner, Nathan R",168
ORBBS_606_5,ORBBS,606,5,2004,6/14/2004,6:45,"Handel, Colleen M",166
ORBBS_606_5,ORBBS,606,5,2006,6/17/2006,7:25,"Handel, Colleen M",168
ORBBS_606_5,ORBBS,606,5,2008,6/20/2008,6:29,"Handel, Colleen M",172
ORBBS_606_5,ORBBS,606,5,2010,6/24/2010,6:51,"Handel, Colleen M",175
ORBBS_606_5,ORBBS,606,5,2013,6/19/2013,7:02,"Handel, Colleen M",170
ORBBS_606_5,ORBBS,606,5,2014,6/20/2014,5:59,"Handel, Colleen M",171
ORBBS_606_5,ORBBS,606,5,2016,6/17/2016,6:13,"Handel, Colleen M",169
ORBBS_606_5,ORBBS,606,5,2018,6/26/2018,6:04,"Handel, Colleen M",177
ORBBS_606_5,ORBBS,606,5,2020,6/18/2020,6:17,"Handel, Colleen M",170
ORBBS_606_5,ORBBS,606,5,1995,6/20/1995,5:20,"deZeeuw, Maureen L",171
ORBBS_606_5,ORBBS,606,5,1993,6/16/1993,5:41,"deZeeuw, Maureen L",167
ORBBS_606_5,ORBBS,606,5,1999,6/17/1999,5:44,"Handel, Colleen M",168
ORBBS_606_5,ORBBS,606,5,1994,6/12/1994,5:51,"deZeeuw, Maureen L",163
ORBBS_606_5,ORBBS,606,5,2000,6/20/2000,5:54,"Handel, Colleen M",172
ORBBS_606_5,ORBBS,606,5,1996,6/19/1996,6:04,"Handel, Colleen M",171
ORBBS_606_5,ORBBS,606,5,1997,6/13/1997,6:11,"Handel, Colleen M",164
ORBBS_606_5,ORBBS,606,5,1998,6/18/1998,6:40,"Handel, Colleen M",169
ORBBS_606_5,ORBBS,606,5,1993,7/1/1993,6:52,"Handel, Colleen M",182
ORBBS_609_9,ORBBS,609,9,2001,6/11/2001,6:53,"Cotter, Paul A",162
ORBBS_609_9,ORBBS,609,9,2001,6/14/2001,6:10,"Senner, Nathan R",165
ORBBS_609_9,ORBBS,609,9,2002,6/11/2002,6:34,"Senner, Nathan R",162
ORBBS_609_9,ORBBS,609,9,2006,6/11/2006,6:58,"Van Hemert, Caroline R",162
ORBBS_609_9,ORBBS,609,9,2008,6/13/2008,7:45,"Pajot, Lisa M",165
ORBBS_609_9,ORBBS,609,9,2009,6/12/2009,8:10,"Handel, Colleen M",163
ORBBS_609_9,ORBBS,609,9,2010,6/11/2010,6:51,"Pajot, Lisa M",162
ORBBS_609_9,ORBBS,609,9,2011,6/11/2011,7:40,"Pajot, Lisa M",162
ORBBS_609_9,ORBBS,609,9,2011,6/18/2011,7:27,"Pajot, Lisa M",169
ORBBS_609_9,ORBBS,609,9,2013,6/11/2013,7:25,"Pajot, Lisa M",162
ORBBS_609_9,ORBBS,609,9,2015,6/11/2015,7:26,"Pajot, Lisa M",162
ORBBS_609_9,ORBBS,609,9,2017,6/11/2017,8:07,"Pajot, Lisa M",162
ORBBS_609_9,ORBBS,609,9,2018,6/10/2018,7:18,"Pajot, Lisa M",161
ORBBS_609_9,ORBBS,609,9,2019,6/10/2019,4:38,"Pajot, Lisa M",161
ORBBS_609_9,ORBBS,609,9,1995,6/11/1995,5:50,"Scher, Robert L",162
ORBBS_609_9,ORBBS,609,9,1994,6/16/1994,5:56,"Scott, Hustace  H",167
ORBBS_609_9,ORBBS,609,9,1993,6/11/1993,5:58,"Scott, Hustace  H",162
ORBBS_609_9,ORBBS,609,9,1993,6/24/1993,6:05,"Scott, Hustace  H",175
ORBBS_609_9,ORBBS,609,9,1993,6/1/1993,6:07,"Scott, Hustace  H",152
ORBBS_609_9,ORBBS,609,9,1994,5/24/1994,6:10,"Scott, Hustace  H",144
ORBBS_609_9,ORBBS,609,9,1994,6/22/1994,6:13,"Scott, Hustace  H",173
ORBBS_609_9,ORBBS,609,9,1994,5/29/1994,6:16,"Scott, Hustace  H",149
ORBBS_609_9,ORBBS,609,9,1997,6/11/1997,6:31,"deZeeuw, Maureen L",162
ORBBS_609_9,ORBBS,609,9,1995,6/25/1995,6:36,"Sotak, Diane L",176
ORBBS_609_9,ORBBS,609,9,1995,6/2/1995,6:59,"Matsuoka, Steve M",153
ORBBS_609_9,ORBBS,609,9,1994,5/19/1994,7:04,"Scott, Hustace  H",139
ORBBS_609_9,ORBBS,609,9,1999,6/11/1999,7:12,"Bartecchi, Kristen M",162
ORBBS_609_9,ORBBS,609,9,1994,5/5/1994,7:12,"Scott, Hustace  H",125
ORBBS_609_9,ORBBS,609,9,2000,6/21/2000,7:12,"Senner, Nathan R",173
ORBBS_609_9,ORBBS,609,9,1994,5/8/1994,7:16,"Scott, Hustace  H",128
ORBBS_609_9,ORBBS,609,9,1995,5/18/1995,7:17,"Sotak, Diane L",138
ORBBS_609_9,ORBBS,609,9,1994,5/13/1994,7:18,"Scott, Hustace  H",133
ORBBS_609_9,ORBBS,609,9,1994,7/1/1994,7:40,"Krajcirik, Lisa M",182
ORBBS_609_9,ORBBS,609,9,1996,6/10/1996,7:48,"Seppi, Bruce E",162
ORBBS_609_9,ORBBS,609,9,1995,5/8/1995,7:56,"Sotak, Diane L",128
ORBBS_609_9,ORBBS,609,9,1996,5/20/1996,8:15,"Seppi, Bruce E",141
ORBBS_609_9,ORBBS,609,9,1998,6/11/1998,8:27,"Handel, Colleen M",162
ORBBS_609_9,ORBBS,609,9,1998,6/11/1998,8:27,"Troyer, Janice K",162
ORBBS_609_9,ORBBS,609,9,1998,6/11/1998,8:27,"White, Linda G ",162
ORBBS_609_9,ORBBS,609,9,1998,6/11/1998,8:27,"Parkinson, Kristina A",162
ORBBS_609_9,ORBBS,609,9,1996,5/13/1996,8:35,"Seppi, Bruce E",134
ORBBS_609_9,ORBBS,609,9,1996,6/3/1996,9:55,"Seppi, Bruce E",155
ORBBS_609_13,ORBBS,609,13,2001,6/11/2001,7:43,"Cotter, Paul A",162
ORBBS_609_13,ORBBS,609,13,2001,6/14/2001,6:56,"Senner, Nathan R",165
ORBBS_609_13,ORBBS,609,13,2002,6/11/2002,7:25,"Senner, Nathan R",162
ORBBS_609_13,ORBBS,609,13,2006,6/11/2006,7:56,"Van Hemert, Caroline R",162
ORBBS_609_13,ORBBS,609,13,2008,6/13/2008,8:56,"Pajot, Lisa M",165
ORBBS_609_13,ORBBS,609,13,2009,6/12/2009,9:47,"Handel, Colleen M",163
ORBBS_609_13,ORBBS,609,13,2010,6/11/2010,7:54,"Pajot, Lisa M",162
ORBBS_609_13,ORBBS,609,13,2011,6/11/2011,8:55,"Pajot, Lisa M",162
ORBBS_609_13,ORBBS,609,13,2011,6/18/2011,8:50,"Pajot, Lisa M",169
ORBBS_609_13,ORBBS,609,13,2013,6/11/2013,8:30,"Pajot, Lisa M",162
ORBBS_609_13,ORBBS,609,13,2015,6/11/2015,8:32,"Pajot, Lisa M",162
ORBBS_609_13,ORBBS,609,13,2017,6/11/2017,9:10,"Pajot, Lisa M",162
ORBBS_609_13,ORBBS,609,13,2018,6/10/2018,8:27,"Pajot, Lisa M",161
ORBBS_609_13,ORBBS,609,13,2019,6/10/2019,5:58,"Pajot, Lisa M",161
ORBBS_609_13,ORBBS,609,13,1995,6/11/1995,6:23,"Scher, Robert L",162
ORBBS_609_13,ORBBS,609,13,1994,6/16/1994,6:39,"Scott, Hustace  H",167
ORBBS_609_13,ORBBS,609,13,1993,6/11/1993,6:48,"Scott, Hustace  H",162
ORBBS_609_13,ORBBS,609,13,1994,5/24/1994,6:50,"Scott, Hustace  H",144
ORBBS_609_13,ORBBS,609,13,1993,6/1/1993,6:52,"Scott, Hustace  H",152
ORBBS_609_13,ORBBS,609,13,1993,6/24/1993,6:52,"Scott, Hustace  H",175
ORBBS_609_13,ORBBS,609,13,1994,6/22/1994,6:53,"Scott, Hustace  H",173
ORBBS_609_13,ORBBS,609,13,1994,5/29/1994,7:08,"Scott, Hustace  H",149
ORBBS_609_13,ORBBS,609,13,1997,6/11/1997,7:25,"deZeeuw, Maureen L",162
ORBBS_609_13,ORBBS,609,13,1995,6/25/1995,7:32,"Sotak, Diane L",176
ORBBS_609_13,ORBBS,609,13,1994,5/19/1994,7:45,"Scott, Hustace  H",139
ORBBS_609_13,ORBBS,609,13,1994,5/5/1994,7:52,"Scott, Hustace  H",125
ORBBS_609_13,ORBBS,609,13,2000,6/21/2000,7:54,"Senner, Nathan R",173
ORBBS_609_13,ORBBS,609,13,1994,5/8/1994,8:02,"Scott, Hustace  H",128
ORBBS_609_13,ORBBS,609,13,1995,6/2/1995,8:10,"Matsuoka, Steve M",153
ORBBS_609_13,ORBBS,609,13,1994,5/13/1994,8:14,"Scott, Hustace  H",133
ORBBS_609_13,ORBBS,609,13,1995,5/18/1995,8:34,"Sotak, Diane L",138
ORBBS_609_13,ORBBS,609,13,1996,6/10/1996,8:35,"Seppi, Bruce E",162
ORBBS_609_13,ORBBS,609,13,1999,6/11/1999,8:40,"Bartecchi, Kristen M",162
ORBBS_609_13,ORBBS,609,13,1996,5/20/1996,8:55,"Seppi, Bruce E",141
ORBBS_609_13,ORBBS,609,13,1995,5/8/1995,9:05,"Sotak, Diane L",128
ORBBS_609_13,ORBBS,609,13,1996,5/13/1996,9:20,"Seppi, Bruce E",134
ORBBS_609_13,ORBBS,609,13,1994,7/1/1994,9:45,"Krajcirik, Lisa M",182
ORBBS_609_13,ORBBS,609,13,1998,6/11/1998,10:23,"Handel, Colleen M",162
ORBBS_609_13,ORBBS,609,13,1998,6/11/1998,10:23,"Troyer, Janice K",162
ORBBS_609_13,ORBBS,609,13,1998,6/11/1998,10:23,"White, Linda G ",162
ORBBS_609_13,ORBBS,609,13,1998,6/11/1998,10:23,"Parkinson, Kristina A",162
ORBBS_609_13,ORBBS,609,13,1996,6/3/1996,10:44,"Seppi, Bruce E",155
ORBBS_606_4,ORBBS,606,4,2001,6/15/2001,5:31,"Senner, Nathan R",166
ORBBS_606_4,ORBBS,606,4,2002,6/17/2002,4:54,"Senner, Nathan R",168
ORBBS_606_4,ORBBS,606,4,2004,6/14/2004,6:16,"Handel, Colleen M",166
ORBBS_606_4,ORBBS,606,4,2006,6/17/2006,6:54,"Handel, Colleen M",168
ORBBS_606_4,ORBBS,606,4,2008,6/20/2008,6:05,"Handel, Colleen M",172
ORBBS_606_4,ORBBS,606,4,2010,6/24/2010,6:24,"Handel, Colleen M",175
ORBBS_606_4,ORBBS,606,4,2013,6/19/2013,6:47,"Handel, Colleen M",170
ORBBS_606_4,ORBBS,606,4,2014,6/20/2014,5:37,"Handel, Colleen M",171
ORBBS_606_4,ORBBS,606,4,2016,6/17/2016,5:49,"Handel, Colleen M",169
ORBBS_606_4,ORBBS,606,4,2018,6/26/2018,5:46,"Handel, Colleen M",177
ORBBS_606_4,ORBBS,606,4,2020,6/18/2020,6:00,"Handel, Colleen M",170
ORBBS_606_4,ORBBS,606,4,1995,6/20/1995,5:05,"deZeeuw, Maureen L",171
ORBBS_606_4,ORBBS,606,4,1993,6/16/1993,5:26,"deZeeuw, Maureen L",167
ORBBS_606_4,ORBBS,606,4,1999,6/17/1999,5:30,"Handel, Colleen M",168
ORBBS_606_4,ORBBS,606,4,2000,6/20/2000,5:36,"Handel, Colleen M",172
ORBBS_606_4,ORBBS,606,4,1994,6/12/1994,5:38,"deZeeuw, Maureen L",163
ORBBS_606_4,ORBBS,606,4,1996,6/19/1996,5:50,"Handel, Colleen M",171
ORBBS_606_4,ORBBS,606,4,1997,6/13/1997,5:54,"Handel, Colleen M",164
ORBBS_606_4,ORBBS,606,4,1998,6/18/1998,6:21,"Handel, Colleen M",169
ORBBS_606_4,ORBBS,606,4,1993,7/1/1993,6:32,"Handel, Colleen M",182
ORBBS_609_12,ORBBS,609,12,2001,6/11/2001,7:33,"Cotter, Paul A",162
ORBBS_609_12,ORBBS,609,12,2001,6/14/2001,6:46,"Senner, Nathan R",165
ORBBS_609_12,ORBBS,609,12,2002,6/11/2002,7:13,"Senner, Nathan R",162
ORBBS_609_12,ORBBS,609,12,2006,6/11/2006,7:36,"Van Hemert, Caroline R",162
ORBBS_609_12,ORBBS,609,12,2008,6/13/2008,8:41,"Pajot, Lisa M",165
ORBBS_609_12,ORBBS,609,12,2009,6/12/2009,9:29,"Handel, Colleen M",163
ORBBS_609_12,ORBBS,609,12,2010,6/11/2010,7:40,"Pajot, Lisa M",162
ORBBS_609_12,ORBBS,609,12,2011,6/11/2011,8:38,"Pajot, Lisa M",162
ORBBS_609_12,ORBBS,609,12,2011,6/18/2011,8:30,"Pajot, Lisa M",169
ORBBS_609_12,ORBBS,609,12,2013,6/11/2013,8:15,"Pajot, Lisa M",162
ORBBS_609_12,ORBBS,609,12,2015,6/11/2015,8:18,"Pajot, Lisa M",162
ORBBS_609_12,ORBBS,609,12,2017,6/11/2017,8:54,"Pajot, Lisa M",162
ORBBS_609_12,ORBBS,609,12,2018,6/10/2018,8:13,"Pajot, Lisa M",161
ORBBS_609_12,ORBBS,609,12,2019,6/10/2019,5:39,"Pajot, Lisa M",161
ORBBS_609_12,ORBBS,609,12,1995,6/11/1995,6:16,"Scher, Robert L",162
ORBBS_609_12,ORBBS,609,12,1994,6/16/1994,6:29,"Scott, Hustace  H",167
ORBBS_609_12,ORBBS,609,12,1993,6/11/1993,6:40,"Scott, Hustace  H",162
ORBBS_609_12,ORBBS,609,12,1993,6/24/1993,6:40,"Scott, Hustace  H",175
ORBBS_609_12,ORBBS,609,12,1994,5/24/1994,6:42,"Scott, Hustace  H",144
ORBBS_609_12,ORBBS,609,12,1994,6/22/1994,6:43,"Scott, Hustace  H",173
ORBBS_609_12,ORBBS,609,12,1993,6/1/1993,6:43,"Scott, Hustace  H",152
ORBBS_609_12,ORBBS,609,12,1994,5/29/1994,6:54,"Scott, Hustace  H",149
ORBBS_609_12,ORBBS,609,12,1997,6/11/1997,7:10,"deZeeuw, Maureen L",162
ORBBS_609_12,ORBBS,609,12,1995,6/25/1995,7:20,"Sotak, Diane L",176
ORBBS_609_12,ORBBS,609,12,1994,5/19/1994,7:36,"Scott, Hustace  H",139
ORBBS_609_12,ORBBS,609,12,1994,5/5/1994,7:41,"Scott, Hustace  H",125
ORBBS_609_12,ORBBS,609,12,2000,6/21/2000,7:44,"Senner, Nathan R",173
ORBBS_609_12,ORBBS,609,12,1994,5/8/1994,7:54,"Scott, Hustace  H",128
ORBBS_609_12,ORBBS,609,12,1995,6/2/1995,7:56,"Matsuoka, Steve M",153
ORBBS_609_12,ORBBS,609,12,1994,5/13/1994,8:05,"Scott, Hustace  H",133
ORBBS_609_12,ORBBS,609,12,1999,6/11/1999,8:12,"Bartecchi, Kristen M",162
ORBBS_609_12,ORBBS,609,12,1995,5/18/1995,8:20,"Sotak, Diane L",138
ORBBS_609_12,ORBBS,609,12,1996,6/10/1996,8:24,"Seppi, Bruce E",162
ORBBS_609_12,ORBBS,609,12,1996,5/20/1996,8:45,"Seppi, Bruce E",141
ORBBS_609_12,ORBBS,609,12,1995,5/8/1995,8:51,"Sotak, Diane L",128
ORBBS_609_12,ORBBS,609,12,1996,5/13/1996,9:10,"Seppi, Bruce E",134
ORBBS_609_12,ORBBS,609,12,1994,7/1/1994,9:35,"Krajcirik, Lisa M",182
ORBBS_609_12,ORBBS,609,12,1998,6/11/1998,9:49,"Handel, Colleen M",162
ORBBS_609_12,ORBBS,609,12,1998,6/11/1998,9:49,"Troyer, Janice K",162
ORBBS_609_12,ORBBS,609,12,1998,6/11/1998,9:49,"White, Linda G ",162
ORBBS_609_12,ORBBS,609,12,1998,6/11/1998,9:50,"Parkinson, Kristina A",162
ORBBS_609_12,ORBBS,609,12,1996,6/3/1996,10:32,"Seppi, Bruce E",155
ORBBS_606_3,ORBBS,606,3,2001,6/15/2001,5:20,"Senner, Nathan R",166
ORBBS_606_3,ORBBS,606,3,2002,6/17/2002,4:43,"Senner, Nathan R",168
ORBBS_606_3,ORBBS,606,3,2004,6/14/2004,5:47,"Handel, Colleen M",166
ORBBS_606_3,ORBBS,606,3,2006,6/17/2006,6:11,"Handel, Colleen M",168
ORBBS_606_3,ORBBS,606,3,2008,6/20/2008,5:37,"Handel, Colleen M",172
ORBBS_606_3,ORBBS,606,3,2010,6/24/2010,6:00,"Handel, Colleen M",175
ORBBS_606_3,ORBBS,606,3,2013,6/19/2013,6:24,"Handel, Colleen M",170
ORBBS_606_3,ORBBS,606,3,2014,6/20/2014,5:14,"Handel, Colleen M",171
ORBBS_606_3,ORBBS,606,3,2016,6/17/2016,5:22,"Handel, Colleen M",169
ORBBS_606_3,ORBBS,606,3,2018,6/26/2018,5:24,"Handel, Colleen M",177
ORBBS_606_3,ORBBS,606,3,2020,6/18/2020,5:34,"Handel, Colleen M",170
ORBBS_606_3,ORBBS,606,3,1995,6/20/1995,4:49,"deZeeuw, Maureen L",171
ORBBS_606_3,ORBBS,606,3,1993,6/16/1993,5:01,"deZeeuw, Maureen L",167
ORBBS_606_3,ORBBS,606,3,1999,6/17/1999,5:12,"Handel, Colleen M",168
ORBBS_606_3,ORBBS,606,3,2000,6/20/2000,5:19,"Handel, Colleen M",172
ORBBS_606_3,ORBBS,606,3,1994,6/12/1994,5:23,"deZeeuw, Maureen L",163
ORBBS_606_3,ORBBS,606,3,1996,6/19/1996,5:23,"Handel, Colleen M",171
ORBBS_606_3,ORBBS,606,3,1997,6/13/1997,5:36,"Handel, Colleen M",164
ORBBS_606_3,ORBBS,606,3,1998,6/18/1998,5:42,"Handel, Colleen M",169
ORBBS_606_3,ORBBS,606,3,1993,7/1/1993,6:02,"Handel, Colleen M",182
ORBBS_609_1,ORBBS,609,1,2001,6/11/2001,4:42,"Cotter, Paul A",162
ORBBS_609_1,ORBBS,609,1,2001,6/14/2001,4:31,"Senner, Nathan R",165
ORBBS_609_1,ORBBS,609,1,2002,6/11/2002,4:28,"Senner, Nathan R",162
ORBBS_609_1,ORBBS,609,1,2006,6/11/2006,4:40,"Van Hemert, Caroline R",162
ORBBS_609_1,ORBBS,609,1,2008,6/13/2008,5:00,"Pajot, Lisa M",165
ORBBS_609_1,ORBBS,609,1,2009,6/12/2009,4:45,"Handel, Colleen M",163
ORBBS_609_1,ORBBS,609,1,2010,6/11/2010,4:33,"Pajot, Lisa M",162
ORBBS_609_1,ORBBS,609,1,2011,6/11/2011,4:53,"Pajot, Lisa M",162
ORBBS_609_1,ORBBS,609,1,2011,6/18/2011,4:37,"Pajot, Lisa M",169
ORBBS_609_1,ORBBS,609,1,2013,6/11/2013,4:45,"Pajot, Lisa M",162
ORBBS_609_1,ORBBS,609,1,2015,6/11/2015,5:01,"Pajot, Lisa M",162
ORBBS_609_1,ORBBS,609,1,2017,6/11/2017,4:38,"Pajot, Lisa M",162
ORBBS_609_1,ORBBS,609,1,2018,6/10/2018,4:44,"Pajot, Lisa M",161
ORBBS_609_1,ORBBS,609,1,2019,6/10/2019,6:19,"Pajot, Lisa M",161
ORBBS_609_1,ORBBS,609,1,1995,6/25/1995,4:28,"Sotak, Diane L",176
ORBBS_609_1,ORBBS,609,1,1994,7/1/1994,4:32,"Krajcirik, Lisa M",182
ORBBS_609_1,ORBBS,609,1,1993,6/11/1993,4:34,"Scott, Hustace  H",162
ORBBS_609_1,ORBBS,609,1,1994,6/16/1994,4:35,"Scott, Hustace  H",167
ORBBS_609_1,ORBBS,609,1,1993,6/1/1993,4:36,"Scott, Hustace  H",152
ORBBS_609_1,ORBBS,609,1,1993,6/24/1993,4:37,"Scott, Hustace  H",175
ORBBS_609_1,ORBBS,609,1,1997,6/11/1997,4:39,"deZeeuw, Maureen L",162
ORBBS_609_1,ORBBS,609,1,1995,6/11/1995,4:41,"Scher, Robert L",162
ORBBS_609_1,ORBBS,609,1,1999,6/11/1999,4:45,"Bartecchi, Kristen M",162
ORBBS_609_1,ORBBS,609,1,1998,6/11/1998,4:45,"Handel, Colleen M",162
ORBBS_609_1,ORBBS,609,1,1998,6/11/1998,4:45,"Troyer, Janice K",162
ORBBS_609_1,ORBBS,609,1,1998,6/11/1998,4:45,"White, Linda G ",162
ORBBS_609_1,ORBBS,609,1,1995,6/2/1995,4:45,"Matsuoka, Steve M",153
ORBBS_609_1,ORBBS,609,1,1998,6/11/1998,4:47,"Parkinson, Kristina A",162
ORBBS_609_1,ORBBS,609,1,1994,5/24/1994,4:54,"Scott, Hustace  H",144
ORBBS_609_1,ORBBS,609,1,1994,5/29/1994,4:55,"Scott, Hustace  H",149
ORBBS_609_1,ORBBS,609,1,1994,6/22/1994,4:58,"Scott, Hustace  H",173
ORBBS_609_1,ORBBS,609,1,1995,5/18/1995,5:15,"Sotak, Diane L",138
ORBBS_609_1,ORBBS,609,1,2000,6/21/2000,5:20,"Senner, Nathan R",173
ORBBS_609_1,ORBBS,609,1,1994,5/19/1994,5:46,"Scott, Hustace  H",139
ORBBS_609_1,ORBBS,609,1,1994,5/13/1994,5:47,"Scott, Hustace  H",133
ORBBS_609_1,ORBBS,609,1,1994,5/8/1994,5:48,"Scott, Hustace  H",128
ORBBS_609_1,ORBBS,609,1,1995,5/8/1995,5:49,"Sotak, Diane L",128
ORBBS_609_1,ORBBS,609,1,1994,5/5/1994,5:50,"Scott, Hustace  H",125
ORBBS_609_1,ORBBS,609,1,1996,6/10/1996,6:15,"Seppi, Bruce E",162
ORBBS_609_1,ORBBS,609,1,1996,5/13/1996,6:51,"Seppi, Bruce E",134
ORBBS_609_1,ORBBS,609,1,1996,5/20/1996,6:53,"Seppi, Bruce E",141
ORBBS_609_1,ORBBS,609,1,1996,6/3/1996,8:07,"Seppi, Bruce E",155
ORBBS_606_2,ORBBS,606,2,2001,6/15/2001,5:00,"Senner, Nathan R",166
ORBBS_606_2,ORBBS,606,2,2002,6/17/2002,4:30,"Senner, Nathan R",168
ORBBS_606_2,ORBBS,606,2,2004,6/14/2004,5:25,"Handel, Colleen M",166
ORBBS_606_2,ORBBS,606,2,2006,6/17/2006,5:49,"Handel, Colleen M",168
ORBBS_606_2,ORBBS,606,2,2008,6/20/2008,5:16,"Handel, Colleen M",172
ORBBS_606_2,ORBBS,606,2,2010,6/24/2010,5:28,"Handel, Colleen M",175
ORBBS_606_2,ORBBS,606,2,2013,6/19/2013,6:03,"Handel, Colleen M",170
ORBBS_606_2,ORBBS,606,2,2014,6/20/2014,4:51,"Handel, Colleen M",171
ORBBS_606_2,ORBBS,606,2,2016,6/17/2016,4:54,"Handel, Colleen M",169
ORBBS_606_2,ORBBS,606,2,2018,6/26/2018,4:54,"Handel, Colleen M",177
ORBBS_606_2,ORBBS,606,2,2020,6/18/2020,5:08,"Handel, Colleen M",170
ORBBS_606_2,ORBBS,606,2,1995,6/20/1995,4:38,"deZeeuw, Maureen L",171
ORBBS_606_2,ORBBS,606,2,1993,6/16/1993,4:46,"deZeeuw, Maureen L",167
ORBBS_606_2,ORBBS,606,2,1999,6/17/1999,4:56,"Handel, Colleen M",168
ORBBS_606_2,ORBBS,606,2,1996,6/19/1996,5:02,"Handel, Colleen M",171
ORBBS_606_2,ORBBS,606,2,2000,6/20/2000,5:04,"Handel, Colleen M",172
ORBBS_606_2,ORBBS,606,2,1994,6/12/1994,5:08,"deZeeuw, Maureen L",163
ORBBS_606_2,ORBBS,606,2,1997,6/13/1997,5:09,"Handel, Colleen M",164
ORBBS_606_2,ORBBS,606,2,1998,6/18/1998,5:13,"Handel, Colleen M",169
ORBBS_606_2,ORBBS,606,2,1993,7/1/1993,5:47,"Handel, Colleen M",182
ORBBS_609_10,ORBBS,609,10,2001,6/11/2001,7:04,"Cotter, Paul A",162
ORBBS_609_10,ORBBS,609,10,2001,6/14/2001,6:20,"Senner, Nathan R",165
ORBBS_609_10,ORBBS,609,10,2002,6/11/2002,6:45,"Senner, Nathan R",162
ORBBS_609_10,ORBBS,609,10,2006,6/11/2006,7:08,"Van Hemert, Caroline R",162
ORBBS_609_10,ORBBS,609,10,2008,6/13/2008,8:01,"Pajot, Lisa M",165
ORBBS_609_10,ORBBS,609,10,2009,6/12/2009,8:46,"Handel, Colleen M",163
ORBBS_609_10,ORBBS,609,10,2010,6/11/2010,7:06,"Pajot, Lisa M",162
ORBBS_609_10,ORBBS,609,10,2011,6/11/2011,7:58,"Pajot, Lisa M",162
ORBBS_609_10,ORBBS,609,10,2011,6/18/2011,7:45,"Pajot, Lisa M",169
ORBBS_609_10,ORBBS,609,10,2013,6/11/2013,7:41,"Pajot, Lisa M",162
ORBBS_609_10,ORBBS,609,10,2015,6/11/2015,7:42,"Pajot, Lisa M",162
ORBBS_609_10,ORBBS,609,10,2017,6/11/2017,8:21,"Pajot, Lisa M",162
ORBBS_609_10,ORBBS,609,10,2018,6/10/2018,7:35,"Pajot, Lisa M",161
ORBBS_609_10,ORBBS,609,10,2019,6/10/2019,4:55,"Pajot, Lisa M",161
ORBBS_609_10,ORBBS,609,10,1995,6/11/1995,5:58,"Scher, Robert L",162
ORBBS_609_10,ORBBS,609,10,1994,6/16/1994,6:04,"Scott, Hustace  H",167
ORBBS_609_10,ORBBS,609,10,1993,6/11/1993,6:07,"Scott, Hustace  H",162
ORBBS_609_10,ORBBS,609,10,1993,6/24/1993,6:15,"Scott, Hustace  H",175
ORBBS_609_10,ORBBS,609,10,1993,6/1/1993,6:16,"Scott, Hustace  H",152
ORBBS_609_10,ORBBS,609,10,1994,5/24/1994,6:19,"Scott, Hustace  H",144
ORBBS_609_10,ORBBS,609,10,1994,6/22/1994,6:22,"Scott, Hustace  H",173
ORBBS_609_10,ORBBS,609,10,1994,5/29/1994,6:27,"Scott, Hustace  H",149
ORBBS_609_10,ORBBS,609,10,1997,6/11/1997,6:41,"deZeeuw, Maureen L",162
ORBBS_609_10,ORBBS,609,10,1995,6/25/1995,6:50,"Sotak, Diane L",176
ORBBS_609_10,ORBBS,609,10,1995,6/2/1995,7:13,"Matsuoka, Steve M",153
ORBBS_609_10,ORBBS,609,10,1994,5/19/1994,7:15,"Scott, Hustace  H",139
ORBBS_609_10,ORBBS,609,10,1994,5/5/1994,7:21,"Scott, Hustace  H",125
ORBBS_609_10,ORBBS,609,10,2000,6/21/2000,7:21,"Senner, Nathan R",173
ORBBS_609_10,ORBBS,609,10,1994,5/8/1994,7:28,"Scott, Hustace  H",128
ORBBS_609_10,ORBBS,609,10,1994,5/13/1994,7:30,"Scott, Hustace  H",133
ORBBS_609_10,ORBBS,609,10,1995,5/18/1995,7:31,"Sotak, Diane L",138
ORBBS_609_10,ORBBS,609,10,1999,6/11/1999,7:42,"Bartecchi, Kristen M",162
ORBBS_609_10,ORBBS,609,10,1996,6/10/1996,7:57,"Seppi, Bruce E",162
ORBBS_609_10,ORBBS,609,10,1995,5/8/1995,8:14,"Sotak, Diane L",128
ORBBS_609_10,ORBBS,609,10,1994,7/1/1994,8:18,"Krajcirik, Lisa M",182
ORBBS_609_10,ORBBS,609,10,1996,5/20/1996,8:25,"Seppi, Bruce E",141
ORBBS_609_10,ORBBS,609,10,1996,5/13/1996,8:44,"Seppi, Bruce E",134
ORBBS_609_10,ORBBS,609,10,1998,6/11/1998,8:52,"Handel, Colleen M",162
ORBBS_609_10,ORBBS,609,10,1998,6/11/1998,8:52,"Troyer, Janice K",162
ORBBS_609_10,ORBBS,609,10,1998,6/11/1998,8:52,"White, Linda G ",162
ORBBS_609_10,ORBBS,609,10,1998,6/11/1998,8:52,"Parkinson, Kristina A",162
ORBBS_609_10,ORBBS,609,10,1996,6/3/1996,10:04,"Seppi, Bruce E",155
ORBBS_609_11,ORBBS,609,11,2001,6/11/2001,7:14,"Cotter, Paul A",162
ORBBS_609_11,ORBBS,609,11,2001,6/14/2001,6:31,"Senner, Nathan R",165
ORBBS_609_11,ORBBS,609,11,2002,6/11/2002,6:58,"Senner, Nathan R",162
ORBBS_609_11,ORBBS,609,11,2006,6/11/2006,7:23,"Van Hemert, Caroline R",162
ORBBS_609_11,ORBBS,609,11,2008,6/13/2008,8:18,"Pajot, Lisa M",165
ORBBS_609_11,ORBBS,609,11,2009,6/12/2009,9:06,"Handel, Colleen M",163
ORBBS_609_11,ORBBS,609,11,2010,6/11/2010,7:21,"Pajot, Lisa M",162
ORBBS_609_11,ORBBS,609,11,2011,6/11/2011,8:16,"Pajot, Lisa M",162
ORBBS_609_11,ORBBS,609,11,2011,6/18/2011,8:03,"Pajot, Lisa M",169
ORBBS_609_11,ORBBS,609,11,2013,6/11/2013,7:57,"Pajot, Lisa M",162
ORBBS_609_11,ORBBS,609,11,2015,6/11/2015,7:57,"Pajot, Lisa M",162
ORBBS_609_11,ORBBS,609,11,2017,6/11/2017,8:35,"Pajot, Lisa M",162
ORBBS_609_11,ORBBS,609,11,2018,6/10/2018,7:52,"Pajot, Lisa M",161
ORBBS_609_11,ORBBS,609,11,2019,6/10/2019,5:16,"Pajot, Lisa M",161
ORBBS_609_11,ORBBS,609,11,1995,6/11/1995,6:06,"Scher, Robert L",162
ORBBS_609_11,ORBBS,609,11,1994,6/16/1994,6:15,"Scott, Hustace  H",167
ORBBS_609_11,ORBBS,609,11,1993,6/24/1993,6:25,"Scott, Hustace  H",175
ORBBS_609_11,ORBBS,609,11,1993,6/11/1993,6:26,"Scott, Hustace  H",162
ORBBS_609_11,ORBBS,609,11,1993,6/1/1993,6:28,"Scott, Hustace  H",152
ORBBS_609_11,ORBBS,609,11,1994,5/24/1994,6:29,"Scott, Hustace  H",144
ORBBS_609_11,ORBBS,609,11,1994,6/22/1994,6:33,"Scott, Hustace  H",173
ORBBS_609_11,ORBBS,609,11,1994,5/29/1994,6:40,"Scott, Hustace  H",149
ORBBS_609_11,ORBBS,609,11,1997,6/11/1997,6:55,"deZeeuw, Maureen L",162
ORBBS_609_11,ORBBS,609,11,1995,6/25/1995,7:04,"Sotak, Diane L",176
ORBBS_609_11,ORBBS,609,11,1994,5/19/1994,7:26,"Scott, Hustace  H",139
ORBBS_609_11,ORBBS,609,11,1994,5/5/1994,7:31,"Scott, Hustace  H",125
ORBBS_609_11,ORBBS,609,11,2000,6/21/2000,7:32,"Senner, Nathan R",173
ORBBS_609_11,ORBBS,609,11,1995,6/2/1995,7:35,"Matsuoka, Steve M",153
ORBBS_609_11,ORBBS,609,11,1994,5/8/1994,7:40,"Scott, Hustace  H",128
ORBBS_609_11,ORBBS,609,11,1994,5/13/1994,7:42,"Scott, Hustace  H",133
ORBBS_609_11,ORBBS,609,11,1995,5/18/1995,7:47,"Sotak, Diane L",138
ORBBS_609_11,ORBBS,609,11,1999,6/11/1999,7:55,"Bartecchi, Kristen M",162
ORBBS_609_11,ORBBS,609,11,1996,6/10/1996,8:07,"Seppi, Bruce E",162
ORBBS_609_11,ORBBS,609,11,1995,5/8/1995,8:29,"Sotak, Diane L",128
ORBBS_609_11,ORBBS,609,11,1996,5/20/1996,8:32,"Seppi, Bruce E",141
ORBBS_609_11,ORBBS,609,11,1996,5/13/1996,8:55,"Seppi, Bruce E",134
ORBBS_609_11,ORBBS,609,11,1998,6/11/1998,9:24,"Handel, Colleen M",162
ORBBS_609_11,ORBBS,609,11,1998,6/11/1998,9:24,"Troyer, Janice K",162
ORBBS_609_11,ORBBS,609,11,1998,6/11/1998,9:24,"White, Linda G ",162
ORBBS_609_11,ORBBS,609,11,1998,6/11/1998,9:24,"Parkinson, Kristina A",162
ORBBS_609_11,ORBBS,609,11,1994,7/1/1994,9:26,"Krajcirik, Lisa M",182
ORBBS_609_11,ORBBS,609,11,1996,6/3/1996,10:19,"Seppi, Bruce E",155
ORBBS_606_1,ORBBS,606,1,2001,6/15/2001,4:46,"Senner, Nathan R",166
ORBBS_606_1,ORBBS,606,1,2002,6/17/2002,4:17,"Senner, Nathan R",168
ORBBS_606_1,ORBBS,606,1,2004,6/14/2004,5:03,"Handel, Colleen M",166
ORBBS_606_1,ORBBS,606,1,2006,6/17/2006,5:18,"Handel, Colleen M",168
ORBBS_606_1,ORBBS,606,1,2008,6/20/2008,4:48,"Handel, Colleen M",172
ORBBS_606_1,ORBBS,606,1,2010,6/24/2010,4:58,"Handel, Colleen M",175
ORBBS_606_1,ORBBS,606,1,2013,6/19/2013,5:24,"Handel, Colleen M",170
ORBBS_606_1,ORBBS,606,1,2014,6/20/2014,4:24,"Handel, Colleen M",171
ORBBS_606_1,ORBBS,606,1,2016,6/17/2016,4:27,"Handel, Colleen M",169
ORBBS_606_1,ORBBS,606,1,2018,6/26/2018,4:30,"Handel, Colleen M",177
ORBBS_606_1,ORBBS,606,1,2020,6/18/2020,4:47,"Handel, Colleen M",170
ORBBS_606_1,ORBBS,606,1,1993,6/16/1993,4:24,"deZeeuw, Maureen L",167
ORBBS_606_1,ORBBS,606,1,1995,6/20/1995,4:26,"deZeeuw, Maureen L",171
ORBBS_606_1,ORBBS,606,1,1998,6/18/1998,4:30,"Handel, Colleen M",169
ORBBS_606_1,ORBBS,606,1,1999,6/17/1999,4:38,"Handel, Colleen M",168
ORBBS_606_1,ORBBS,606,1,2000,6/20/2000,4:43,"Handel, Colleen M",172
ORBBS_606_1,ORBBS,606,1,1996,6/19/1996,4:44,"Handel, Colleen M",171
ORBBS_606_1,ORBBS,606,1,1997,6/13/1997,4:44,"Handel, Colleen M",164
ORBBS_606_1,ORBBS,606,1,1994,6/12/1994,4:52,"deZeeuw, Maureen L",163
ORBBS_606_1,ORBBS,606,1,1993,7/1/1993,5:33,"Handel, Colleen M",182
ORBBS_603_1,ORBBS,603,1,2001,6/20/2001,4:21,"deZeeuw, Maureen L",171
ORBBS_603_1,ORBBS,603,1,2002,6/18/2002,4:28,"Senner, Nathan R",169
ORBBS_603_1,ORBBS,603,1,2004,6/10/2004,4:49,"Handel, Colleen M",162
ORBBS_603_1,ORBBS,603,1,2011,6/13/2011,4:43,"Pajot, Lisa M",164
ORBBS_603_1,ORBBS,603,1,2013,6/13/2013,4:48,"Pajot, Lisa M",164
ORBBS_603_1,ORBBS,603,1,2014,6/12/2014,4:42,"Pajot, Lisa M",163
ORBBS_603_1,ORBBS,603,1,2016,6/10/2016,4:28,"Pajot, Lisa M",162
ORBBS_603_1,ORBBS,603,1,2018,6/12/2018,4:35,"Pajot, Lisa M",163
ORBBS_603_1,ORBBS,603,1,2007,6/17/2007,4:20,"deZeeuw, Maureen L",168
ORBBS_603_1,ORBBS,603,1,2003,6/13/2003,4:21,"deZeeuw, Maureen L",164
ORBBS_603_1,ORBBS,603,1,2000,6/21/2000,4:26,"Handel, Colleen M",173
ORBBS_603_1,ORBBS,603,1,1994,6/8/1994,4:29,"Krajcirik, Lisa M",159
ORBBS_603_1,ORBBS,603,1,1995,6/9/1995,4:30,"Myers, Eric F",160
ORBBS_603_1,ORBBS,603,1,1996,6/21/1996,4:33,"Matsuoka, Steve M",173
ORBBS_603_1,ORBBS,603,1,2005,6/15/2005,4:33,"deZeeuw, Maureen L",166
ORBBS_603_1,ORBBS,603,1,1997,6/23/1997,4:35,"deZeeuw, Maureen L",174
ORBBS_603_1,ORBBS,603,1,1994,6/22/1994,4:37,"deZeeuw, Maureen L",173
ORBBS_603_1,ORBBS,603,1,2009,6/14/2009,4:37,"deZeeuw, Maureen L",165
ORBBS_603_1,ORBBS,603,1,1996,6/8/1996,4:38,"Handel, Colleen M",160
ORBBS_603_1,ORBBS,603,1,2008,6/11/2008,4:38,"deZeeuw, Maureen L",163
ORBBS_603_1,ORBBS,603,1,1998,6/23/1998,4:39,"Parkinson, Kristina A",174
ORBBS_603_1,ORBBS,603,1,1998,6/23/1998,4:40,"Brelsford, Alan T",174
ORBBS_603_1,ORBBS,603,1,2012,6/16/2012,4:40,"deZeeuw, Maureen L",168
ORBBS_603_1,ORBBS,603,1,1996,6/15/1996,4:42,"Scott, Hustace  H",167
ORBBS_603_1,ORBBS,603,1,2006,6/17/2006,4:42,"deZeeuw, Maureen L",168
ORBBS_603_1,ORBBS,603,1,1999,6/23/1999,4:46,"deZeeuw, Maureen L",174
ORBBS_603_1,ORBBS,603,1,1993,6/22/1993,4:48,"deZeeuw, Maureen L",173
ORBBS_603_1,ORBBS,603,1,1993,6/2/1993,4:48,"Handel, Colleen M",153
ORBBS_603_1,ORBBS,603,1,1994,6/17/1994,4:49,"Scott, Hustace  H",168
ORBBS_603_1,ORBBS,603,1,1993,5/30/1993,4:53,"Scott, Hustace  H",150
ORBBS_603_1,ORBBS,603,1,1993,6/11/1993,4:54,"deZeeuw, Maureen L",162
ORBBS_603_1,ORBBS,603,1,2010,6/8/2010,4:54,"deZeeuw, Maureen L",159
ORBBS_603_1,ORBBS,603,1,1994,5/28/1994,4:59,"Scott, Hustace  H",148
ORBBS_603_1,ORBBS,603,1,1995,6/12/1995,5:06,"Scott, Hustace  H",163
ORBBS_603_1,ORBBS,603,1,1995,5/28/1995,5:13,"Scott, Hustace  H",148
ORBBS_603_1,ORBBS,603,1,1995,6/29/1995,5:14,"Myers, Eric F",180
ORBBS_603_1,ORBBS,603,1,1995,5/10/1995,5:17,"Myers, Eric F",130
ORBBS_603_1,ORBBS,603,1,1995,5/23/1995,5:21,"Scott, Hustace  H",143
ORBBS_603_1,ORBBS,603,1,1996,5/24/1996,5:23,"Scott, Hustace  H",145
ORBBS_603_1,ORBBS,603,1,1995,5/15/1995,5:23,"Myers, Eric F",135
ORBBS_603_1,ORBBS,603,1,1995,5/18/1995,5:24,"Scott, Hustace  H",138
ORBBS_603_1,ORBBS,603,1,1993,5/18/1993,5:25,"Scott, Hustace  H",138
ORBBS_603_1,ORBBS,603,1,1994,5/21/1994,5:29,"Scott, Hustace  H",141
ORBBS_603_1,ORBBS,603,1,1996,5/28/1996,5:30,"Scott, Hustace  H",149
ORBBS_603_1,ORBBS,603,1,1993,5/25/1993,5:34,"Scott, Hustace  H",145
ORBBS_603_1,ORBBS,603,1,1996,5/7/1996,5:42,"Scott, Hustace  H",128
ORBBS_603_1,ORBBS,603,1,1996,5/14/1996,5:44,"Scott, Hustace  H",135
ORBBS_603_1,ORBBS,603,1,1993,5/7/1993,5:45,"Scott, Hustace  H",127
ORBBS_603_1,ORBBS,603,1,1993,5/13/1993,5:48,"Scott, Hustace  H",133
ORBBS_603_1,ORBBS,603,1,1994,5/16/1994,5:55,"Scott, Hustace  H",136
ORBBS_603_1,ORBBS,603,1,1994,5/7/1994,5:57,"Scott, Hustace  H",127
ORBBS_603_1,ORBBS,603,1,1994,5/12/1994,6:02,"Scott, Hustace  H",132
ORBBS_603_2,ORBBS,603,2,2001,6/20/2001,4:42,"deZeeuw, Maureen L",171
ORBBS_603_2,ORBBS,603,2,2002,6/18/2002,4:40,"Senner, Nathan R",169
ORBBS_603_2,ORBBS,603,2,2004,6/10/2004,5:14,"Handel, Colleen M",162
ORBBS_603_2,ORBBS,603,2,2011,6/13/2011,5:05,"Pajot, Lisa M",164
ORBBS_603_2,ORBBS,603,2,2013,6/13/2013,5:04,"Pajot, Lisa M",164
ORBBS_603_2,ORBBS,603,2,2014,6/12/2014,4:55,"Pajot, Lisa M",163
ORBBS_603_2,ORBBS,603,2,2016,6/10/2016,4:44,"Pajot, Lisa M",162
ORBBS_603_2,ORBBS,603,2,2018,6/12/2018,4:50,"Pajot, Lisa M",163
ORBBS_603_2,ORBBS,603,2,2003,6/13/2003,4:33,"deZeeuw, Maureen L",164
ORBBS_603_2,ORBBS,603,2,2007,6/17/2007,4:35,"deZeeuw, Maureen L",168
ORBBS_603_2,ORBBS,603,2,1994,6/8/1994,4:43,"Krajcirik, Lisa M",159
ORBBS_603_2,ORBBS,603,2,1995,6/9/1995,4:43,"Myers, Eric F",160
ORBBS_603_2,ORBBS,603,2,2005,6/15/2005,4:44,"deZeeuw, Maureen L",166
ORBBS_603_2,ORBBS,603,2,1996,6/21/1996,4:45,"Matsuoka, Steve M",173
ORBBS_603_2,ORBBS,603,2,2008,6/11/2008,4:45,"deZeeuw, Maureen L",163
ORBBS_603_2,ORBBS,603,2,1997,6/23/1997,4:47,"deZeeuw, Maureen L",174
ORBBS_603_2,ORBBS,603,2,2009,6/14/2009,4:50,"deZeeuw, Maureen L",165
ORBBS_603_2,ORBBS,603,2,1996,6/15/1996,4:51,"Scott, Hustace  H",167
ORBBS_603_2,ORBBS,603,2,2000,6/21/2000,4:53,"Handel, Colleen M",173
ORBBS_603_2,ORBBS,603,2,2012,6/16/2012,4:53,"deZeeuw, Maureen L",168
ORBBS_603_2,ORBBS,603,2,2006,6/17/2006,4:57,"deZeeuw, Maureen L",168
ORBBS_603_2,ORBBS,603,2,1996,6/8/1996,4:58,"Handel, Colleen M",160
ORBBS_603_2,ORBBS,603,2,1993,6/2/1993,5:00,"Handel, Colleen M",153
ORBBS_603_2,ORBBS,603,2,1994,6/17/1994,5:01,"Scott, Hustace  H",168
ORBBS_603_2,ORBBS,603,2,1993,5/30/1993,5:01,"Scott, Hustace  H",150
ORBBS_603_2,ORBBS,603,2,1999,6/23/1999,5:02,"deZeeuw, Maureen L",174
ORBBS_603_2,ORBBS,603,2,1994,6/22/1994,5:03,"deZeeuw, Maureen L",173
ORBBS_603_2,ORBBS,603,2,1998,6/23/1998,5:05,"Parkinson, Kristina A",174
ORBBS_603_2,ORBBS,603,2,1998,6/23/1998,5:05,"Brelsford, Alan T",174
ORBBS_603_2,ORBBS,603,2,2010,6/8/2010,5:06,"deZeeuw, Maureen L",159
ORBBS_603_2,ORBBS,603,2,1994,5/28/1994,5:07,"Scott, Hustace  H",148
ORBBS_603_2,ORBBS,603,2,1993,6/22/1993,5:07,"deZeeuw, Maureen L",173
ORBBS_603_2,ORBBS,603,2,1993,6/11/1993,5:12,"deZeeuw, Maureen L",162
ORBBS_603_2,ORBBS,603,2,1995,6/12/1995,5:16,"Scott, Hustace  H",163
ORBBS_603_2,ORBBS,603,2,1995,5/28/1995,5:23,"Scott, Hustace  H",148
ORBBS_603_2,ORBBS,603,2,1995,5/23/1995,5:30,"Scott, Hustace  H",143
ORBBS_603_2,ORBBS,603,2,1995,6/29/1995,5:30,"Myers, Eric F",180
ORBBS_603_2,ORBBS,603,2,1993,5/18/1993,5:33,"Scott, Hustace  H",138
ORBBS_603_2,ORBBS,603,2,1996,5/24/1996,5:34,"Scott, Hustace  H",145
ORBBS_603_2,ORBBS,603,2,1995,5/18/1995,5:34,"Scott, Hustace  H",138
ORBBS_603_2,ORBBS,603,2,1994,5/21/1994,5:38,"Scott, Hustace  H",141
ORBBS_603_2,ORBBS,603,2,1995,5/15/1995,5:39,"Myers, Eric F",135
ORBBS_603_2,ORBBS,603,2,1996,5/28/1996,5:40,"Scott, Hustace  H",149
ORBBS_603_2,ORBBS,603,2,1993,5/25/1993,5:41,"Scott, Hustace  H",145
ORBBS_603_2,ORBBS,603,2,1995,5/10/1995,5:42,"Myers, Eric F",130
ORBBS_603_2,ORBBS,603,2,1996,5/7/1996,5:51,"Scott, Hustace  H",128
ORBBS_603_2,ORBBS,603,2,1996,5/14/1996,5:52,"Scott, Hustace  H",135
ORBBS_603_2,ORBBS,603,2,1993,5/13/1993,5:55,"Scott, Hustace  H",133
ORBBS_603_2,ORBBS,603,2,1993,5/7/1993,6:05,"Scott, Hustace  H",127
ORBBS_603_2,ORBBS,603,2,1994,5/16/1994,6:06,"Scott, Hustace  H",136
ORBBS_603_2,ORBBS,603,2,1994,5/12/1994,6:11,"Scott, Hustace  H",132
ORBBS_603_2,ORBBS,603,2,1994,5/7/1994,6:12,"Scott, Hustace  H",127
ORBBS_603_3,ORBBS,603,3,2001,6/20/2001,4:59,"deZeeuw, Maureen L",171
ORBBS_603_3,ORBBS,603,3,2002,6/18/2002,4:52,"Senner, Nathan R",169
ORBBS_603_3,ORBBS,603,3,2004,6/10/2004,5:36,"Handel, Colleen M",162
ORBBS_603_3,ORBBS,603,3,2011,6/13/2011,5:22,"Pajot, Lisa M",164
ORBBS_603_3,ORBBS,603,3,2013,6/13/2013,5:19,"Pajot, Lisa M",164
ORBBS_603_3,ORBBS,603,3,2014,6/12/2014,5:10,"Pajot, Lisa M",163
ORBBS_603_3,ORBBS,603,3,2016,6/10/2016,5:00,"Pajot, Lisa M",162
ORBBS_603_3,ORBBS,603,3,2018,6/12/2018,5:05,"Pajot, Lisa M",163
ORBBS_603_3,ORBBS,603,3,2007,6/17/2007,4:47,"deZeeuw, Maureen L",168
ORBBS_603_3,ORBBS,603,3,2003,6/13/2003,4:48,"deZeeuw, Maureen L",164
ORBBS_603_3,ORBBS,603,3,1995,6/9/1995,4:52,"Myers, Eric F",160
ORBBS_603_3,ORBBS,603,3,1994,6/8/1994,4:55,"Krajcirik, Lisa M",159
ORBBS_603_3,ORBBS,603,3,1997,6/23/1997,4:56,"deZeeuw, Maureen L",174
ORBBS_603_3,ORBBS,603,3,2005,6/15/2005,4:57,"deZeeuw, Maureen L",166
ORBBS_603_3,ORBBS,603,3,1996,6/21/1996,4:59,"Matsuoka, Steve M",173
ORBBS_603_3,ORBBS,603,3,1996,6/15/1996,5:00,"Scott, Hustace  H",167
ORBBS_603_3,ORBBS,603,3,2008,6/11/2008,5:00,"deZeeuw, Maureen L",163
ORBBS_603_3,ORBBS,603,3,2009,6/14/2009,5:03,"deZeeuw, Maureen L",165
ORBBS_603_3,ORBBS,603,3,1993,5/30/1993,5:07,"Scott, Hustace  H",150
ORBBS_603_3,ORBBS,603,3,2012,6/16/2012,5:08,"deZeeuw, Maureen L",168
ORBBS_603_3,ORBBS,603,3,2006,6/17/2006,5:11,"deZeeuw, Maureen L",168
ORBBS_603_3,ORBBS,603,3,1994,6/17/1994,5:13,"Scott, Hustace  H",168
ORBBS_603_3,ORBBS,603,3,1994,6/22/1994,5:13,"deZeeuw, Maureen L",173
ORBBS_603_3,ORBBS,603,3,2000,6/21/2000,5:14,"Handel, Colleen M",173
ORBBS_603_3,ORBBS,603,3,1994,5/28/1994,5:15,"Scott, Hustace  H",148
ORBBS_603_3,ORBBS,603,3,1996,6/8/1996,5:15,"Handel, Colleen M",160
ORBBS_603_3,ORBBS,603,3,1993,6/2/1993,5:16,"Handel, Colleen M",153
ORBBS_603_3,ORBBS,603,3,2010,6/8/2010,5:19,"deZeeuw, Maureen L",159
ORBBS_603_3,ORBBS,603,3,1998,6/23/1998,5:25,"Parkinson, Kristina A",174
ORBBS_603_3,ORBBS,603,3,1998,6/23/1998,5:25,"Brelsford, Alan T",174
ORBBS_603_3,ORBBS,603,3,1999,6/23/1999,5:26,"deZeeuw, Maureen L",174
ORBBS_603_3,ORBBS,603,3,1995,6/12/1995,5:27,"Scott, Hustace  H",163
ORBBS_603_3,ORBBS,603,3,1993,6/22/1993,5:27,"deZeeuw, Maureen L",173
ORBBS_603_3,ORBBS,603,3,1993,6/11/1993,5:32,"deZeeuw, Maureen L",162
ORBBS_603_3,ORBBS,603,3,1995,5/28/1995,5:33,"Scott, Hustace  H",148
ORBBS_603_3,ORBBS,603,3,1995,5/23/1995,5:39,"Scott, Hustace  H",143
ORBBS_603_3,ORBBS,603,3,1993,5/18/1993,5:40,"Scott, Hustace  H",138
ORBBS_603_3,ORBBS,603,3,1995,5/18/1995,5:44,"Scott, Hustace  H",138
ORBBS_603_3,ORBBS,603,3,1996,5/24/1996,5:45,"Scott, Hustace  H",145
ORBBS_603_3,ORBBS,603,3,1995,6/29/1995,5:45,"Myers, Eric F",180
ORBBS_603_3,ORBBS,603,3,1993,5/25/1993,5:47,"Scott, Hustace  H",145
ORBBS_603_3,ORBBS,603,3,1994,5/21/1994,5:48,"Scott, Hustace  H",141
ORBBS_603_3,ORBBS,603,3,1996,5/28/1996,5:50,"Scott, Hustace  H",149
ORBBS_603_3,ORBBS,603,3,1995,5/15/1995,5:51,"Myers, Eric F",135
ORBBS_603_3,ORBBS,603,3,1995,5/10/1995,5:53,"Myers, Eric F",130
ORBBS_603_3,ORBBS,603,3,1996,5/7/1996,6:00,"Scott, Hustace  H",128
ORBBS_603_3,ORBBS,603,3,1996,5/14/1996,6:01,"Scott, Hustace  H",135
ORBBS_603_3,ORBBS,603,3,1993,5/13/1993,6:07,"Scott, Hustace  H",133
ORBBS_603_3,ORBBS,603,3,1993,5/7/1993,6:11,"Scott, Hustace  H",127
ORBBS_603_3,ORBBS,603,3,1994,5/16/1994,6:12,"Scott, Hustace  H",136
ORBBS_603_3,ORBBS,603,3,1994,5/7/1994,6:19,"Scott, Hustace  H",127
ORBBS_603_3,ORBBS,603,3,1994,5/12/1994,6:21,"Scott, Hustace  H",132
ORBBS_603_5,ORBBS,603,5,2001,6/20/2001,5:39,"deZeeuw, Maureen L",171
ORBBS_603_5,ORBBS,603,5,2002,6/18/2002,5:19,"Senner, Nathan R",169
ORBBS_603_5,ORBBS,603,5,2004,6/10/2004,6:28,"Handel, Colleen M",162
ORBBS_603_5,ORBBS,603,5,2011,6/13/2011,6:10,"Pajot, Lisa M",164
ORBBS_603_5,ORBBS,603,5,2013,6/13/2013,6:08,"Pajot, Lisa M",164
ORBBS_603_5,ORBBS,603,5,2014,6/12/2014,5:51,"Pajot, Lisa M",163
ORBBS_603_5,ORBBS,603,5,2016,6/10/2016,5:45,"Pajot, Lisa M",162
ORBBS_603_5,ORBBS,603,5,2018,6/12/2018,5:44,"Pajot, Lisa M",163
ORBBS_603_5,ORBBS,603,5,1996,6/15/1996,5:18,"Scott, Hustace  H",167
ORBBS_603_5,ORBBS,603,5,2003,6/13/2003,5:18,"deZeeuw, Maureen L",164
ORBBS_603_5,ORBBS,603,5,1995,6/9/1995,5:19,"Myers, Eric F",160
ORBBS_603_5,ORBBS,603,5,1993,5/30/1993,5:24,"Scott, Hustace  H",150
ORBBS_603_5,ORBBS,603,5,2007,6/17/2007,5:25,"deZeeuw, Maureen L",168
ORBBS_603_5,ORBBS,603,5,1994,6/8/1994,5:29,"Krajcirik, Lisa M",159
ORBBS_603_5,ORBBS,603,5,1994,5/28/1994,5:37,"Scott, Hustace  H",148
ORBBS_603_5,ORBBS,603,5,1994,6/17/1994,5:37,"Scott, Hustace  H",168
ORBBS_603_5,ORBBS,603,5,1996,6/21/1996,5:38,"Matsuoka, Steve M",173
ORBBS_603_5,ORBBS,603,5,2009,6/14/2009,5:39,"deZeeuw, Maureen L",165
ORBBS_603_5,ORBBS,603,5,1995,6/12/1995,5:45,"Scott, Hustace  H",163
ORBBS_603_5,ORBBS,603,5,1994,6/22/1994,5:46,"deZeeuw, Maureen L",173
ORBBS_603_5,ORBBS,603,5,2008,6/11/2008,5:49,"deZeeuw, Maureen L",163
ORBBS_603_5,ORBBS,603,5,1995,5/28/1995,5:51,"Scott, Hustace  H",148
ORBBS_603_5,ORBBS,603,5,2012,6/16/2012,5:51,"deZeeuw, Maureen L",168
ORBBS_603_5,ORBBS,603,5,2005,6/15/2005,5:54,"deZeeuw, Maureen L",166
ORBBS_603_5,ORBBS,603,5,1995,5/23/1995,5:55,"Scott, Hustace  H",143
ORBBS_603_5,ORBBS,603,5,1993,5/18/1993,5:57,"Scott, Hustace  H",138
ORBBS_603_5,ORBBS,603,5,1993,6/2/1993,5:59,"Handel, Colleen M",153
ORBBS_603_5,ORBBS,603,5,1995,5/18/1995,6:02,"Scott, Hustace  H",138
ORBBS_603_5,ORBBS,603,5,1996,5/24/1996,6:03,"Scott, Hustace  H",145
ORBBS_603_5,ORBBS,603,5,1993,5/25/1993,6:03,"Scott, Hustace  H",145
ORBBS_603_5,ORBBS,603,5,2010,6/8/2010,6:04,"deZeeuw, Maureen L",159
ORBBS_603_5,ORBBS,603,5,1994,5/21/1994,6:05,"Scott, Hustace  H",141
ORBBS_603_5,ORBBS,603,5,1996,6/8/1996,6:05,"Handel, Colleen M",160
ORBBS_603_5,ORBBS,603,5,2006,6/17/2006,6:07,"deZeeuw, Maureen L",168
ORBBS_603_5,ORBBS,603,5,1999,6/23/1999,6:10,"deZeeuw, Maureen L",174
ORBBS_603_5,ORBBS,603,5,1996,5/28/1996,6:10,"Scott, Hustace  H",149
ORBBS_603_5,ORBBS,603,5,1997,6/23/1997,6:10,"deZeeuw, Maureen L",174
ORBBS_603_5,ORBBS,603,5,1995,5/15/1995,6:11,"Myers, Eric F",135
ORBBS_603_5,ORBBS,603,5,1998,6/23/1998,6:14,"Parkinson, Kristina A",174
ORBBS_603_5,ORBBS,603,5,1995,6/29/1995,6:14,"Myers, Eric F",180
ORBBS_603_5,ORBBS,603,5,2000,6/21/2000,6:14,"Handel, Colleen M",173
ORBBS_603_5,ORBBS,603,5,1998,6/23/1998,6:15,"Brelsford, Alan T",174
ORBBS_603_5,ORBBS,603,5,1996,5/7/1996,6:20,"Scott, Hustace  H",128
ORBBS_603_5,ORBBS,603,5,1993,5/7/1993,6:22,"Scott, Hustace  H",127
ORBBS_603_5,ORBBS,603,5,1996,5/14/1996,6:23,"Scott, Hustace  H",135
ORBBS_603_5,ORBBS,603,5,1993,5/13/1993,6:25,"Scott, Hustace  H",133
ORBBS_603_5,ORBBS,603,5,1994,5/16/1994,6:31,"Scott, Hustace  H",136
ORBBS_603_5,ORBBS,603,5,1995,5/10/1995,6:31,"Myers, Eric F",130
ORBBS_603_5,ORBBS,603,5,1993,6/11/1993,6:31,"deZeeuw, Maureen L",162
ORBBS_603_5,ORBBS,603,5,1994,5/12/1994,6:42,"Scott, Hustace  H",132
ORBBS_603_5,ORBBS,603,5,1993,6/22/1993,6:46,"deZeeuw, Maureen L",173
ORBBS_603_5,ORBBS,603,5,1994,5/7/1994,6:51,"Scott, Hustace  H",127
ORBBS_603_4,ORBBS,603,4,2001,6/20/2001,5:24,"deZeeuw, Maureen L",171
ORBBS_603_4,ORBBS,603,4,2002,6/18/2002,5:06,"Senner, Nathan R",169
ORBBS_603_4,ORBBS,603,4,2004,6/10/2004,6:05,"Handel, Colleen M",162
ORBBS_603_4,ORBBS,603,4,2011,6/13/2011,5:48,"Pajot, Lisa M",164
ORBBS_603_4,ORBBS,603,4,2013,6/13/2013,5:52,"Pajot, Lisa M",164
ORBBS_603_4,ORBBS,603,4,2014,6/12/2014,5:35,"Pajot, Lisa M",163
ORBBS_603_4,ORBBS,603,4,2018,6/12/2018,5:28,"Pajot, Lisa M",163
ORBBS_603_4,ORBBS,603,4,2016,6/10/2016,5:26,"Pajot, Lisa M",162
ORBBS_603_4,ORBBS,603,4,1995,6/9/1995,5:07,"Myers, Eric F",160
ORBBS_603_4,ORBBS,603,4,2003,6/13/2003,5:07,"deZeeuw, Maureen L",164
ORBBS_603_4,ORBBS,603,4,1996,6/15/1996,5:09,"Scott, Hustace  H",167
ORBBS_603_4,ORBBS,603,4,2007,6/17/2007,5:11,"deZeeuw, Maureen L",168
ORBBS_603_4,ORBBS,603,4,1994,6/8/1994,5:17,"Krajcirik, Lisa M",159
ORBBS_603_4,ORBBS,603,4,1993,5/30/1993,5:17,"Scott, Hustace  H",150
ORBBS_603_4,ORBBS,603,4,1996,6/21/1996,5:22,"Matsuoka, Steve M",173
ORBBS_603_4,ORBBS,603,4,1994,6/17/1994,5:25,"Scott, Hustace  H",168
ORBBS_603_4,ORBBS,603,4,2009,6/14/2009,5:25,"deZeeuw, Maureen L",165
ORBBS_603_4,ORBBS,603,4,1994,5/28/1994,5:30,"Scott, Hustace  H",148
ORBBS_603_4,ORBBS,603,4,1994,6/22/1994,5:34,"deZeeuw, Maureen L",173
ORBBS_603_4,ORBBS,603,4,2008,6/11/2008,5:34,"deZeeuw, Maureen L",163
ORBBS_603_4,ORBBS,603,4,2012,6/16/2012,5:36,"deZeeuw, Maureen L",168
ORBBS_603_4,ORBBS,603,4,2005,6/15/2005,5:37,"deZeeuw, Maureen L",166
ORBBS_603_4,ORBBS,603,4,1995,6/12/1995,5:38,"Scott, Hustace  H",163
ORBBS_603_4,ORBBS,603,4,1993,6/2/1993,5:38,"Handel, Colleen M",153
ORBBS_603_4,ORBBS,603,4,2006,6/17/2006,5:43,"deZeeuw, Maureen L",168
ORBBS_603_4,ORBBS,603,4,1995,5/28/1995,5:44,"Scott, Hustace  H",148
ORBBS_603_4,ORBBS,603,4,1996,6/8/1996,5:46,"Handel, Colleen M",160
ORBBS_603_4,ORBBS,603,4,1997,6/23/1997,5:46,"deZeeuw, Maureen L",174
ORBBS_603_4,ORBBS,603,4,1995,5/23/1995,5:48,"Scott, Hustace  H",143
ORBBS_603_4,ORBBS,603,4,1993,5/18/1993,5:49,"Scott, Hustace  H",138
ORBBS_603_4,ORBBS,603,4,1999,6/23/1999,5:50,"deZeeuw, Maureen L",174
ORBBS_603_4,ORBBS,603,4,1998,6/23/1998,5:52,"Parkinson, Kristina A",174
ORBBS_603_4,ORBBS,603,4,1998,6/23/1998,5:52,"Brelsford, Alan T",174
ORBBS_603_4,ORBBS,603,4,1995,5/18/1995,5:54,"Scott, Hustace  H",138
ORBBS_603_4,ORBBS,603,4,2000,6/21/2000,5:55,"Handel, Colleen M",173
ORBBS_603_4,ORBBS,603,4,1996,5/24/1996,5:56,"Scott, Hustace  H",145
ORBBS_603_4,ORBBS,603,4,1993,5/25/1993,5:56,"Scott, Hustace  H",145
ORBBS_603_4,ORBBS,603,4,1994,5/21/1994,5:58,"Scott, Hustace  H",141
ORBBS_603_4,ORBBS,603,4,1996,5/28/1996,6:00,"Scott, Hustace  H",149
ORBBS_603_4,ORBBS,603,4,1995,5/15/1995,6:01,"Myers, Eric F",135
ORBBS_603_4,ORBBS,603,4,1995,6/29/1995,6:01,"Myers, Eric F",180
ORBBS_603_4,ORBBS,603,4,1993,6/11/1993,6:05,"deZeeuw, Maureen L",162
ORBBS_603_4,ORBBS,603,4,1993,6/22/1993,6:05,"deZeeuw, Maureen L",173
ORBBS_603_4,ORBBS,603,4,1996,5/14/1996,6:12,"Scott, Hustace  H",135
ORBBS_603_4,ORBBS,603,4,1996,5/7/1996,6:13,"Scott, Hustace  H",128
ORBBS_603_4,ORBBS,603,4,1995,5/10/1995,6:13,"Myers, Eric F",130
ORBBS_603_4,ORBBS,603,4,1993,5/7/1993,6:17,"Scott, Hustace  H",127
ORBBS_603_4,ORBBS,603,4,1993,5/13/1993,6:17,"Scott, Hustace  H",133
ORBBS_603_4,ORBBS,603,4,1994,5/16/1994,6:21,"Scott, Hustace  H",136
ORBBS_603_4,ORBBS,603,4,1994,5/12/1994,6:34,"Scott, Hustace  H",132
ORBBS_603_4,ORBBS,603,4,1994,5/7/1994,6:38,"Scott, Hustace  H",127
ORBBS_603_4,ORBBS,603,4,2010,6/8/2010,6:45,"deZeeuw, Maureen L",159
ORBBS_603_7,ORBBS,603,7,2001,6/20/2001,6:23,"deZeeuw, Maureen L",171
ORBBS_603_7,ORBBS,603,7,2002,6/18/2002,5:48,"Senner, Nathan R",169
ORBBS_603_7,ORBBS,603,7,2004,6/10/2004,7:24,"Handel, Colleen M",162
ORBBS_603_7,ORBBS,603,7,2011,6/13/2011,6:48,"Pajot, Lisa M",164
ORBBS_603_7,ORBBS,603,7,2013,6/13/2013,6:42,"Pajot, Lisa M",164
ORBBS_603_7,ORBBS,603,7,2014,6/12/2014,6:24,"Pajot, Lisa M",163
ORBBS_603_7,ORBBS,603,7,2016,6/10/2016,6:22,"Pajot, Lisa M",162
ORBBS_603_7,ORBBS,603,7,2018,6/12/2018,6:19,"Pajot, Lisa M",163
ORBBS_603_7,ORBBS,603,7,1996,6/15/1996,5:39,"Scott, Hustace  H",167
ORBBS_603_7,ORBBS,603,7,1993,5/30/1993,5:40,"Scott, Hustace  H",150
ORBBS_603_7,ORBBS,603,7,1994,5/28/1994,5:51,"Scott, Hustace  H",148
ORBBS_603_7,ORBBS,603,7,1995,6/12/1995,5:58,"Scott, Hustace  H",163
ORBBS_603_7,ORBBS,603,7,1994,6/8/1994,5:59,"Krajcirik, Lisa M",159
ORBBS_603_7,ORBBS,603,7,1994,6/17/1994,6:02,"Scott, Hustace  H",168
ORBBS_603_7,ORBBS,603,7,1995,5/28/1995,6:05,"Scott, Hustace  H",148
ORBBS_603_7,ORBBS,603,7,2003,6/13/2003,6:06,"deZeeuw, Maureen L",164
ORBBS_603_7,ORBBS,603,7,2007,6/17/2007,6:07,"deZeeuw, Maureen L",168
ORBBS_603_7,ORBBS,603,7,1995,5/23/1995,6:08,"Scott, Hustace  H",143
ORBBS_603_7,ORBBS,603,7,1995,6/9/1995,6:08,"Myers, Eric F",160
ORBBS_603_7,ORBBS,603,7,1993,5/18/1993,6:12,"Scott, Hustace  H",138
ORBBS_603_7,ORBBS,603,7,1996,5/24/1996,6:17,"Scott, Hustace  H",145
ORBBS_603_7,ORBBS,603,7,1993,5/25/1993,6:17,"Scott, Hustace  H",145
ORBBS_603_7,ORBBS,603,7,1995,5/18/1995,6:18,"Scott, Hustace  H",138
ORBBS_603_7,ORBBS,603,7,1994,5/21/1994,6:21,"Scott, Hustace  H",141
ORBBS_603_7,ORBBS,603,7,1994,6/22/1994,6:21,"deZeeuw, Maureen L",173
ORBBS_603_7,ORBBS,603,7,2012,6/16/2012,6:21,"deZeeuw, Maureen L",168
ORBBS_603_7,ORBBS,603,7,2008,6/11/2008,6:22,"deZeeuw, Maureen L",163
ORBBS_603_7,ORBBS,603,7,2009,6/14/2009,6:22,"deZeeuw, Maureen L",165
ORBBS_603_7,ORBBS,603,7,1996,6/21/1996,6:25,"Matsuoka, Steve M",173
ORBBS_603_7,ORBBS,603,7,1996,5/28/1996,6:27,"Scott, Hustace  H",149
ORBBS_603_7,ORBBS,603,7,2005,6/15/2005,6:30,"deZeeuw, Maureen L",166
ORBBS_603_7,ORBBS,603,7,1996,5/7/1996,6:35,"Scott, Hustace  H",128
ORBBS_603_7,ORBBS,603,7,1995,5/15/1995,6:35,"Myers, Eric F",135
ORBBS_603_7,ORBBS,603,7,2010,6/8/2010,6:36,"deZeeuw, Maureen L",159
ORBBS_603_7,ORBBS,603,7,1996,5/14/1996,6:39,"Scott, Hustace  H",135
ORBBS_603_7,ORBBS,603,7,1993,5/7/1993,6:40,"Scott, Hustace  H",127
ORBBS_603_7,ORBBS,603,7,1993,5/13/1993,6:42,"Scott, Hustace  H",133
ORBBS_603_7,ORBBS,603,7,1994,5/16/1994,6:47,"Scott, Hustace  H",136
ORBBS_603_7,ORBBS,603,7,2006,6/17/2006,6:47,"deZeeuw, Maureen L",168
ORBBS_603_7,ORBBS,603,7,1995,6/29/1995,6:48,"Myers, Eric F",180
ORBBS_603_7,ORBBS,603,7,2000,6/21/2000,6:52,"Handel, Colleen M",173
ORBBS_603_7,ORBBS,603,7,1994,5/12/1994,6:57,"Scott, Hustace  H",132
ORBBS_603_7,ORBBS,603,7,1998,6/23/1998,7:02,"Parkinson, Kristina A",174
ORBBS_603_7,ORBBS,603,7,1998,6/23/1998,7:02,"Brelsford, Alan T",174
ORBBS_603_7,ORBBS,603,7,1996,6/8/1996,7:03,"Handel, Colleen M",160
ORBBS_603_7,ORBBS,603,7,1997,6/23/1997,7:03,"deZeeuw, Maureen L",174
ORBBS_603_7,ORBBS,603,7,1999,6/23/1999,7:08,"deZeeuw, Maureen L",174
ORBBS_603_7,ORBBS,603,7,1995,5/10/1995,7:09,"Myers, Eric F",130
ORBBS_603_7,ORBBS,603,7,1994,5/7/1994,7:13,"Scott, Hustace  H",127
ORBBS_603_7,ORBBS,603,7,1993,6/2/1993,7:18,"Handel, Colleen M",153
ORBBS_603_7,ORBBS,603,7,1993,6/11/1993,7:25,"deZeeuw, Maureen L",162
ORBBS_603_7,ORBBS,603,7,1993,6/22/1993,7:33,"deZeeuw, Maureen L",173
ORBBS_603_9,ORBBS,603,9,2001,6/20/2001,6:50,"deZeeuw, Maureen L",171
ORBBS_603_9,ORBBS,603,9,2002,6/18/2002,6:20,"Senner, Nathan R",169
ORBBS_603_9,ORBBS,603,9,2002,6/18/2002,6:20,"Brelsford, Alan T",169
ORBBS_603_9,ORBBS,603,9,2004,6/10/2004,7:50,"Handel, Colleen M",162
ORBBS_603_9,ORBBS,603,9,2011,6/13/2011,7:22,"Pajot, Lisa M",164
ORBBS_603_9,ORBBS,603,9,2013,6/13/2013,7:15,"Pajot, Lisa M",164
ORBBS_603_9,ORBBS,603,9,2014,6/12/2014,6:57,"Pajot, Lisa M",163
ORBBS_603_9,ORBBS,603,9,2016,6/10/2016,6:53,"Pajot, Lisa M",162
ORBBS_603_9,ORBBS,603,9,2018,6/12/2018,6:47,"Pajot, Lisa M",163
ORBBS_603_9,ORBBS,603,9,1996,6/15/1996,5:54,"Scott, Hustace  H",167
ORBBS_603_9,ORBBS,603,9,1993,5/30/1993,5:54,"Scott, Hustace  H",150
ORBBS_603_9,ORBBS,603,9,1994,5/28/1994,6:03,"Scott, Hustace  H",148
ORBBS_603_9,ORBBS,603,9,1995,6/12/1995,6:12,"Scott, Hustace  H",163
ORBBS_603_9,ORBBS,603,9,1994,6/17/1994,6:16,"Scott, Hustace  H",168
ORBBS_603_9,ORBBS,603,9,1995,5/28/1995,6:18,"Scott, Hustace  H",148
ORBBS_603_9,ORBBS,603,9,1994,6/8/1994,6:20,"Krajcirik, Lisa M",159
ORBBS_603_9,ORBBS,603,9,1995,5/23/1995,6:21,"Scott, Hustace  H",143
ORBBS_603_9,ORBBS,603,9,1993,5/18/1993,6:25,"Scott, Hustace  H",138
ORBBS_603_9,ORBBS,603,9,1996,5/24/1996,6:31,"Scott, Hustace  H",145
ORBBS_603_9,ORBBS,603,9,1995,6/9/1995,6:31,"Myers, Eric F",160
ORBBS_603_9,ORBBS,603,9,1993,5/25/1993,6:31,"Scott, Hustace  H",145
ORBBS_603_9,ORBBS,603,9,2003,6/13/2003,6:32,"deZeeuw, Maureen L",164
ORBBS_603_9,ORBBS,603,9,2007,6/17/2007,6:33,"deZeeuw, Maureen L",168
ORBBS_603_9,ORBBS,603,9,1994,5/21/1994,6:35,"Scott, Hustace  H",141
ORBBS_603_9,ORBBS,603,9,1995,5/18/1995,6:38,"Scott, Hustace  H",138
ORBBS_603_9,ORBBS,603,9,1996,5/28/1996,6:40,"Scott, Hustace  H",149
ORBBS_603_9,ORBBS,603,9,1994,6/22/1994,6:46,"deZeeuw, Maureen L",173
ORBBS_603_9,ORBBS,603,9,2009,6/14/2009,6:46,"deZeeuw, Maureen L",165
ORBBS_603_9,ORBBS,603,9,1996,5/7/1996,6:49,"Scott, Hustace  H",128
ORBBS_603_9,ORBBS,603,9,1996,6/21/1996,6:51,"Matsuoka, Steve M",173
ORBBS_603_9,ORBBS,603,9,1996,5/14/1996,6:52,"Scott, Hustace  H",135
ORBBS_603_9,ORBBS,603,9,2008,6/11/2008,6:52,"deZeeuw, Maureen L",163
ORBBS_603_9,ORBBS,603,9,1995,5/15/1995,6:55,"Myers, Eric F",135
ORBBS_603_9,ORBBS,603,9,1993,5/7/1993,6:55,"Scott, Hustace  H",127
ORBBS_603_9,ORBBS,603,9,1993,5/13/1993,6:55,"Scott, Hustace  H",133
ORBBS_603_9,ORBBS,603,9,1994,5/16/1994,6:58,"Scott, Hustace  H",136
ORBBS_603_9,ORBBS,603,9,2010,6/8/2010,7:00,"deZeeuw, Maureen L",159
ORBBS_603_9,ORBBS,603,9,2005,6/15/2005,7:02,"deZeeuw, Maureen L",166
ORBBS_603_9,ORBBS,603,9,2012,6/16/2012,7:04,"deZeeuw, Maureen L",168
ORBBS_603_9,ORBBS,603,9,1994,5/12/1994,7:10,"Scott, Hustace  H",132
ORBBS_603_9,ORBBS,603,9,1995,6/29/1995,7:18,"Myers, Eric F",180
ORBBS_603_9,ORBBS,603,9,2006,6/17/2006,7:21,"deZeeuw, Maureen L",168
ORBBS_603_9,ORBBS,603,9,1994,5/7/1994,7:27,"Scott, Hustace  H",127
ORBBS_603_9,ORBBS,603,9,2000,6/21/2000,7:29,"Handel, Colleen M",173
ORBBS_603_9,ORBBS,603,9,1997,6/23/1997,7:33,"deZeeuw, Maureen L",174
ORBBS_603_9,ORBBS,603,9,1996,6/8/1996,7:40,"Handel, Colleen M",160
ORBBS_603_9,ORBBS,603,9,1999,6/23/1999,7:43,"deZeeuw, Maureen L",174
ORBBS_603_9,ORBBS,603,9,1998,6/23/1998,7:51,"Parkinson, Kristina A",174
ORBBS_603_9,ORBBS,603,9,1998,6/23/1998,7:51,"Brelsford, Alan T",174
ORBBS_603_9,ORBBS,603,9,1993,6/11/1993,7:54,"deZeeuw, Maureen L",162
ORBBS_603_9,ORBBS,603,9,1993,6/22/1993,7:58,"deZeeuw, Maureen L",173
ORBBS_603_9,ORBBS,603,9,1993,6/2/1993,8:05,"Handel, Colleen M",153
ORBBS_603_9,ORBBS,603,9,1995,5/10/1995,8:12,"Myers, Eric F",130
ORBBS_603_6,ORBBS,603,6,2001,6/20/2001,6:00,"deZeeuw, Maureen L",171
ORBBS_603_6,ORBBS,603,6,2002,6/18/2002,5:33,"Senner, Nathan R",169
ORBBS_603_6,ORBBS,603,6,2004,6/10/2004,6:53,"Handel, Colleen M",162
ORBBS_603_6,ORBBS,603,6,2011,6/13/2011,6:29,"Pajot, Lisa M",164
ORBBS_603_6,ORBBS,603,6,2013,6/13/2013,6:27,"Pajot, Lisa M",164
ORBBS_603_6,ORBBS,603,6,2014,6/12/2014,6:10,"Pajot, Lisa M",163
ORBBS_603_6,ORBBS,603,6,2016,6/10/2016,6:04,"Pajot, Lisa M",162
ORBBS_603_6,ORBBS,603,6,2018,6/12/2018,6:02,"Pajot, Lisa M",163
ORBBS_603_6,ORBBS,603,6,1996,6/15/1996,5:29,"Scott, Hustace  H",167
ORBBS_603_6,ORBBS,603,6,1993,5/30/1993,5:33,"Scott, Hustace  H",150
ORBBS_603_6,ORBBS,603,6,2003,6/13/2003,5:40,"deZeeuw, Maureen L",164
ORBBS_603_6,ORBBS,603,6,1994,6/8/1994,5:44,"Krajcirik, Lisa M",159
ORBBS_603_6,ORBBS,603,6,1994,5/28/1994,5:45,"Scott, Hustace  H",148
ORBBS_603_6,ORBBS,603,6,1995,6/9/1995,5:48,"Myers, Eric F",160
ORBBS_603_6,ORBBS,603,6,1994,6/17/1994,5:49,"Scott, Hustace  H",168
ORBBS_603_6,ORBBS,603,6,1995,6/12/1995,5:52,"Scott, Hustace  H",163
ORBBS_603_6,ORBBS,603,6,2007,6/17/2007,5:54,"deZeeuw, Maureen L",168
ORBBS_603_6,ORBBS,603,6,1996,6/21/1996,5:55,"Matsuoka, Steve M",173
ORBBS_603_6,ORBBS,603,6,1995,5/28/1995,5:58,"Scott, Hustace  H",148
ORBBS_603_6,ORBBS,603,6,2009,6/14/2009,5:59,"deZeeuw, Maureen L",165
ORBBS_603_6,ORBBS,603,6,1995,5/23/1995,6:01,"Scott, Hustace  H",143
ORBBS_603_6,ORBBS,603,6,1993,5/18/1993,6:04,"Scott, Hustace  H",138
ORBBS_603_6,ORBBS,603,6,2012,6/16/2012,6:06,"deZeeuw, Maureen L",168
ORBBS_603_6,ORBBS,603,6,1994,6/22/1994,6:08,"deZeeuw, Maureen L",173
ORBBS_603_6,ORBBS,603,6,2008,6/11/2008,6:08,"deZeeuw, Maureen L",163
ORBBS_603_6,ORBBS,603,6,2010,6/8/2010,6:08,"deZeeuw, Maureen L",159
ORBBS_603_6,ORBBS,603,6,1996,5/24/1996,6:10,"Scott, Hustace  H",145
ORBBS_603_6,ORBBS,603,6,1995,5/18/1995,6:10,"Scott, Hustace  H",138
ORBBS_603_6,ORBBS,603,6,1993,5/25/1993,6:10,"Scott, Hustace  H",145
ORBBS_603_6,ORBBS,603,6,1994,5/21/1994,6:13,"Scott, Hustace  H",141
ORBBS_603_6,ORBBS,603,6,2005,6/15/2005,6:14,"deZeeuw, Maureen L",166
ORBBS_603_6,ORBBS,603,6,1996,5/28/1996,6:20,"Scott, Hustace  H",149
ORBBS_603_6,ORBBS,603,6,1999,6/23/1999,6:25,"deZeeuw, Maureen L",174
ORBBS_603_6,ORBBS,603,6,1995,5/15/1995,6:25,"Myers, Eric F",135
ORBBS_603_6,ORBBS,603,6,1996,5/7/1996,6:27,"Scott, Hustace  H",128
ORBBS_603_6,ORBBS,603,6,2006,6/17/2006,6:28,"deZeeuw, Maureen L",168
ORBBS_603_6,ORBBS,603,6,1996,5/14/1996,6:31,"Scott, Hustace  H",135
ORBBS_603_6,ORBBS,603,6,1993,5/7/1993,6:32,"Scott, Hustace  H",127
ORBBS_603_6,ORBBS,603,6,2000,6/21/2000,6:32,"Handel, Colleen M",173
ORBBS_603_6,ORBBS,603,6,1993,5/13/1993,6:33,"Scott, Hustace  H",133
ORBBS_603_6,ORBBS,603,6,1995,6/29/1995,6:35,"Myers, Eric F",180
ORBBS_603_6,ORBBS,603,6,1997,6/23/1997,6:38,"deZeeuw, Maureen L",174
ORBBS_603_6,ORBBS,603,6,1998,6/23/1998,6:39,"Brelsford, Alan T",174
ORBBS_603_6,ORBBS,603,6,1996,6/8/1996,6:39,"Handel, Colleen M",160
ORBBS_603_6,ORBBS,603,6,1998,6/23/1998,6:40,"Parkinson, Kristina A",174
ORBBS_603_6,ORBBS,603,6,1994,5/16/1994,6:40,"Scott, Hustace  H",136
ORBBS_603_6,ORBBS,603,6,1994,5/12/1994,6:50,"Scott, Hustace  H",132
ORBBS_603_6,ORBBS,603,6,1993,6/11/1993,6:53,"deZeeuw, Maureen L",162
ORBBS_603_6,ORBBS,603,6,1995,5/10/1995,6:54,"Myers, Eric F",130
ORBBS_603_6,ORBBS,603,6,1993,6/2/1993,7:03,"Handel, Colleen M",153
ORBBS_603_6,ORBBS,603,6,1994,5/7/1994,7:05,"Scott, Hustace  H",127
ORBBS_603_6,ORBBS,603,6,1993,6/22/1993,7:08,"deZeeuw, Maureen L",173
ORBBS_603_10,ORBBS,603,10,2001,6/20/2001,7:02,"deZeeuw, Maureen L",171
ORBBS_603_10,ORBBS,603,10,2002,6/18/2002,6:33,"Senner, Nathan R",169
ORBBS_603_10,ORBBS,603,10,2002,6/18/2002,6:33,"Brelsford, Alan T",169
ORBBS_603_10,ORBBS,603,10,2004,6/10/2004,8:49,"Handel, Colleen M",162
ORBBS_603_10,ORBBS,603,10,2011,6/13/2011,7:41,"Pajot, Lisa M",164
ORBBS_603_10,ORBBS,603,10,2013,6/13/2013,7:34,"Pajot, Lisa M",164
ORBBS_603_10,ORBBS,603,10,2014,6/12/2014,7:12,"Pajot, Lisa M",163
ORBBS_603_10,ORBBS,603,10,2016,6/10/2016,7:10,"Pajot, Lisa M",162
ORBBS_603_10,ORBBS,603,10,2018,6/12/2018,7:03,"Pajot, Lisa M",163
ORBBS_603_10,ORBBS,603,10,1996,6/15/1996,6:00,"Scott, Hustace  H",167
ORBBS_603_10,ORBBS,603,10,1993,5/30/1993,6:03,"Scott, Hustace  H",150
ORBBS_603_10,ORBBS,603,10,1994,5/28/1994,6:10,"Scott, Hustace  H",148
ORBBS_603_10,ORBBS,603,10,1995,6/12/1995,6:18,"Scott, Hustace  H",163
ORBBS_603_10,ORBBS,603,10,1994,6/17/1994,6:22,"Scott, Hustace  H",168
ORBBS_603_10,ORBBS,603,10,1995,5/28/1995,6:25,"Scott, Hustace  H",148
ORBBS_603_10,ORBBS,603,10,1995,5/23/1995,6:30,"Scott, Hustace  H",143
ORBBS_603_10,ORBBS,603,10,1993,5/18/1993,6:31,"Scott, Hustace  H",138
ORBBS_603_10,ORBBS,603,10,1993,5/25/1993,6:38,"Scott, Hustace  H",145
ORBBS_603_10,ORBBS,603,10,1994,6/8/1994,6:39,"Krajcirik, Lisa M",159
ORBBS_603_10,ORBBS,603,10,1996,5/24/1996,6:39,"Scott, Hustace  H",145
ORBBS_603_10,ORBBS,603,10,1995,6/9/1995,6:40,"Myers, Eric F",160
ORBBS_603_10,ORBBS,603,10,1994,5/21/1994,6:41,"Scott, Hustace  H",141
ORBBS_603_10,ORBBS,603,10,2003,6/13/2003,6:43,"deZeeuw, Maureen L",164
ORBBS_603_10,ORBBS,603,10,1996,5/28/1996,6:47,"Scott, Hustace  H",149
ORBBS_603_10,ORBBS,603,10,1995,5/18/1995,6:47,"Scott, Hustace  H",138
ORBBS_603_10,ORBBS,603,10,1996,5/7/1996,6:56,"Scott, Hustace  H",128
ORBBS_603_10,ORBBS,603,10,1994,6/22/1994,6:57,"deZeeuw, Maureen L",173
ORBBS_603_10,ORBBS,603,10,1996,5/14/1996,6:59,"Scott, Hustace  H",135
ORBBS_603_10,ORBBS,603,10,2009,6/14/2009,7:01,"deZeeuw, Maureen L",165
ORBBS_603_10,ORBBS,603,10,1993,5/7/1993,7:02,"Scott, Hustace  H",127
ORBBS_603_10,ORBBS,603,10,1993,5/13/1993,7:02,"Scott, Hustace  H",133
ORBBS_603_10,ORBBS,603,10,2007,6/17/2007,7:05,"deZeeuw, Maureen L",168
ORBBS_603_10,ORBBS,603,10,1994,5/16/1994,7:06,"Scott, Hustace  H",136
ORBBS_603_10,ORBBS,603,10,1996,6/21/1996,7:07,"Matsuoka, Steve M",173
ORBBS_603_10,ORBBS,603,10,2008,6/11/2008,7:11,"deZeeuw, Maureen L",163
ORBBS_603_10,ORBBS,603,10,1995,5/15/1995,7:12,"Myers, Eric F",135
ORBBS_603_10,ORBBS,603,10,2010,6/8/2010,7:12,"deZeeuw, Maureen L",159
ORBBS_603_10,ORBBS,603,10,2005,6/15/2005,7:16,"deZeeuw, Maureen L",166
ORBBS_603_10,ORBBS,603,10,2012,6/16/2012,7:17,"deZeeuw, Maureen L",168
ORBBS_603_10,ORBBS,603,10,1994,5/12/1994,7:18,"Scott, Hustace  H",132
ORBBS_603_10,ORBBS,603,10,2006,6/17/2006,7:32,"deZeeuw, Maureen L",168
ORBBS_603_10,ORBBS,603,10,1994,5/7/1994,7:35,"Scott, Hustace  H",127
ORBBS_603_10,ORBBS,603,10,2000,6/21/2000,7:45,"Handel, Colleen M",173
ORBBS_603_10,ORBBS,603,10,1997,6/23/1997,7:50,"deZeeuw, Maureen L",174
ORBBS_603_10,ORBBS,603,10,1995,6/29/1995,7:55,"Myers, Eric F",180
ORBBS_603_10,ORBBS,603,10,1999,6/23/1999,8:00,"deZeeuw, Maureen L",174
ORBBS_603_10,ORBBS,603,10,1993,6/11/1993,8:07,"deZeeuw, Maureen L",162
ORBBS_603_10,ORBBS,603,10,1996,6/8/1996,8:09,"Handel, Colleen M",160
ORBBS_603_10,ORBBS,603,10,1993,6/22/1993,8:09,"deZeeuw, Maureen L",173
ORBBS_603_10,ORBBS,603,10,1998,6/23/1998,8:11,"Parkinson, Kristina A",174
ORBBS_603_10,ORBBS,603,10,1998,6/23/1998,8:11,"Brelsford, Alan T",174
ORBBS_603_10,ORBBS,603,10,1993,6/2/1993,8:19,"Handel, Colleen M",153
ORBBS_603_10,ORBBS,603,10,1995,5/10/1995,8:28,"Myers, Eric F",130
ORBBS_603_8,ORBBS,603,8,2001,6/20/2001,6:35,"deZeeuw, Maureen L",171
ORBBS_603_8,ORBBS,603,8,2002,6/18/2002,6:03,"Senner, Nathan R",169
ORBBS_603_8,ORBBS,603,8,2002,6/18/2002,6:03,"Brelsford, Alan T",169
ORBBS_603_8,ORBBS,603,8,2004,6/10/2004,8:25,"Handel, Colleen M",162
ORBBS_603_8,ORBBS,603,8,2011,6/13/2011,7:05,"Pajot, Lisa M",164
ORBBS_603_8,ORBBS,603,8,2013,6/13/2013,6:57,"Pajot, Lisa M",164
ORBBS_603_8,ORBBS,603,8,2014,6/12/2014,6:39,"Pajot, Lisa M",163
ORBBS_603_8,ORBBS,603,8,2016,6/10/2016,6:37,"Pajot, Lisa M",162
ORBBS_603_8,ORBBS,603,8,2018,6/12/2018,6:33,"Pajot, Lisa M",163
ORBBS_603_8,ORBBS,603,8,1996,6/15/1996,5:45,"Scott, Hustace  H",167
ORBBS_603_8,ORBBS,603,8,1993,5/30/1993,5:47,"Scott, Hustace  H",150
ORBBS_603_8,ORBBS,603,8,1994,5/28/1994,5:57,"Scott, Hustace  H",148
ORBBS_603_8,ORBBS,603,8,1995,6/12/1995,6:05,"Scott, Hustace  H",163
ORBBS_603_8,ORBBS,603,8,1994,6/17/1994,6:09,"Scott, Hustace  H",168
ORBBS_603_8,ORBBS,603,8,1994,6/8/1994,6:11,"Krajcirik, Lisa M",159
ORBBS_603_8,ORBBS,603,8,1995,5/28/1995,6:12,"Scott, Hustace  H",148
ORBBS_603_8,ORBBS,603,8,1995,5/23/1995,6:14,"Scott, Hustace  H",143
ORBBS_603_8,ORBBS,603,8,2003,6/13/2003,6:17,"deZeeuw, Maureen L",164
ORBBS_603_8,ORBBS,603,8,1993,5/18/1993,6:18,"Scott, Hustace  H",138
ORBBS_603_8,ORBBS,603,8,1995,6/9/1995,6:19,"Myers, Eric F",160
ORBBS_603_8,ORBBS,603,8,2007,6/17/2007,6:22,"deZeeuw, Maureen L",168
ORBBS_603_8,ORBBS,603,8,1996,5/24/1996,6:24,"Scott, Hustace  H",145
ORBBS_603_8,ORBBS,603,8,1993,5/25/1993,6:24,"Scott, Hustace  H",145
ORBBS_603_8,ORBBS,603,8,1994,5/21/1994,6:28,"Scott, Hustace  H",141
ORBBS_603_8,ORBBS,603,8,1995,5/18/1995,6:29,"Scott, Hustace  H",138
ORBBS_603_8,ORBBS,603,8,1996,5/28/1996,6:33,"Scott, Hustace  H",149
ORBBS_603_8,ORBBS,603,8,1994,6/22/1994,6:34,"deZeeuw, Maureen L",173
ORBBS_603_8,ORBBS,603,8,2009,6/14/2009,6:34,"deZeeuw, Maureen L",165
ORBBS_603_8,ORBBS,603,8,1996,6/21/1996,6:39,"Matsuoka, Steve M",173
ORBBS_603_8,ORBBS,603,8,2008,6/11/2008,6:39,"deZeeuw, Maureen L",163
ORBBS_603_8,ORBBS,603,8,1996,5/7/1996,6:42,"Scott, Hustace  H",128
ORBBS_603_8,ORBBS,603,8,1995,5/15/1995,6:44,"Myers, Eric F",135
ORBBS_603_8,ORBBS,603,8,2012,6/16/2012,6:45,"deZeeuw, Maureen L",168
ORBBS_603_8,ORBBS,603,8,1996,5/14/1996,6:46,"Scott, Hustace  H",135
ORBBS_603_8,ORBBS,603,8,2005,6/15/2005,6:47,"deZeeuw, Maureen L",166
ORBBS_603_8,ORBBS,603,8,1993,5/7/1993,6:48,"Scott, Hustace  H",127
ORBBS_603_8,ORBBS,603,8,2010,6/8/2010,6:48,"deZeeuw, Maureen L",159
ORBBS_603_8,ORBBS,603,8,1993,5/13/1993,6:49,"Scott, Hustace  H",133
ORBBS_603_8,ORBBS,603,8,1994,5/16/1994,6:52,"Scott, Hustace  H",136
ORBBS_603_8,ORBBS,603,8,1995,6/29/1995,6:59,"Myers, Eric F",180
ORBBS_603_8,ORBBS,603,8,2006,6/17/2006,7:01,"deZeeuw, Maureen L",168
ORBBS_603_8,ORBBS,603,8,1994,5/12/1994,7:04,"Scott, Hustace  H",132
ORBBS_603_8,ORBBS,603,8,2000,6/21/2000,7:09,"Handel, Colleen M",173
ORBBS_603_8,ORBBS,603,8,1997,6/23/1997,7:15,"deZeeuw, Maureen L",174
ORBBS_603_8,ORBBS,603,8,1999,6/23/1999,7:16,"deZeeuw, Maureen L",174
ORBBS_603_8,ORBBS,603,8,1996,6/8/1996,7:17,"Handel, Colleen M",160
ORBBS_603_8,ORBBS,603,8,1994,5/7/1994,7:20,"Scott, Hustace  H",127
ORBBS_603_8,ORBBS,603,8,1998,6/23/1998,7:27,"Parkinson, Kristina A",174
ORBBS_603_8,ORBBS,603,8,1998,6/23/1998,7:27,"Brelsford, Alan T",174
ORBBS_603_8,ORBBS,603,8,1995,5/10/1995,7:44,"Myers, Eric F",130
ORBBS_603_8,ORBBS,603,8,1993,6/11/1993,7:44,"deZeeuw, Maureen L",162
ORBBS_603_8,ORBBS,603,8,1993,6/2/1993,7:44,"Handel, Colleen M",153
ORBBS_603_8,ORBBS,603,8,1993,6/22/1993,7:48,"deZeeuw, Maureen L",173
ORBBS_603_12,ORBBS,603,12,2001,6/20/2001,7:30,"deZeeuw, Maureen L",171
ORBBS_603_12,ORBBS,603,12,2002,6/18/2002,7:00,"Senner, Nathan R",169
ORBBS_603_12,ORBBS,603,12,2002,6/18/2002,7:00,"Brelsford, Alan T",169
ORBBS_603_12,ORBBS,603,12,2004,6/10/2004,9:27,"Handel, Colleen M",162
ORBBS_603_12,ORBBS,603,12,2011,6/13/2011,8:19,"Pajot, Lisa M",164
ORBBS_603_12,ORBBS,603,12,2013,6/13/2013,8:09,"Pajot, Lisa M",164
ORBBS_603_12,ORBBS,603,12,2014,6/12/2014,7:48,"Pajot, Lisa M",163
ORBBS_603_12,ORBBS,603,12,2016,6/10/2016,7:54,"Pajot, Lisa M",162
ORBBS_603_12,ORBBS,603,12,2018,6/12/2018,7:38,"Pajot, Lisa M",163
ORBBS_603_12,ORBBS,603,12,1996,6/15/1996,6:11,"Scott, Hustace  H",167
ORBBS_603_12,ORBBS,603,12,1993,5/30/1993,6:18,"Scott, Hustace  H",150
ORBBS_603_12,ORBBS,603,12,1994,5/28/1994,6:25,"Scott, Hustace  H",148
ORBBS_603_12,ORBBS,603,12,1995,6/12/1995,6:33,"Scott, Hustace  H",163
ORBBS_603_12,ORBBS,603,12,1994,6/17/1994,6:38,"Scott, Hustace  H",168
ORBBS_603_12,ORBBS,603,12,1995,5/28/1995,6:39,"Scott, Hustace  H",148
ORBBS_603_12,ORBBS,603,12,1995,5/23/1995,6:46,"Scott, Hustace  H",143
ORBBS_603_12,ORBBS,603,12,1993,5/18/1993,6:46,"Scott, Hustace  H",138
ORBBS_603_12,ORBBS,603,12,1993,5/25/1993,6:53,"Scott, Hustace  H",145
ORBBS_603_12,ORBBS,603,12,1996,5/24/1996,6:54,"Scott, Hustace  H",145
ORBBS_603_12,ORBBS,603,12,1994,5/21/1994,6:58,"Scott, Hustace  H",141
ORBBS_603_12,ORBBS,603,12,1995,6/9/1995,6:59,"Myers, Eric F",160
ORBBS_603_12,ORBBS,603,12,1996,5/28/1996,7:01,"Scott, Hustace  H",149
ORBBS_603_12,ORBBS,603,12,1995,5/18/1995,7:02,"Scott, Hustace  H",138
ORBBS_603_12,ORBBS,603,12,1994,6/8/1994,7:05,"Krajcirik, Lisa M",159
ORBBS_603_12,ORBBS,603,12,2003,6/13/2003,7:10,"deZeeuw, Maureen L",164
ORBBS_603_12,ORBBS,603,12,1996,5/7/1996,7:13,"Scott, Hustace  H",128
ORBBS_603_12,ORBBS,603,12,1996,5/14/1996,7:13,"Scott, Hustace  H",135
ORBBS_603_12,ORBBS,603,12,1993,5/7/1993,7:18,"Scott, Hustace  H",127
ORBBS_603_12,ORBBS,603,12,1993,5/13/1993,7:19,"Scott, Hustace  H",133
ORBBS_603_12,ORBBS,603,12,1994,5/16/1994,7:20,"Scott, Hustace  H",136
ORBBS_603_12,ORBBS,603,12,2007,6/17/2007,7:25,"deZeeuw, Maureen L",168
ORBBS_603_12,ORBBS,603,12,1994,6/22/1994,7:29,"deZeeuw, Maureen L",173
ORBBS_603_12,ORBBS,603,12,1995,5/15/1995,7:31,"Myers, Eric F",135
ORBBS_603_12,ORBBS,603,12,2009,6/14/2009,7:35,"deZeeuw, Maureen L",165
ORBBS_603_12,ORBBS,603,12,1994,5/12/1994,7:37,"Scott, Hustace  H",132
ORBBS_603_12,ORBBS,603,12,1996,6/21/1996,7:38,"Matsuoka, Steve M",173
ORBBS_603_12,ORBBS,603,12,2010,6/8/2010,7:41,"deZeeuw, Maureen L",159
ORBBS_603_12,ORBBS,603,12,2005,6/15/2005,7:46,"deZeeuw, Maureen L",166
ORBBS_603_12,ORBBS,603,12,2012,6/16/2012,7:47,"deZeeuw, Maureen L",168
ORBBS_603_12,ORBBS,603,12,2008,6/11/2008,7:47,"deZeeuw, Maureen L",163
ORBBS_603_12,ORBBS,603,12,1994,5/7/1994,7:51,"Scott, Hustace  H",127
ORBBS_603_12,ORBBS,603,12,2006,6/17/2006,8:02,"deZeeuw, Maureen L",168
ORBBS_603_12,ORBBS,603,12,1995,6/29/1995,8:18,"Myers, Eric F",180
ORBBS_603_12,ORBBS,603,12,2000,6/21/2000,8:25,"Handel, Colleen M",173
ORBBS_603_12,ORBBS,603,12,1999,6/23/1999,8:29,"deZeeuw, Maureen L",174
ORBBS_603_12,ORBBS,603,12,1997,6/23/1997,8:29,"deZeeuw, Maureen L",174
ORBBS_603_12,ORBBS,603,12,1996,6/8/1996,8:44,"Handel, Colleen M",160
ORBBS_603_12,ORBBS,603,12,1993,6/11/1993,8:47,"deZeeuw, Maureen L",162
ORBBS_603_12,ORBBS,603,12,1993,6/22/1993,8:52,"deZeeuw, Maureen L",173
ORBBS_603_12,ORBBS,603,12,1998,6/23/1998,8:57,"Parkinson, Kristina A",174
ORBBS_603_12,ORBBS,603,12,1998,6/23/1998,8:57,"Brelsford, Alan T",174
ORBBS_603_12,ORBBS,603,12,1995,5/10/1995,8:59,"Myers, Eric F",130
ORBBS_603_12,ORBBS,603,12,1993,6/2/1993,9:06,"Handel, Colleen M",153
ORBBS_603_11,ORBBS,603,11,2001,6/20/2001,7:19,"deZeeuw, Maureen L",171
ORBBS_603_11,ORBBS,603,11,2002,6/18/2002,6:47,"Senner, Nathan R",169
ORBBS_603_11,ORBBS,603,11,2002,6/18/2002,6:47,"Brelsford, Alan T",169
ORBBS_603_11,ORBBS,603,11,2004,6/10/2004,9:09,"Handel, Colleen M",162
ORBBS_603_11,ORBBS,603,11,2011,6/13/2011,8:03,"Pajot, Lisa M",164
ORBBS_603_11,ORBBS,603,11,2013,6/13/2013,7:56,"Pajot, Lisa M",164
ORBBS_603_11,ORBBS,603,11,2014,6/12/2014,7:33,"Pajot, Lisa M",163
ORBBS_603_11,ORBBS,603,11,2016,6/10/2016,7:38,"Pajot, Lisa M",162
ORBBS_603_11,ORBBS,603,11,2018,6/12/2018,7:24,"Pajot, Lisa M",163
ORBBS_603_11,ORBBS,603,11,1996,6/15/1996,6:06,"Scott, Hustace  H",167
ORBBS_603_11,ORBBS,603,11,1993,5/30/1993,6:12,"Scott, Hustace  H",150
ORBBS_603_11,ORBBS,603,11,1994,5/28/1994,6:18,"Scott, Hustace  H",148
ORBBS_603_11,ORBBS,603,11,1995,6/12/1995,6:27,"Scott, Hustace  H",163
ORBBS_603_11,ORBBS,603,11,1994,6/17/1994,6:28,"Scott, Hustace  H",168
ORBBS_603_11,ORBBS,603,11,1995,5/28/1995,6:32,"Scott, Hustace  H",148
ORBBS_603_11,ORBBS,603,11,1995,5/23/1995,6:38,"Scott, Hustace  H",143
ORBBS_603_11,ORBBS,603,11,1993,5/18/1993,6:40,"Scott, Hustace  H",138
ORBBS_603_11,ORBBS,603,11,1993,5/25/1993,6:46,"Scott, Hustace  H",145
ORBBS_603_11,ORBBS,603,11,1996,5/24/1996,6:47,"Scott, Hustace  H",145
ORBBS_603_11,ORBBS,603,11,1994,6/8/1994,6:51,"Krajcirik, Lisa M",159
ORBBS_603_11,ORBBS,603,11,1995,6/9/1995,6:51,"Myers, Eric F",160
ORBBS_603_11,ORBBS,603,11,1994,5/21/1994,6:52,"Scott, Hustace  H",141
ORBBS_603_11,ORBBS,603,11,1996,5/28/1996,6:55,"Scott, Hustace  H",149
ORBBS_603_11,ORBBS,603,11,1995,5/18/1995,6:55,"Scott, Hustace  H",138
ORBBS_603_11,ORBBS,603,11,2003,6/13/2003,7:01,"deZeeuw, Maureen L",164
ORBBS_603_11,ORBBS,603,11,1996,5/7/1996,7:03,"Scott, Hustace  H",128
ORBBS_603_11,ORBBS,603,11,1996,5/14/1996,7:06,"Scott, Hustace  H",135
ORBBS_603_11,ORBBS,603,11,1993,5/7/1993,7:11,"Scott, Hustace  H",127
ORBBS_603_11,ORBBS,603,11,1993,5/13/1993,7:12,"Scott, Hustace  H",133
ORBBS_603_11,ORBBS,603,11,1994,5/16/1994,7:14,"Scott, Hustace  H",136
ORBBS_603_11,ORBBS,603,11,2007,6/17/2007,7:15,"deZeeuw, Maureen L",168
ORBBS_603_11,ORBBS,603,11,1994,6/22/1994,7:17,"deZeeuw, Maureen L",173
ORBBS_603_11,ORBBS,603,11,1995,5/15/1995,7:21,"Myers, Eric F",135
ORBBS_603_11,ORBBS,603,11,1996,6/21/1996,7:25,"Matsuoka, Steve M",173
ORBBS_603_11,ORBBS,603,11,2009,6/14/2009,7:25,"deZeeuw, Maureen L",165
ORBBS_603_11,ORBBS,603,11,1994,5/12/1994,7:27,"Scott, Hustace  H",132
ORBBS_603_11,ORBBS,603,11,2010,6/8/2010,7:32,"deZeeuw, Maureen L",159
ORBBS_603_11,ORBBS,603,11,2005,6/15/2005,7:33,"deZeeuw, Maureen L",166
ORBBS_603_11,ORBBS,603,11,2012,6/16/2012,7:36,"deZeeuw, Maureen L",168
ORBBS_603_11,ORBBS,603,11,2008,6/11/2008,7:36,"deZeeuw, Maureen L",163
ORBBS_603_11,ORBBS,603,11,1994,5/7/1994,7:43,"Scott, Hustace  H",127
ORBBS_603_11,ORBBS,603,11,2006,6/17/2006,7:51,"deZeeuw, Maureen L",168
ORBBS_603_11,ORBBS,603,11,1995,6/29/1995,8:07,"Myers, Eric F",180
ORBBS_603_11,ORBBS,603,11,2000,6/21/2000,8:10,"Handel, Colleen M",173
ORBBS_603_11,ORBBS,603,11,1997,6/23/1997,8:17,"deZeeuw, Maureen L",174
ORBBS_603_11,ORBBS,603,11,1999,6/23/1999,8:19,"deZeeuw, Maureen L",174
ORBBS_603_11,ORBBS,603,11,1996,6/8/1996,8:30,"Handel, Colleen M",160
ORBBS_603_11,ORBBS,603,11,1993,6/11/1993,8:37,"deZeeuw, Maureen L",162
ORBBS_603_11,ORBBS,603,11,1998,6/23/1998,8:39,"Parkinson, Kristina A",174
ORBBS_603_11,ORBBS,603,11,1998,6/23/1998,8:39,"Brelsford, Alan T",174
ORBBS_603_11,ORBBS,603,11,1993,6/22/1993,8:41,"deZeeuw, Maureen L",173
ORBBS_603_11,ORBBS,603,11,1995,5/10/1995,8:49,"Myers, Eric F",130
ORBBS_603_11,ORBBS,603,11,1993,6/2/1993,8:54,"Handel, Colleen M",153
ORBBS_611_7,ORBBS,611,7,2001,6/25/2001,6:43,"deZeeuw, Maureen L",176
ORBBS_611_7,ORBBS,611,7,2002,6/27/2002,5:59,"Senner, Nathan R",178
ORBBS_611_7,ORBBS,611,7,2002,6/27/2002,6:00,"Brelsford, Alan T",178
ORBBS_611_7,ORBBS,611,7,2010,6/23/2010,6:46,"Pajot, Lisa M",174
ORBBS_611_7,ORBBS,611,7,2011,6/24/2011,6:45,"Pajot, Lisa M",175
ORBBS_611_7,ORBBS,611,7,2013,6/22/2013,6:55,"Pajot, Lisa M",173
ORBBS_611_7,ORBBS,611,7,2014,6/22/2014,6:27,"Pajot, Lisa M",173
ORBBS_611_7,ORBBS,611,7,2015,6/24/2015,6:34,"Pajot, Lisa M",175
ORBBS_611_7,ORBBS,611,7,2017,6/25/2017,6:51,"Pajot, Lisa M",176
ORBBS_611_7,ORBBS,611,7,2019,6/20/2019,7:02,"Pajot, Lisa M",171
ORBBS_611_7,ORBBS,611,7,1995,6/22/1995,5:34,"Berg, Catherine M",173
ORBBS_611_7,ORBBS,611,7,1994,6/22/1994,5:41,"Berg, Catherine M",173
ORBBS_611_7,ORBBS,611,7,2007,6/21/2007,6:06,"deZeeuw, Maureen L",172
ORBBS_611_7,ORBBS,611,7,2003,6/24/2003,6:08,"deZeeuw, Maureen L",175
ORBBS_611_7,ORBBS,611,7,1993,6/28/1993,6:13,"Berg, Catherine M",179
ORBBS_611_7,ORBBS,611,7,1997,6/25/1997,6:15,"deZeeuw, Maureen L",176
ORBBS_611_7,ORBBS,611,7,1999,6/26/1999,6:17,"deZeeuw, Maureen L",177
ORBBS_611_7,ORBBS,611,7,2008,6/23/2008,6:27,"deZeeuw, Maureen L",175
ORBBS_611_7,ORBBS,611,7,2000,6/20/2000,6:28,"deZeeuw, Maureen L",172
ORBBS_611_7,ORBBS,611,7,2009,6/27/2009,6:30,"deZeeuw, Maureen L",178
ORBBS_611_7,ORBBS,611,7,2004,6/21/2004,6:32,"deZeeuw, Maureen L",173
ORBBS_611_7,ORBBS,611,7,1996,6/24/1996,6:36,"deZeeuw, Maureen L",176
ORBBS_611_7,ORBBS,611,7,2005,6/21/2005,6:37,"deZeeuw, Maureen L",172
ORBBS_611_7,ORBBS,611,7,2006,6/24/2006,6:38,"deZeeuw, Maureen L",175
ORBBS_611_7,ORBBS,611,7,2012,6/22/2012,6:44,"deZeeuw, Maureen L",174
ORBBS_611_7,ORBBS,611,7,1998,6/27/1998,7:10,"deZeeuw, Maureen L",178
ORBBS_611_8,ORBBS,611,8,2001,6/25/2001,6:55,"deZeeuw, Maureen L",176
ORBBS_611_8,ORBBS,611,8,2002,6/27/2002,6:11,"Senner, Nathan R",178
ORBBS_611_8,ORBBS,611,8,2002,6/27/2002,6:13,"Brelsford, Alan T",178
ORBBS_611_8,ORBBS,611,8,2010,6/23/2010,7:04,"Pajot, Lisa M",174
ORBBS_611_8,ORBBS,611,8,2011,6/24/2011,6:58,"Pajot, Lisa M",175
ORBBS_611_8,ORBBS,611,8,2013,6/22/2013,7:08,"Pajot, Lisa M",173
ORBBS_611_8,ORBBS,611,8,2014,6/22/2014,6:41,"Pajot, Lisa M",173
ORBBS_611_8,ORBBS,611,8,2015,6/24/2015,6:47,"Pajot, Lisa M",175
ORBBS_611_8,ORBBS,611,8,2017,6/25/2017,7:11,"Pajot, Lisa M",176
ORBBS_611_8,ORBBS,611,8,2019,6/20/2019,7:19,"Pajot, Lisa M",171
ORBBS_611_8,ORBBS,611,8,1995,6/22/1995,5:46,"Berg, Catherine M",173
ORBBS_611_8,ORBBS,611,8,1994,6/22/1994,5:51,"Berg, Catherine M",173
ORBBS_611_8,ORBBS,611,8,2007,6/21/2007,6:14,"deZeeuw, Maureen L",172
ORBBS_611_8,ORBBS,611,8,2003,6/24/2003,6:20,"deZeeuw, Maureen L",175
ORBBS_611_8,ORBBS,611,8,1997,6/25/1997,6:27,"deZeeuw, Maureen L",176
ORBBS_611_8,ORBBS,611,8,1993,6/28/1993,6:29,"Berg, Catherine M",179
ORBBS_611_8,ORBBS,611,8,2008,6/23/2008,6:39,"deZeeuw, Maureen L",175
ORBBS_611_8,ORBBS,611,8,2009,6/27/2009,6:40,"deZeeuw, Maureen L",178
ORBBS_611_8,ORBBS,611,8,2000,6/20/2000,6:41,"deZeeuw, Maureen L",172
ORBBS_611_8,ORBBS,611,8,2004,6/21/2004,6:43,"deZeeuw, Maureen L",173
ORBBS_611_8,ORBBS,611,8,1999,6/26/1999,6:44,"deZeeuw, Maureen L",177
ORBBS_611_8,ORBBS,611,8,2005,6/21/2005,6:48,"deZeeuw, Maureen L",172
ORBBS_611_8,ORBBS,611,8,2006,6/24/2006,6:48,"deZeeuw, Maureen L",175
ORBBS_611_8,ORBBS,611,8,1996,6/24/1996,6:49,"deZeeuw, Maureen L",176
ORBBS_611_8,ORBBS,611,8,2012,6/22/2012,7:00,"deZeeuw, Maureen L",174
ORBBS_611_8,ORBBS,611,8,1998,6/27/1998,7:45,"deZeeuw, Maureen L",178
ORBBS_611_6,ORBBS,611,6,2001,6/25/2001,6:29,"deZeeuw, Maureen L",176
ORBBS_611_6,ORBBS,611,6,2002,6/27/2002,5:45,"Senner, Nathan R",178
ORBBS_611_6,ORBBS,611,6,2002,6/27/2002,5:46,"Brelsford, Alan T",178
ORBBS_611_6,ORBBS,611,6,2010,6/23/2010,6:27,"Pajot, Lisa M",174
ORBBS_611_6,ORBBS,611,6,2011,6/24/2011,6:28,"Pajot, Lisa M",175
ORBBS_611_6,ORBBS,611,6,2013,6/22/2013,6:23,"Pajot, Lisa M",173
ORBBS_611_6,ORBBS,611,6,2014,6/22/2014,6:11,"Pajot, Lisa M",173
ORBBS_611_6,ORBBS,611,6,2015,6/24/2015,6:19,"Pajot, Lisa M",175
ORBBS_611_6,ORBBS,611,6,2017,6/25/2017,6:35,"Pajot, Lisa M",176
ORBBS_611_6,ORBBS,611,6,2019,6/20/2019,6:46,"Pajot, Lisa M",171
ORBBS_611_6,ORBBS,611,6,1995,6/22/1995,5:22,"Berg, Catherine M",173
ORBBS_611_6,ORBBS,611,6,1994,6/22/1994,5:31,"Berg, Catherine M",173
ORBBS_611_6,ORBBS,611,6,2007,6/21/2007,5:48,"deZeeuw, Maureen L",172
ORBBS_611_6,ORBBS,611,6,1999,6/26/1999,5:50,"deZeeuw, Maureen L",177
ORBBS_611_6,ORBBS,611,6,2003,6/24/2003,5:53,"deZeeuw, Maureen L",175
ORBBS_611_6,ORBBS,611,6,1993,6/28/1993,5:55,"Berg, Catherine M",179
ORBBS_611_6,ORBBS,611,6,1997,6/25/1997,6:00,"deZeeuw, Maureen L",176
ORBBS_611_6,ORBBS,611,6,2008,6/23/2008,6:12,"deZeeuw, Maureen L",175
ORBBS_611_6,ORBBS,611,6,2000,6/20/2000,6:13,"deZeeuw, Maureen L",172
ORBBS_611_6,ORBBS,611,6,2009,6/27/2009,6:17,"deZeeuw, Maureen L",178
ORBBS_611_6,ORBBS,611,6,2004,6/21/2004,6:19,"deZeeuw, Maureen L",173
ORBBS_611_6,ORBBS,611,6,1996,6/24/1996,6:25,"deZeeuw, Maureen L",176
ORBBS_611_6,ORBBS,611,6,2006,6/24/2006,6:25,"deZeeuw, Maureen L",175
ORBBS_611_6,ORBBS,611,6,2005,6/21/2005,6:27,"deZeeuw, Maureen L",172
ORBBS_611_6,ORBBS,611,6,2012,6/22/2012,6:31,"deZeeuw, Maureen L",174
ORBBS_611_6,ORBBS,611,6,1998,6/27/1998,6:58,"deZeeuw, Maureen L",178
ORBBS_611_4,ORBBS,611,4,2001,6/25/2001,5:54,"deZeeuw, Maureen L",176
ORBBS_611_4,ORBBS,611,4,2002,6/27/2002,5:09,"Senner, Nathan R",178
ORBBS_611_4,ORBBS,611,4,2002,6/27/2002,5:11,"Brelsford, Alan T",178
ORBBS_611_4,ORBBS,611,4,2010,6/23/2010,5:35,"Pajot, Lisa M",174
ORBBS_611_4,ORBBS,611,4,2011,6/24/2011,5:42,"Pajot, Lisa M",175
ORBBS_611_4,ORBBS,611,4,2013,6/22/2013,5:35,"Pajot, Lisa M",173
ORBBS_611_4,ORBBS,611,4,2014,6/22/2014,5:37,"Pajot, Lisa M",173
ORBBS_611_4,ORBBS,611,4,2015,6/24/2015,5:47,"Pajot, Lisa M",175
ORBBS_611_4,ORBBS,611,4,2017,6/25/2017,5:39,"Pajot, Lisa M",176
ORBBS_611_4,ORBBS,611,4,2019,6/20/2019,5:56,"Pajot, Lisa M",171
ORBBS_611_4,ORBBS,611,4,1995,6/22/1995,4:56,"Berg, Catherine M",173
ORBBS_611_4,ORBBS,611,4,1994,6/22/1994,5:10,"Berg, Catherine M",173
ORBBS_611_4,ORBBS,611,4,1999,6/26/1999,5:16,"deZeeuw, Maureen L",177
ORBBS_611_4,ORBBS,611,4,2007,6/21/2007,5:22,"deZeeuw, Maureen L",172
ORBBS_611_4,ORBBS,611,4,2003,6/24/2003,5:22,"deZeeuw, Maureen L",175
ORBBS_611_4,ORBBS,611,4,1993,6/28/1993,5:23,"Berg, Catherine M",179
ORBBS_611_4,ORBBS,611,4,1997,6/25/1997,5:24,"deZeeuw, Maureen L",176
ORBBS_611_4,ORBBS,611,4,2008,6/23/2008,5:33,"deZeeuw, Maureen L",175
ORBBS_611_4,ORBBS,611,4,2009,6/27/2009,5:36,"deZeeuw, Maureen L",178
ORBBS_611_4,ORBBS,611,4,2000,6/20/2000,5:40,"deZeeuw, Maureen L",172
ORBBS_611_4,ORBBS,611,4,2006,6/24/2006,5:47,"deZeeuw, Maureen L",175
ORBBS_611_4,ORBBS,611,4,2005,6/21/2005,5:51,"deZeeuw, Maureen L",172
ORBBS_611_4,ORBBS,611,4,2004,6/21/2004,5:52,"deZeeuw, Maureen L",173
ORBBS_611_4,ORBBS,611,4,1996,6/24/1996,5:55,"deZeeuw, Maureen L",176
ORBBS_611_4,ORBBS,611,4,2012,6/22/2012,6:00,"deZeeuw, Maureen L",174
ORBBS_611_4,ORBBS,611,4,1998,6/27/1998,6:18,"deZeeuw, Maureen L",178
ORBBS_611_9,ORBBS,611,9,2001,6/25/2001,7:19,"deZeeuw, Maureen L",176
ORBBS_611_9,ORBBS,611,9,2002,6/27/2002,6:29,"Senner, Nathan R",178
ORBBS_611_9,ORBBS,611,9,2002,6/27/2002,6:31,"Brelsford, Alan T",178
ORBBS_611_9,ORBBS,611,9,2010,6/23/2010,7:41,"Pajot, Lisa M",174
ORBBS_611_9,ORBBS,611,9,2011,6/24/2011,7:16,"Pajot, Lisa M",175
ORBBS_611_9,ORBBS,611,9,2013,6/22/2013,7:28,"Pajot, Lisa M",173
ORBBS_611_9,ORBBS,611,9,2014,6/22/2014,6:59,"Pajot, Lisa M",173
ORBBS_611_9,ORBBS,611,9,2015,6/24/2015,7:04,"Pajot, Lisa M",175
ORBBS_611_9,ORBBS,611,9,2017,6/25/2017,7:41,"Pajot, Lisa M",176
ORBBS_611_9,ORBBS,611,9,2019,6/20/2019,7:36,"Pajot, Lisa M",171
ORBBS_611_9,ORBBS,611,9,1995,6/22/1995,6:01,"Berg, Catherine M",173
ORBBS_611_9,ORBBS,611,9,1994,6/22/1994,6:04,"Berg, Catherine M",173
ORBBS_611_9,ORBBS,611,9,2007,6/21/2007,6:20,"deZeeuw, Maureen L",172
ORBBS_611_9,ORBBS,611,9,2003,6/24/2003,6:40,"deZeeuw, Maureen L",175
ORBBS_611_9,ORBBS,611,9,1997,6/25/1997,6:45,"deZeeuw, Maureen L",176
ORBBS_611_9,ORBBS,611,9,1993,6/28/1993,6:49,"Berg, Catherine M",179
ORBBS_611_9,ORBBS,611,9,2000,6/20/2000,6:57,"deZeeuw, Maureen L",172
ORBBS_611_9,ORBBS,611,9,2009,6/27/2009,6:59,"deZeeuw, Maureen L",178
ORBBS_611_9,ORBBS,611,9,1996,6/24/1996,7:03,"deZeeuw, Maureen L",176
ORBBS_611_9,ORBBS,611,9,2008,6/23/2008,7:03,"deZeeuw, Maureen L",175
ORBBS_611_9,ORBBS,611,9,2004,6/21/2004,7:05,"deZeeuw, Maureen L",173
ORBBS_611_9,ORBBS,611,9,2006,6/24/2006,7:06,"deZeeuw, Maureen L",175
ORBBS_611_9,ORBBS,611,9,2005,6/21/2005,7:08,"deZeeuw, Maureen L",172
ORBBS_611_9,ORBBS,611,9,1999,6/26/1999,7:10,"deZeeuw, Maureen L",177
ORBBS_611_9,ORBBS,611,9,2012,6/22/2012,7:20,"deZeeuw, Maureen L",174
ORBBS_611_9,ORBBS,611,9,1998,6/27/1998,8:04,"deZeeuw, Maureen L",178
ORBBS_611_5,ORBBS,611,5,2001,6/25/2001,6:09,"deZeeuw, Maureen L",176
ORBBS_611_5,ORBBS,611,5,2002,6/27/2002,5:25,"Senner, Nathan R",178
ORBBS_611_5,ORBBS,611,5,2002,6/27/2002,5:26,"Brelsford, Alan T",178
ORBBS_611_5,ORBBS,611,5,2010,6/23/2010,5:55,"Pajot, Lisa M",174
ORBBS_611_5,ORBBS,611,5,2011,6/24/2011,6:04,"Pajot, Lisa M",175
ORBBS_611_5,ORBBS,611,5,2013,6/22/2013,5:51,"Pajot, Lisa M",173
ORBBS_611_5,ORBBS,611,5,2014,6/22/2014,5:51,"Pajot, Lisa M",173
ORBBS_611_5,ORBBS,611,5,2015,6/24/2015,6:02,"Pajot, Lisa M",175
ORBBS_611_5,ORBBS,611,5,2017,6/25/2017,5:54,"Pajot, Lisa M",176
ORBBS_611_5,ORBBS,611,5,2019,6/20/2019,6:23,"Pajot, Lisa M",171
ORBBS_611_5,ORBBS,611,5,1995,6/22/1995,5:10,"Berg, Catherine M",173
ORBBS_611_5,ORBBS,611,5,1994,6/22/1994,5:20,"Berg, Catherine M",173
ORBBS_611_5,ORBBS,611,5,1999,6/26/1999,5:31,"deZeeuw, Maureen L",177
ORBBS_611_5,ORBBS,611,5,2007,6/21/2007,5:34,"deZeeuw, Maureen L",172
ORBBS_611_5,ORBBS,611,5,1993,6/28/1993,5:38,"Berg, Catherine M",179
ORBBS_611_5,ORBBS,611,5,2003,6/24/2003,5:39,"deZeeuw, Maureen L",175
ORBBS_611_5,ORBBS,611,5,1997,6/25/1997,5:40,"deZeeuw, Maureen L",176
ORBBS_611_5,ORBBS,611,5,2009,6/27/2009,5:51,"deZeeuw, Maureen L",178
ORBBS_611_5,ORBBS,611,5,2008,6/23/2008,5:52,"deZeeuw, Maureen L",175
ORBBS_611_5,ORBBS,611,5,2000,6/20/2000,5:54,"deZeeuw, Maureen L",172
ORBBS_611_5,ORBBS,611,5,2006,6/24/2006,6:02,"deZeeuw, Maureen L",175
ORBBS_611_5,ORBBS,611,5,2004,6/21/2004,6:04,"deZeeuw, Maureen L",173
ORBBS_611_5,ORBBS,611,5,2005,6/21/2005,6:07,"deZeeuw, Maureen L",172
ORBBS_611_5,ORBBS,611,5,1996,6/24/1996,6:11,"deZeeuw, Maureen L",176
ORBBS_611_5,ORBBS,611,5,2012,6/22/2012,6:15,"deZeeuw, Maureen L",174
ORBBS_611_5,ORBBS,611,5,1998,6/27/1998,6:38,"deZeeuw, Maureen L",178
ORBBS_611_3,ORBBS,611,3,2001,6/25/2001,5:34,"deZeeuw, Maureen L",176
ORBBS_611_3,ORBBS,611,3,2002,6/27/2002,4:54,"Senner, Nathan R",178
ORBBS_611_3,ORBBS,611,3,2002,6/27/2002,4:55,"Brelsford, Alan T",178
ORBBS_611_3,ORBBS,611,3,2010,6/23/2010,5:15,"Pajot, Lisa M",174
ORBBS_611_3,ORBBS,611,3,2011,6/24/2011,5:22,"Pajot, Lisa M",175
ORBBS_611_3,ORBBS,611,3,2013,6/22/2013,5:17,"Pajot, Lisa M",173
ORBBS_611_3,ORBBS,611,3,2014,6/22/2014,5:19,"Pajot, Lisa M",173
ORBBS_611_3,ORBBS,611,3,2015,6/24/2015,5:32,"Pajot, Lisa M",175
ORBBS_611_3,ORBBS,611,3,2017,6/25/2017,5:24,"Pajot, Lisa M",176
ORBBS_611_3,ORBBS,611,3,2019,6/20/2019,5:34,"Pajot, Lisa M",171
ORBBS_611_3,ORBBS,611,3,1995,6/22/1995,4:43,"Berg, Catherine M",173
ORBBS_611_3,ORBBS,611,3,1999,6/26/1999,4:58,"deZeeuw, Maureen L",177
ORBBS_611_3,ORBBS,611,3,1994,6/22/1994,4:58,"Berg, Catherine M",173
ORBBS_611_3,ORBBS,611,3,2007,6/21/2007,5:07,"deZeeuw, Maureen L",172
ORBBS_611_3,ORBBS,611,3,1997,6/25/1997,5:08,"deZeeuw, Maureen L",176
ORBBS_611_3,ORBBS,611,3,1993,6/28/1993,5:09,"Berg, Catherine M",179
ORBBS_611_3,ORBBS,611,3,2003,6/24/2003,5:10,"deZeeuw, Maureen L",175
ORBBS_611_3,ORBBS,611,3,2000,6/20/2000,5:20,"deZeeuw, Maureen L",172
ORBBS_611_3,ORBBS,611,3,2008,6/23/2008,5:21,"deZeeuw, Maureen L",175
ORBBS_611_3,ORBBS,611,3,2006,6/24/2006,5:24,"deZeeuw, Maureen L",175
ORBBS_611_3,ORBBS,611,3,2009,6/27/2009,5:24,"deZeeuw, Maureen L",178
ORBBS_611_3,ORBBS,611,3,2004,6/21/2004,5:32,"deZeeuw, Maureen L",173
ORBBS_611_3,ORBBS,611,3,1996,6/24/1996,5:37,"deZeeuw, Maureen L",176
ORBBS_611_3,ORBBS,611,3,2005,6/21/2005,5:39,"deZeeuw, Maureen L",172
ORBBS_611_3,ORBBS,611,3,2012,6/22/2012,5:46,"deZeeuw, Maureen L",174
ORBBS_611_3,ORBBS,611,3,1998,6/27/1998,6:04,"deZeeuw, Maureen L",178
ORBBS_611_10,ORBBS,611,10,2001,6/25/2001,7:48,"deZeeuw, Maureen L",176
ORBBS_611_10,ORBBS,611,10,2002,6/27/2002,6:44,"Senner, Nathan R",178
ORBBS_611_10,ORBBS,611,10,2002,6/27/2002,6:45,"Brelsford, Alan T",178
ORBBS_611_10,ORBBS,611,10,2010,6/23/2010,7:59,"Pajot, Lisa M",174
ORBBS_611_10,ORBBS,611,10,2011,6/24/2011,7:30,"Pajot, Lisa M",175
ORBBS_611_10,ORBBS,611,10,2013,6/22/2013,7:45,"Pajot, Lisa M",173
ORBBS_611_10,ORBBS,611,10,2014,6/22/2014,7:15,"Pajot, Lisa M",173
ORBBS_611_10,ORBBS,611,10,2015,6/24/2015,7:22,"Pajot, Lisa M",175
ORBBS_611_10,ORBBS,611,10,2017,6/25/2017,7:28,"Pajot, Lisa M",176
ORBBS_611_10,ORBBS,611,10,2019,6/20/2019,7:50,"Pajot, Lisa M",171
ORBBS_611_10,ORBBS,611,10,1994,6/22/1994,6:13,"Berg, Catherine M",173
ORBBS_611_10,ORBBS,611,10,1995,6/22/1995,6:13,"Berg, Catherine M",173
ORBBS_611_10,ORBBS,611,10,2007,6/21/2007,6:34,"deZeeuw, Maureen L",172
ORBBS_611_10,ORBBS,611,10,2003,6/24/2003,6:54,"deZeeuw, Maureen L",175
ORBBS_611_10,ORBBS,611,10,1997,6/25/1997,6:59,"deZeeuw, Maureen L",176
ORBBS_611_10,ORBBS,611,10,1993,6/28/1993,7:03,"Berg, Catherine M",179
ORBBS_611_10,ORBBS,611,10,2000,6/20/2000,7:12,"deZeeuw, Maureen L",172
ORBBS_611_10,ORBBS,611,10,2009,6/27/2009,7:14,"deZeeuw, Maureen L",178
ORBBS_611_10,ORBBS,611,10,2008,6/23/2008,7:18,"deZeeuw, Maureen L",175
ORBBS_611_10,ORBBS,611,10,2004,6/21/2004,7:20,"deZeeuw, Maureen L",173
ORBBS_611_10,ORBBS,611,10,1996,6/24/1996,7:23,"deZeeuw, Maureen L",176
ORBBS_611_10,ORBBS,611,10,2006,6/24/2006,7:23,"deZeeuw, Maureen L",175
ORBBS_611_10,ORBBS,611,10,2005,6/21/2005,7:25,"deZeeuw, Maureen L",172
ORBBS_611_10,ORBBS,611,10,1999,6/26/1999,7:27,"deZeeuw, Maureen L",177
ORBBS_611_10,ORBBS,611,10,2012,6/22/2012,7:37,"deZeeuw, Maureen L",174
ORBBS_611_10,ORBBS,611,10,1998,6/27/1998,8:22,"deZeeuw, Maureen L",178
ORBBS_611_2,ORBBS,611,2,2001,6/25/2001,5:11,"deZeeuw, Maureen L",176
ORBBS_611_2,ORBBS,611,2,2002,6/27/2002,4:40,"Senner, Nathan R",178
ORBBS_611_2,ORBBS,611,2,2002,6/27/2002,4:41,"Brelsford, Alan T",178
ORBBS_611_2,ORBBS,611,2,2010,6/23/2010,4:57,"Pajot, Lisa M",174
ORBBS_611_2,ORBBS,611,2,2011,6/24/2011,5:04,"Pajot, Lisa M",175
ORBBS_611_2,ORBBS,611,2,2013,6/22/2013,5:00,"Pajot, Lisa M",173
ORBBS_611_2,ORBBS,611,2,2014,6/22/2014,5:03,"Pajot, Lisa M",173
ORBBS_611_2,ORBBS,611,2,2015,6/24/2015,5:10,"Pajot, Lisa M",175
ORBBS_611_2,ORBBS,611,2,2017,6/25/2017,5:10,"Pajot, Lisa M",176
ORBBS_611_2,ORBBS,611,2,2019,6/20/2019,5:13,"Pajot, Lisa M",171
ORBBS_611_2,ORBBS,611,2,1995,6/22/1995,4:31,"Berg, Catherine M",173
ORBBS_611_2,ORBBS,611,2,1999,6/26/1999,4:40,"deZeeuw, Maureen L",177
ORBBS_611_2,ORBBS,611,2,1994,6/22/1994,4:44,"Berg, Catherine M",173
ORBBS_611_2,ORBBS,611,2,2007,6/21/2007,4:46,"deZeeuw, Maureen L",172
ORBBS_611_2,ORBBS,611,2,1993,6/28/1993,4:51,"Berg, Catherine M",179
ORBBS_611_2,ORBBS,611,2,1997,6/25/1997,4:51,"deZeeuw, Maureen L",176
ORBBS_611_2,ORBBS,611,2,2003,6/24/2003,4:54,"deZeeuw, Maureen L",175
ORBBS_611_2,ORBBS,611,2,2000,6/20/2000,4:55,"deZeeuw, Maureen L",172
ORBBS_611_2,ORBBS,611,2,2006,6/24/2006,5:05,"deZeeuw, Maureen L",175
ORBBS_611_2,ORBBS,611,2,2008,6/23/2008,5:08,"deZeeuw, Maureen L",175
ORBBS_611_2,ORBBS,611,2,2009,6/27/2009,5:11,"deZeeuw, Maureen L",178
ORBBS_611_2,ORBBS,611,2,1996,6/24/1996,5:14,"deZeeuw, Maureen L",176
ORBBS_611_2,ORBBS,611,2,2004,6/21/2004,5:14,"deZeeuw, Maureen L",173
ORBBS_611_2,ORBBS,611,2,2005,6/21/2005,5:20,"deZeeuw, Maureen L",172
ORBBS_611_2,ORBBS,611,2,2012,6/22/2012,5:28,"deZeeuw, Maureen L",174
ORBBS_611_2,ORBBS,611,2,1998,6/27/1998,5:32,"deZeeuw, Maureen L",178
ORBBS_611_11,ORBBS,611,11,2001,6/25/2001,8:14,"deZeeuw, Maureen L",176
ORBBS_611_11,ORBBS,611,11,2002,6/27/2002,7:00,"Senner, Nathan R",178
ORBBS_611_11,ORBBS,611,11,2002,6/27/2002,7:00,"Brelsford, Alan T",178
ORBBS_611_11,ORBBS,611,11,2010,6/23/2010,8:24,"Pajot, Lisa M",174
ORBBS_611_11,ORBBS,611,11,2011,6/24/2011,7:51,"Pajot, Lisa M",175
ORBBS_611_11,ORBBS,611,11,2014,6/22/2014,7:45,"Pajot, Lisa M",173
ORBBS_611_11,ORBBS,611,11,2015,6/24/2015,7:41,"Pajot, Lisa M",175
ORBBS_611_11,ORBBS,611,11,2017,6/25/2017,8:28,"Pajot, Lisa M",176
ORBBS_611_11,ORBBS,611,11,2019,6/20/2019,8:08,"Pajot, Lisa M",171
ORBBS_611_11,ORBBS,611,11,1994,6/22/1994,6:24,"Berg, Catherine M",173
ORBBS_611_11,ORBBS,611,11,1995,6/22/1995,6:30,"Berg, Catherine M",173
ORBBS_611_11,ORBBS,611,11,2007,6/21/2007,7:06,"deZeeuw, Maureen L",172
ORBBS_611_11,ORBBS,611,11,1997,6/25/1997,7:14,"deZeeuw, Maureen L",176
ORBBS_611_11,ORBBS,611,11,1993,6/28/1993,7:18,"Berg, Catherine M",179
ORBBS_611_11,ORBBS,611,11,2003,6/24/2003,7:20,"deZeeuw, Maureen L",175
ORBBS_611_11,ORBBS,611,11,2000,6/20/2000,7:30,"deZeeuw, Maureen L",172
ORBBS_611_11,ORBBS,611,11,2009,6/27/2009,7:32,"deZeeuw, Maureen L",178
ORBBS_611_11,ORBBS,611,11,2008,6/23/2008,7:38,"deZeeuw, Maureen L",175
ORBBS_611_11,ORBBS,611,11,1996,6/24/1996,7:40,"deZeeuw, Maureen L",176
ORBBS_611_11,ORBBS,611,11,2005,6/21/2005,7:43,"deZeeuw, Maureen L",172
ORBBS_611_11,ORBBS,611,11,2006,6/24/2006,7:47,"deZeeuw, Maureen L",175
ORBBS_611_11,ORBBS,611,11,2004,6/21/2004,7:51,"deZeeuw, Maureen L",173
ORBBS_611_11,ORBBS,611,11,1999,6/26/1999,8:03,"deZeeuw, Maureen L",177
ORBBS_611_11,ORBBS,611,11,1998,6/27/1998,8:38,"deZeeuw, Maureen L",178
ORBBS_611_1,ORBBS,611,1,2001,6/25/2001,4:47,"deZeeuw, Maureen L",176
ORBBS_611_1,ORBBS,611,1,2002,6/27/2002,4:23,"Senner, Nathan R",178
ORBBS_611_1,ORBBS,611,1,2002,6/27/2002,4:23,"Brelsford, Alan T",178
ORBBS_611_1,ORBBS,611,1,2010,6/23/2010,4:38,"Pajot, Lisa M",174
ORBBS_611_1,ORBBS,611,1,2011,6/24/2011,4:23,"Pajot, Lisa M",175
ORBBS_611_1,ORBBS,611,1,2013,6/22/2013,4:42,"Pajot, Lisa M",173
ORBBS_611_1,ORBBS,611,1,2014,6/22/2014,4:41,"Pajot, Lisa M",173
ORBBS_611_1,ORBBS,611,1,2015,6/24/2015,4:43,"Pajot, Lisa M",175
ORBBS_611_1,ORBBS,611,1,2017,6/25/2017,4:50,"Pajot, Lisa M",176
ORBBS_611_1,ORBBS,611,1,2019,6/20/2019,4:50,"Pajot, Lisa M",171
ORBBS_611_1,ORBBS,611,1,1995,6/22/1995,4:18,"Berg, Catherine M",173
ORBBS_611_1,ORBBS,611,1,1999,6/26/1999,4:25,"deZeeuw, Maureen L",177
ORBBS_611_1,ORBBS,611,1,2007,6/21/2007,4:30,"deZeeuw, Maureen L",172
ORBBS_611_1,ORBBS,611,1,1994,6/22/1994,4:32,"Berg, Catherine M",173
ORBBS_611_1,ORBBS,611,1,2000,6/20/2000,4:37,"deZeeuw, Maureen L",172
ORBBS_611_1,ORBBS,611,1,2003,6/24/2003,4:37,"deZeeuw, Maureen L",175
ORBBS_611_1,ORBBS,611,1,1993,6/28/1993,4:39,"Berg, Catherine M",179
ORBBS_611_1,ORBBS,611,1,1997,6/25/1997,4:40,"deZeeuw, Maureen L",176
ORBBS_611_1,ORBBS,611,1,2006,6/24/2006,4:48,"deZeeuw, Maureen L",175
ORBBS_611_1,ORBBS,611,1,1996,6/24/1996,4:54,"deZeeuw, Maureen L",176
ORBBS_611_1,ORBBS,611,1,2008,6/23/2008,4:54,"deZeeuw, Maureen L",175
ORBBS_611_1,ORBBS,611,1,2004,6/21/2004,4:55,"deZeeuw, Maureen L",173
ORBBS_611_1,ORBBS,611,1,2009,6/27/2009,4:55,"deZeeuw, Maureen L",178
ORBBS_611_1,ORBBS,611,1,2012,6/22/2012,5:03,"deZeeuw, Maureen L",174
ORBBS_611_1,ORBBS,611,1,1998,6/27/1998,5:06,"deZeeuw, Maureen L",178
ORBBS_611_1,ORBBS,611,1,2005,6/21/2005,5:08,"deZeeuw, Maureen L",172
ORBBS_611_12,ORBBS,611,12,2001,6/25/2001,8:26,"deZeeuw, Maureen L",176
ORBBS_611_12,ORBBS,611,12,2002,6/27/2002,7:14,"Senner, Nathan R",178
ORBBS_611_12,ORBBS,611,12,2002,6/27/2002,7:15,"Brelsford, Alan T",178
ORBBS_611_12,ORBBS,611,12,2010,6/23/2010,8:41,"Pajot, Lisa M",174
ORBBS_611_12,ORBBS,611,12,2011,6/24/2011,8:06,"Pajot, Lisa M",175
ORBBS_611_12,ORBBS,611,12,2013,6/22/2013,8:40,"Pajot, Lisa M",173
ORBBS_611_12,ORBBS,611,12,2014,6/22/2014,8:00,"Pajot, Lisa M",173
ORBBS_611_12,ORBBS,611,12,2015,6/24/2015,8:15,"Pajot, Lisa M",175
ORBBS_611_12,ORBBS,611,12,2017,6/25/2017,8:11,"Pajot, Lisa M",176
ORBBS_611_12,ORBBS,611,12,2019,6/20/2019,8:28,"Pajot, Lisa M",171
ORBBS_611_12,ORBBS,611,12,1994,6/22/1994,6:34,"Berg, Catherine M",173
ORBBS_611_12,ORBBS,611,12,1995,6/22/1995,6:41,"Berg, Catherine M",173
ORBBS_611_12,ORBBS,611,12,2007,6/21/2007,7:22,"deZeeuw, Maureen L",172
ORBBS_611_12,ORBBS,611,12,1997,6/25/1997,7:26,"deZeeuw, Maureen L",176
ORBBS_611_12,ORBBS,611,12,2003,6/24/2003,7:31,"deZeeuw, Maureen L",175
ORBBS_611_12,ORBBS,611,12,1993,6/28/1993,7:33,"Berg, Catherine M",179
ORBBS_611_12,ORBBS,611,12,2000,6/20/2000,7:41,"deZeeuw, Maureen L",172
ORBBS_611_12,ORBBS,611,12,2009,6/27/2009,7:44,"deZeeuw, Maureen L",178
ORBBS_611_12,ORBBS,611,12,2005,6/21/2005,7:55,"deZeeuw, Maureen L",172
ORBBS_611_12,ORBBS,611,12,2008,6/23/2008,7:56,"deZeeuw, Maureen L",175
ORBBS_611_12,ORBBS,611,12,1996,6/24/1996,7:58,"deZeeuw, Maureen L",176
ORBBS_611_12,ORBBS,611,12,2012,6/22/2012,8:00,"deZeeuw, Maureen L",174
ORBBS_611_12,ORBBS,611,12,2004,6/21/2004,8:01,"deZeeuw, Maureen L",173
ORBBS_611_12,ORBBS,611,12,1999,6/26/1999,8:15,"deZeeuw, Maureen L",177
ORBBS_611_12,ORBBS,611,12,2006,6/24/2006,8:21,"deZeeuw, Maureen L",175
ORBBS_611_12,ORBBS,611,12,1998,6/27/1998,8:50,"deZeeuw, Maureen L",178
ORBBS_607_1,ORBBS,607,1,2001,6/22/2001,4:46,"Cotter, Paul A",173
ORBBS_607_1,ORBBS,607,1,2002,6/26/2002,4:38,"Cotter, Paul A",177
ORBBS_607_1,ORBBS,607,1,2004,6/18/2004,5:09,"Handel, Colleen M",170
ORBBS_607_1,ORBBS,607,1,2006,6/20/2006,4:54,"Handel, Colleen M",171
ORBBS_607_1,ORBBS,607,1,2008,6/23/2008,5:15,"Handel, Colleen M",175
ORBBS_607_1,ORBBS,607,1,2010,6/25/2010,5:57,"Handel, Colleen M",176
ORBBS_607_1,ORBBS,607,1,2013,6/27/2013,5:42,"Handel, Colleen M",178
ORBBS_607_1,ORBBS,607,1,2014,6/28/2014,4:52,"Handel, Colleen M",179
ORBBS_607_1,ORBBS,607,1,2016,6/21/2016,4:41,"Handel, Colleen M",173
ORBBS_607_1,ORBBS,607,1,2018,6/29/2018,5:12,"Handel, Colleen M",180
ORBBS_607_1,ORBBS,607,1,2020,6/23/2020,5:22,"Handel, Colleen M",175
ORBBS_607_1,ORBBS,607,1,2000,6/23/2000,4:28,"Handel, Colleen M",175
ORBBS_607_1,ORBBS,607,1,1995,6/29/1995,4:33,"Handel, Colleen M",180
ORBBS_607_1,ORBBS,607,1,1994,6/26/1994,4:36,"Krajcirik, Lisa M",177
ORBBS_607_1,ORBBS,607,1,1995,6/6/1995,4:41,"Ricketts, Julia C",157
ORBBS_607_1,ORBBS,607,1,1997,6/27/1997,4:46,"Handel, Colleen M",178
ORBBS_607_1,ORBBS,607,1,1994,6/17/1994,4:48,"Handel, Colleen M",168
ORBBS_607_1,ORBBS,607,1,1993,6/4/1993,4:49,"deZeeuw, Maureen L",155
ORBBS_607_1,ORBBS,607,1,1998,6/25/1998,4:51,"Handel, Colleen M",176
ORBBS_607_1,ORBBS,607,1,1996,6/27/1996,4:52,"Handel, Colleen M",179
ORBBS_607_1,ORBBS,607,1,1994,5/31/1994,4:54,"Krajcirik, Lisa M",151
ORBBS_607_1,ORBBS,607,1,1994,6/8/1994,4:55,"deZeeuw, Maureen L",159
ORBBS_607_1,ORBBS,607,1,1995,6/10/1995,4:55,"deZeeuw, Maureen L",161
ORBBS_607_1,ORBBS,607,1,1993,6/24/1993,4:59,JDMason,175
ORBBS_607_1,ORBBS,607,1,1993,6/18/1993,5:07,"Handel, Colleen M",169
ORBBS_607_1,ORBBS,607,1,1994,5/24/1994,5:18,"Krajcirik, Lisa M",144
ORBBS_607_1,ORBBS,607,1,1994,5/17/1994,5:19,"Krajcirik, Lisa M",137
ORBBS_607_1,ORBBS,607,1,1999,6/24/1999,5:20,"Bartecchi, Kristen M",175
ORBBS_607_1,ORBBS,607,1,1999,6/24/1999,5:24,"Pajot, Lisa M",175
ORBBS_607_1,ORBBS,607,1,1993,5/26/1993,5:24,"Handel, Colleen M",146
ORBBS_607_1,ORBBS,607,1,1993,5/21/1993,5:27,"Handel, Colleen M",141
ORBBS_607_1,ORBBS,607,1,1994,5/13/1994,5:41,"Krajcirik, Lisa M",133
ORBBS_607_1,ORBBS,607,1,1994,5/10/1994,5:42,"Krajcirik, Lisa M",130
ORBBS_607_1,ORBBS,607,1,1993,5/18/1993,5:46,"Handel, Colleen M",138
ORBBS_607_1,ORBBS,607,1,1993,5/12/1993,6:05,"Handel, Colleen M",132
ORBBS_607_1,ORBBS,607,1,1993,5/7/1993,6:09,"Handel, Colleen M",127
ORBBS_607_1,ORBBS,607,1,2000,5/5/2000,6:40,"Handel, Colleen M",126
ORBBS_607_12,ORBBS,607,12,2001,6/22/2001,8:17,"Cotter, Paul A",173
ORBBS_607_12,ORBBS,607,12,2002,6/26/2002,7:51,"Cotter, Paul A",177
ORBBS_607_12,ORBBS,607,12,2004,6/18/2004,10:37,"Handel, Colleen M",170
ORBBS_607_12,ORBBS,607,12,2006,6/20/2006,10:51,"Handel, Colleen M",171
ORBBS_607_12,ORBBS,607,12,2008,6/23/2008,10:40,"Handel, Colleen M",175
ORBBS_607_12,ORBBS,607,12,2010,6/25/2010,10:57,"Handel, Colleen M",176
ORBBS_607_12,ORBBS,607,12,2013,6/27/2013,9:55,"Handel, Colleen M",178
ORBBS_607_12,ORBBS,607,12,2014,6/28/2014,10:12,"Handel, Colleen M",179
ORBBS_607_12,ORBBS,607,12,2016,6/21/2016,9:35,"Handel, Colleen M",173
ORBBS_607_12,ORBBS,607,12,2018,6/29/2018,9:55,"Handel, Colleen M",180
ORBBS_607_12,ORBBS,607,12,2020,6/23/2020,9:30,"Handel, Colleen M",175
ORBBS_607_12,ORBBS,607,12,1994,6/26/1994,7:56,"Krajcirik, Lisa M",177
ORBBS_607_12,ORBBS,607,12,2000,6/23/2000,8:04,"Handel, Colleen M",175
ORBBS_607_12,ORBBS,607,12,1993,6/4/1993,8:08,"deZeeuw, Maureen L",155
ORBBS_607_12,ORBBS,607,12,1994,5/31/1994,8:16,"Krajcirik, Lisa M",151
ORBBS_607_12,ORBBS,607,12,1994,6/8/1994,8:16,"deZeeuw, Maureen L",159
ORBBS_607_12,ORBBS,607,12,1995,6/29/1995,8:26,"Handel, Colleen M",180
ORBBS_607_12,ORBBS,607,12,1995,6/6/1995,8:32,"Ricketts, Julia C",157
ORBBS_607_12,ORBBS,607,12,1994,5/17/1994,8:37,"Krajcirik, Lisa M",137
ORBBS_607_12,ORBBS,607,12,1996,6/27/1996,8:41,"Handel, Colleen M",179
ORBBS_607_12,ORBBS,607,12,1993,6/18/1993,8:47,"Handel, Colleen M",169
ORBBS_607_12,ORBBS,607,12,1994,6/17/1994,8:55,"Handel, Colleen M",168
ORBBS_607_12,ORBBS,607,12,1994,5/24/1994,8:58,"Krajcirik, Lisa M",144
ORBBS_607_12,ORBBS,607,12,1994,5/10/1994,9:04,"Krajcirik, Lisa M",130
ORBBS_607_12,ORBBS,607,12,1994,5/13/1994,9:07,"Krajcirik, Lisa M",133
ORBBS_607_12,ORBBS,607,12,1998,6/25/1998,9:19,"Handel, Colleen M",176
ORBBS_607_12,ORBBS,607,12,1995,6/10/1995,9:20,"deZeeuw, Maureen L",161
ORBBS_607_12,ORBBS,607,12,1993,5/26/1993,9:22,"Handel, Colleen M",146
ORBBS_607_12,ORBBS,607,12,1993,5/12/1993,9:25,"Handel, Colleen M",132
ORBBS_607_12,ORBBS,607,12,1993,6/24/1993,9:34,JDMason,175
ORBBS_607_12,ORBBS,607,12,1997,6/27/1997,9:38,"Handel, Colleen M",178
ORBBS_607_12,ORBBS,607,12,1993,5/7/1993,9:50,"Handel, Colleen M",127
ORBBS_607_12,ORBBS,607,12,1993,5/18/1993,10:09,"Handel, Colleen M",138
ORBBS_607_12,ORBBS,607,12,1993,5/21/1993,10:16,"Handel, Colleen M",141
ORBBS_607_12,ORBBS,607,12,2000,5/5/2000,10:54,"Handel, Colleen M",126
ORBBS_607_12,ORBBS,607,12,1999,6/24/1999,11:10,"Bartecchi, Kristen M",175
ORBBS_607_12,ORBBS,607,12,1999,6/24/1999,11:12,"Pajot, Lisa M",175
ORBBS_607_3,ORBBS,607,3,2001,6/22/2001,5:30,"Cotter, Paul A",173
ORBBS_607_3,ORBBS,607,3,2002,6/26/2002,5:13,"Cotter, Paul A",177
ORBBS_607_3,ORBBS,607,3,2004,6/18/2004,6:15,"Handel, Colleen M",170
ORBBS_607_3,ORBBS,607,3,2006,6/20/2006,6:02,"Handel, Colleen M",171
ORBBS_607_3,ORBBS,607,3,2008,6/23/2008,6:14,"Handel, Colleen M",175
ORBBS_607_3,ORBBS,607,3,2010,6/25/2010,6:59,"Handel, Colleen M",176
ORBBS_607_3,ORBBS,607,3,2013,6/27/2013,6:36,"Handel, Colleen M",178
ORBBS_607_3,ORBBS,607,3,2014,6/28/2014,5:55,"Handel, Colleen M",179
ORBBS_607_3,ORBBS,607,3,2016,6/21/2016,5:36,"Handel, Colleen M",173
ORBBS_607_3,ORBBS,607,3,2018,6/29/2018,6:10,"Handel, Colleen M",180
ORBBS_607_3,ORBBS,607,3,2020,6/23/2020,6:15,"Handel, Colleen M",175
ORBBS_607_3,ORBBS,607,3,2000,6/23/2000,5:12,"Handel, Colleen M",175
ORBBS_607_3,ORBBS,607,3,1995,6/6/1995,5:18,"Ricketts, Julia C",157
ORBBS_607_3,ORBBS,607,3,1995,6/29/1995,5:23,"Handel, Colleen M",180
ORBBS_607_3,ORBBS,607,3,1994,6/26/1994,5:28,"Krajcirik, Lisa M",177
ORBBS_607_3,ORBBS,607,3,1993,6/4/1993,5:28,"deZeeuw, Maureen L",155
ORBBS_607_3,ORBBS,607,3,1994,6/17/1994,5:32,"Handel, Colleen M",168
ORBBS_607_3,ORBBS,607,3,1994,6/8/1994,5:39,"deZeeuw, Maureen L",159
ORBBS_607_3,ORBBS,607,3,1996,6/27/1996,5:42,"Handel, Colleen M",179
ORBBS_607_3,ORBBS,607,3,1997,6/27/1997,5:45,"Handel, Colleen M",178
ORBBS_607_3,ORBBS,607,3,1998,6/25/1998,5:47,"Handel, Colleen M",176
ORBBS_607_3,ORBBS,607,3,1995,6/10/1995,5:48,"deZeeuw, Maureen L",161
ORBBS_607_3,ORBBS,607,3,1993,6/24/1993,5:48,JDMason,175
ORBBS_607_3,ORBBS,607,3,1994,5/31/1994,5:50,"Krajcirik, Lisa M",151
ORBBS_607_3,ORBBS,607,3,1993,6/18/1993,5:55,"Handel, Colleen M",169
ORBBS_607_3,ORBBS,607,3,1994,5/24/1994,6:06,"Krajcirik, Lisa M",144
ORBBS_607_3,ORBBS,607,3,1994,5/17/1994,6:12,"Krajcirik, Lisa M",137
ORBBS_607_3,ORBBS,607,3,1993,5/26/1993,6:17,"Handel, Colleen M",146
ORBBS_607_3,ORBBS,607,3,1993,5/21/1993,6:19,"Handel, Colleen M",141
ORBBS_607_3,ORBBS,607,3,1994,5/13/1994,6:22,"Krajcirik, Lisa M",133
ORBBS_607_3,ORBBS,607,3,1999,6/24/1999,6:32,"Bartecchi, Kristen M",175
ORBBS_607_3,ORBBS,607,3,1999,6/24/1999,6:34,"Pajot, Lisa M",175
ORBBS_607_3,ORBBS,607,3,1993,5/18/1993,6:45,"Handel, Colleen M",138
ORBBS_607_3,ORBBS,607,3,1993,5/12/1993,6:48,"Handel, Colleen M",132
ORBBS_607_3,ORBBS,607,3,1994,5/10/1994,6:55,"Krajcirik, Lisa M",130
ORBBS_607_3,ORBBS,607,3,1993,5/7/1993,7:03,"Handel, Colleen M",127
ORBBS_607_3,ORBBS,607,3,2000,5/5/2000,7:25,"Handel, Colleen M",126
ORBBS_607_2,ORBBS,607,2,2001,6/22/2001,5:07,"Cotter, Paul A",173
ORBBS_607_2,ORBBS,607,2,2002,6/26/2002,4:53,"Cotter, Paul A",177
ORBBS_607_2,ORBBS,607,2,2004,6/18/2004,5:42,"Handel, Colleen M",170
ORBBS_607_2,ORBBS,607,2,2006,6/20/2006,5:23,"Handel, Colleen M",171
ORBBS_607_2,ORBBS,607,2,2008,6/23/2008,5:44,"Handel, Colleen M",175
ORBBS_607_2,ORBBS,607,2,2010,6/25/2010,6:20,"Handel, Colleen M",176
ORBBS_607_2,ORBBS,607,2,2013,6/27/2013,6:09,"Handel, Colleen M",178
ORBBS_607_2,ORBBS,607,2,2014,6/28/2014,5:15,"Handel, Colleen M",179
ORBBS_607_2,ORBBS,607,2,2016,6/21/2016,5:05,"Handel, Colleen M",173
ORBBS_607_2,ORBBS,607,2,2018,6/29/2018,5:37,"Handel, Colleen M",180
ORBBS_607_2,ORBBS,607,2,2020,6/23/2020,5:43,"Handel, Colleen M",175
ORBBS_607_2,ORBBS,607,2,2000,6/23/2000,4:49,"Handel, Colleen M",175
ORBBS_607_2,ORBBS,607,2,1995,6/29/1995,4:52,"Handel, Colleen M",180
ORBBS_607_2,ORBBS,607,2,1994,6/26/1994,4:58,"Krajcirik, Lisa M",177
ORBBS_607_2,ORBBS,607,2,1995,6/6/1995,5:00,"Ricketts, Julia C",157
ORBBS_607_2,ORBBS,607,2,1997,6/27/1997,5:03,"Handel, Colleen M",178
ORBBS_607_2,ORBBS,607,2,1993,6/4/1993,5:07,"deZeeuw, Maureen L",155
ORBBS_607_2,ORBBS,607,2,1994,6/17/1994,5:08,"Handel, Colleen M",168
ORBBS_607_2,ORBBS,607,2,1996,6/27/1996,5:14,"Handel, Colleen M",179
ORBBS_607_2,ORBBS,607,2,1995,6/10/1995,5:14,"deZeeuw, Maureen L",161
ORBBS_607_2,ORBBS,607,2,1998,6/25/1998,5:17,"Handel, Colleen M",176
ORBBS_607_2,ORBBS,607,2,1994,6/8/1994,5:19,"deZeeuw, Maureen L",159
ORBBS_607_2,ORBBS,607,2,1994,5/31/1994,5:21,"Krajcirik, Lisa M",151
ORBBS_607_2,ORBBS,607,2,1993,6/24/1993,5:22,JDMason,175
ORBBS_607_2,ORBBS,607,2,1993,6/18/1993,5:28,"Handel, Colleen M",169
ORBBS_607_2,ORBBS,607,2,1994,5/17/1994,5:38,"Krajcirik, Lisa M",137
ORBBS_607_2,ORBBS,607,2,1994,5/24/1994,5:38,"Krajcirik, Lisa M",144
ORBBS_607_2,ORBBS,607,2,1993,5/26/1993,5:44,"Handel, Colleen M",146
ORBBS_607_2,ORBBS,607,2,1999,6/24/1999,5:49,"Pajot, Lisa M",175
ORBBS_607_2,ORBBS,607,2,1993,5/21/1993,5:51,"Handel, Colleen M",141
ORBBS_607_2,ORBBS,607,2,1999,6/24/1999,5:53,"Bartecchi, Kristen M",175
ORBBS_607_2,ORBBS,607,2,1994,5/13/1994,5:59,"Krajcirik, Lisa M",133
ORBBS_607_2,ORBBS,607,2,1994,5/10/1994,6:00,"Krajcirik, Lisa M",130
ORBBS_607_2,ORBBS,607,2,1993,5/18/1993,6:15,"Handel, Colleen M",138
ORBBS_607_2,ORBBS,607,2,1993,5/12/1993,6:26,"Handel, Colleen M",132
ORBBS_607_2,ORBBS,607,2,1993,5/7/1993,6:40,"Handel, Colleen M",127
ORBBS_607_2,ORBBS,607,2,2000,5/5/2000,7:00,"Handel, Colleen M",126
ORBBS_607_11,ORBBS,607,11,2001,6/22/2001,8:06,"Cotter, Paul A",173
ORBBS_607_11,ORBBS,607,11,2002,6/26/2002,7:38,"Cotter, Paul A",177
ORBBS_607_11,ORBBS,607,11,2004,6/18/2004,10:14,"Handel, Colleen M",170
ORBBS_607_11,ORBBS,607,11,2006,6/20/2006,10:20,"Handel, Colleen M",171
ORBBS_607_11,ORBBS,607,11,2008,6/23/2008,10:12,"Handel, Colleen M",175
ORBBS_607_11,ORBBS,607,11,2010,6/25/2010,10:41,"Handel, Colleen M",176
ORBBS_607_11,ORBBS,607,11,2013,6/27/2013,9:36,"Handel, Colleen M",178
ORBBS_607_11,ORBBS,607,11,2014,6/28/2014,9:50,"Handel, Colleen M",179
ORBBS_607_11,ORBBS,607,11,2016,6/21/2016,9:15,"Handel, Colleen M",173
ORBBS_607_11,ORBBS,607,11,2018,6/29/2018,9:36,"Handel, Colleen M",180
ORBBS_607_11,ORBBS,607,11,2020,6/23/2020,9:11,"Handel, Colleen M",175
ORBBS_607_11,ORBBS,607,11,1994,6/26/1994,7:45,"Krajcirik, Lisa M",177
ORBBS_607_11,ORBBS,607,11,2000,6/23/2000,7:49,"Handel, Colleen M",175
ORBBS_607_11,ORBBS,607,11,1993,6/4/1993,7:56,"deZeeuw, Maureen L",155
ORBBS_607_11,ORBBS,607,11,1994,5/31/1994,8:03,"Krajcirik, Lisa M",151
ORBBS_607_11,ORBBS,607,11,1994,6/8/1994,8:03,"deZeeuw, Maureen L",159
ORBBS_607_11,ORBBS,607,11,1995,6/29/1995,8:09,"Handel, Colleen M",180
ORBBS_607_11,ORBBS,607,11,1995,6/6/1995,8:19,"Ricketts, Julia C",157
ORBBS_607_11,ORBBS,607,11,1994,5/17/1994,8:25,"Krajcirik, Lisa M",137
ORBBS_607_11,ORBBS,607,11,1996,6/27/1996,8:26,"Handel, Colleen M",179
ORBBS_607_11,ORBBS,607,11,1994,6/17/1994,8:34,"Handel, Colleen M",168
ORBBS_607_11,ORBBS,607,11,1993,6/18/1993,8:39,"Handel, Colleen M",169
ORBBS_607_11,ORBBS,607,11,1994,5/24/1994,8:45,"Krajcirik, Lisa M",144
ORBBS_607_11,ORBBS,607,11,1994,5/13/1994,8:52,"Krajcirik, Lisa M",133
ORBBS_607_11,ORBBS,607,11,1994,5/10/1994,8:56,"Krajcirik, Lisa M",130
ORBBS_607_11,ORBBS,607,11,1998,6/25/1998,9:00,"Handel, Colleen M",176
ORBBS_607_11,ORBBS,607,11,1995,6/10/1995,9:09,"deZeeuw, Maureen L",161
ORBBS_607_11,ORBBS,607,11,1993,5/26/1993,9:09,"Handel, Colleen M",146
ORBBS_607_11,ORBBS,607,11,1993,5/12/1993,9:10,"Handel, Colleen M",132
ORBBS_607_11,ORBBS,607,11,1993,6/24/1993,9:17,JDMason,175
ORBBS_607_11,ORBBS,607,11,1997,6/27/1997,9:22,"Handel, Colleen M",178
ORBBS_607_11,ORBBS,607,11,1993,5/7/1993,9:35,"Handel, Colleen M",127
ORBBS_607_11,ORBBS,607,11,1993,5/18/1993,9:55,"Handel, Colleen M",138
ORBBS_607_11,ORBBS,607,11,1993,5/21/1993,10:01,"Handel, Colleen M",141
ORBBS_607_11,ORBBS,607,11,2000,5/5/2000,10:42,"Handel, Colleen M",126
ORBBS_607_11,ORBBS,607,11,1999,6/24/1999,10:43,"Bartecchi, Kristen M",175
ORBBS_607_11,ORBBS,607,11,1999,6/24/1999,10:43,"Pajot, Lisa M",175
ORBBS_607_4,ORBBS,607,4,2001,6/22/2001,5:56,"Cotter, Paul A",173
ORBBS_607_4,ORBBS,607,4,2002,6/26/2002,5:38,"Cotter, Paul A",177
ORBBS_607_4,ORBBS,607,4,2004,6/18/2004,6:50,"Handel, Colleen M",170
ORBBS_607_4,ORBBS,607,4,2006,6/20/2006,7:03,"Handel, Colleen M",171
ORBBS_607_4,ORBBS,607,4,2008,6/23/2008,6:49,"Handel, Colleen M",175
ORBBS_607_4,ORBBS,607,4,2010,6/25/2010,7:35,"Handel, Colleen M",176
ORBBS_607_4,ORBBS,607,4,2013,6/27/2013,7:14,"Handel, Colleen M",178
ORBBS_607_4,ORBBS,607,4,2014,6/28/2014,6:52,"Handel, Colleen M",179
ORBBS_607_4,ORBBS,607,4,2016,6/21/2016,6:09,"Handel, Colleen M",173
ORBBS_607_4,ORBBS,607,4,2018,6/29/2018,6:52,"Handel, Colleen M",180
ORBBS_607_4,ORBBS,607,4,2020,6/23/2020,6:41,"Handel, Colleen M",175
ORBBS_607_4,ORBBS,607,4,1995,6/6/1995,5:11,"Ricketts, Julia C",157
ORBBS_607_4,ORBBS,607,4,2000,6/23/2000,5:33,"Handel, Colleen M",175
ORBBS_607_4,ORBBS,607,4,1993,6/4/1993,5:48,"deZeeuw, Maureen L",155
ORBBS_607_4,ORBBS,607,4,1994,6/26/1994,5:52,"Krajcirik, Lisa M",177
ORBBS_607_4,ORBBS,607,4,1995,6/29/1995,5:52,"Handel, Colleen M",180
ORBBS_607_4,ORBBS,607,4,1994,6/8/1994,5:59,"deZeeuw, Maureen L",159
ORBBS_607_4,ORBBS,607,4,1994,6/17/1994,6:00,"Handel, Colleen M",168
ORBBS_607_4,ORBBS,607,4,1996,6/27/1996,6:08,"Handel, Colleen M",179
ORBBS_607_4,ORBBS,607,4,1994,5/31/1994,6:09,"Krajcirik, Lisa M",151
ORBBS_607_4,ORBBS,607,4,1993,6/18/1993,6:16,"Handel, Colleen M",169
ORBBS_607_4,ORBBS,607,4,1997,6/27/1997,6:16,"Handel, Colleen M",178
ORBBS_607_4,ORBBS,607,4,1998,6/25/1998,6:18,"Handel, Colleen M",176
ORBBS_607_4,ORBBS,607,4,1994,5/17/1994,6:30,"Krajcirik, Lisa M",137
ORBBS_607_4,ORBBS,607,4,1994,5/24/1994,6:35,"Krajcirik, Lisa M",144
ORBBS_607_4,ORBBS,607,4,1995,6/10/1995,6:39,"deZeeuw, Maureen L",161
ORBBS_607_4,ORBBS,607,4,1994,5/13/1994,6:43,"Krajcirik, Lisa M",133
ORBBS_607_4,ORBBS,607,4,1993,5/26/1993,6:45,"Handel, Colleen M",146
ORBBS_607_4,ORBBS,607,4,1993,6/24/1993,6:50,JDMason,175
ORBBS_607_4,ORBBS,607,4,1993,5/12/1993,7:06,"Handel, Colleen M",132
ORBBS_607_4,ORBBS,607,4,1994,5/10/1994,7:07,"Krajcirik, Lisa M",130
ORBBS_607_4,ORBBS,607,4,1993,5/18/1993,7:16,"Handel, Colleen M",138
ORBBS_607_4,ORBBS,607,4,1993,5/7/1993,7:22,"Handel, Colleen M",127
ORBBS_607_4,ORBBS,607,4,1993,5/21/1993,7:23,"Handel, Colleen M",141
ORBBS_607_4,ORBBS,607,4,2000,5/5/2000,7:45,"Handel, Colleen M",126
ORBBS_607_4,ORBBS,607,4,1999,6/24/1999,7:56,"Pajot, Lisa M",175
ORBBS_607_4,ORBBS,607,4,1999,6/24/1999,7:59,"Bartecchi, Kristen M",175
ORBBS_607_10,ORBBS,607,10,2001,6/22/2001,7:51,"Cotter, Paul A",173
ORBBS_607_10,ORBBS,607,10,2002,6/26/2002,7:23,"Cotter, Paul A",177
ORBBS_607_10,ORBBS,607,10,2004,6/18/2004,9:45,"Handel, Colleen M",170
ORBBS_607_10,ORBBS,607,10,2006,6/20/2006,9:53,"Handel, Colleen M",171
ORBBS_607_10,ORBBS,607,10,2008,6/23/2008,9:51,"Handel, Colleen M",175
ORBBS_607_10,ORBBS,607,10,2010,6/25/2010,10:19,"Handel, Colleen M",176
ORBBS_607_10,ORBBS,607,10,2013,6/27/2013,9:18,"Handel, Colleen M",178
ORBBS_607_10,ORBBS,607,10,2014,6/28/2014,9:30,"Handel, Colleen M",179
ORBBS_607_10,ORBBS,607,10,2016,6/21/2016,8:52,"Handel, Colleen M",173
ORBBS_607_10,ORBBS,607,10,2018,6/29/2018,9:16,"Handel, Colleen M",180
ORBBS_607_10,ORBBS,607,10,2020,6/23/2020,8:53,"Handel, Colleen M",175
ORBBS_607_10,ORBBS,607,10,1995,6/6/1995,7:23,"Ricketts, Julia C",157
ORBBS_607_10,ORBBS,607,10,1994,6/26/1994,7:30,"Krajcirik, Lisa M",177
ORBBS_607_10,ORBBS,607,10,2000,6/23/2000,7:30,"Handel, Colleen M",175
ORBBS_607_10,ORBBS,607,10,1993,6/4/1993,7:44,"deZeeuw, Maureen L",155
ORBBS_607_10,ORBBS,607,10,1994,6/8/1994,7:50,"deZeeuw, Maureen L",159
ORBBS_607_10,ORBBS,607,10,1994,5/31/1994,7:51,"Krajcirik, Lisa M",151
ORBBS_607_10,ORBBS,607,10,1995,6/29/1995,7:54,"Handel, Colleen M",180
ORBBS_607_10,ORBBS,607,10,1994,6/17/1994,8:08,"Handel, Colleen M",168
ORBBS_607_10,ORBBS,607,10,1994,5/17/1994,8:10,"Krajcirik, Lisa M",137
ORBBS_607_10,ORBBS,607,10,1996,6/27/1996,8:11,"Handel, Colleen M",179
ORBBS_607_10,ORBBS,607,10,1993,6/18/1993,8:11,"Handel, Colleen M",169
ORBBS_607_10,ORBBS,607,10,1994,5/24/1994,8:30,"Krajcirik, Lisa M",144
ORBBS_607_10,ORBBS,607,10,1994,5/13/1994,8:36,"Krajcirik, Lisa M",133
ORBBS_607_10,ORBBS,607,10,1998,6/25/1998,8:37,"Handel, Colleen M",176
ORBBS_607_10,ORBBS,607,10,1994,5/10/1994,8:37,"Krajcirik, Lisa M",130
ORBBS_607_10,ORBBS,607,10,1993,5/26/1993,8:50,"Handel, Colleen M",146
ORBBS_607_10,ORBBS,607,10,1997,6/27/1997,8:51,"Handel, Colleen M",178
ORBBS_607_10,ORBBS,607,10,1995,6/10/1995,8:53,"deZeeuw, Maureen L",161
ORBBS_607_10,ORBBS,607,10,1993,5/12/1993,8:56,"Handel, Colleen M",132
ORBBS_607_10,ORBBS,607,10,1993,6/24/1993,9:00,JDMason,175
ORBBS_607_10,ORBBS,607,10,1993,5/7/1993,9:21,"Handel, Colleen M",127
ORBBS_607_10,ORBBS,607,10,1993,5/18/1993,9:40,"Handel, Colleen M",138
ORBBS_607_10,ORBBS,607,10,1993,5/21/1993,9:42,"Handel, Colleen M",141
ORBBS_607_10,ORBBS,607,10,2000,5/5/2000,10:04,"Handel, Colleen M",126
ORBBS_607_10,ORBBS,607,10,1999,6/24/1999,10:20,"Bartecchi, Kristen M",175
ORBBS_607_10,ORBBS,607,10,1999,6/24/1999,10:21,"Pajot, Lisa M",175
ORBBS_607_9,ORBBS,607,9,2001,6/22/2001,7:42,"Cotter, Paul A",173
ORBBS_607_9,ORBBS,607,9,2002,6/26/2002,7:08,"Cotter, Paul A",177
ORBBS_607_9,ORBBS,607,9,2004,6/18/2004,9:15,"Handel, Colleen M",170
ORBBS_607_9,ORBBS,607,9,2006,6/20/2006,9:30,"Handel, Colleen M",171
ORBBS_607_9,ORBBS,607,9,2008,6/23/2008,9:16,"Handel, Colleen M",175
ORBBS_607_9,ORBBS,607,9,2010,6/25/2010,9:55,"Handel, Colleen M",176
ORBBS_607_9,ORBBS,607,9,2013,6/27/2013,9:00,"Handel, Colleen M",178
ORBBS_607_9,ORBBS,607,9,2014,6/28/2014,9:09,"Handel, Colleen M",179
ORBBS_607_9,ORBBS,607,9,2016,6/21/2016,8:17,"Handel, Colleen M",173
ORBBS_607_9,ORBBS,607,9,2018,6/29/2018,8:57,"Handel, Colleen M",180
ORBBS_607_9,ORBBS,607,9,2020,6/23/2020,8:35,"Handel, Colleen M",175
ORBBS_607_9,ORBBS,607,9,2000,6/23/2000,7:04,"Handel, Colleen M",175
ORBBS_607_9,ORBBS,607,9,1994,6/26/1994,7:16,"Krajcirik, Lisa M",177
ORBBS_607_9,ORBBS,607,9,1993,6/4/1993,7:30,"deZeeuw, Maureen L",155
ORBBS_607_9,ORBBS,607,9,1995,6/29/1995,7:32,"Handel, Colleen M",180
ORBBS_607_9,ORBBS,607,9,1994,6/8/1994,7:34,"deZeeuw, Maureen L",159
ORBBS_607_9,ORBBS,607,9,1994,5/31/1994,7:39,"Krajcirik, Lisa M",151
ORBBS_607_9,ORBBS,607,9,1994,6/17/1994,7:51,"Handel, Colleen M",168
ORBBS_607_9,ORBBS,607,9,1996,6/27/1996,7:52,"Handel, Colleen M",179
ORBBS_607_9,ORBBS,607,9,1993,6/18/1993,7:52,"Handel, Colleen M",169
ORBBS_607_9,ORBBS,607,9,1994,5/17/1994,7:57,"Krajcirik, Lisa M",137
ORBBS_607_9,ORBBS,607,9,1995,6/6/1995,8:02,"Ricketts, Julia C",157
ORBBS_607_9,ORBBS,607,9,1998,6/25/1998,8:11,"Handel, Colleen M",176
ORBBS_607_9,ORBBS,607,9,1994,5/24/1994,8:14,"Krajcirik, Lisa M",144
ORBBS_607_9,ORBBS,607,9,1994,5/13/1994,8:22,"Krajcirik, Lisa M",133
ORBBS_607_9,ORBBS,607,9,1995,6/10/1995,8:23,"deZeeuw, Maureen L",161
ORBBS_607_9,ORBBS,607,9,1994,5/10/1994,8:24,"Krajcirik, Lisa M",130
ORBBS_607_9,ORBBS,607,9,1997,6/27/1997,8:28,"Handel, Colleen M",178
ORBBS_607_9,ORBBS,607,9,1993,5/26/1993,8:37,"Handel, Colleen M",146
ORBBS_607_9,ORBBS,607,9,1993,5/12/1993,8:39,"Handel, Colleen M",132
ORBBS_607_9,ORBBS,607,9,1993,6/24/1993,8:44,JDMason,175
ORBBS_607_9,ORBBS,607,9,1993,5/7/1993,8:59,"Handel, Colleen M",127
ORBBS_607_9,ORBBS,607,9,1993,5/21/1993,9:24,"Handel, Colleen M",141
ORBBS_607_9,ORBBS,607,9,1993,5/18/1993,9:25,"Handel, Colleen M",138
ORBBS_607_9,ORBBS,607,9,2000,5/5/2000,9:49,"Handel, Colleen M",126
ORBBS_607_9,ORBBS,607,9,1999,6/24/1999,10:05,"Bartecchi, Kristen M",175
ORBBS_607_9,ORBBS,607,9,1999,6/24/1999,10:07,"Pajot, Lisa M",175
ORBBS_607_5,ORBBS,607,5,2001,6/22/2001,6:14,"Cotter, Paul A",173
ORBBS_607_5,ORBBS,607,5,2002,6/26/2002,5:53,"Cotter, Paul A",177
ORBBS_607_5,ORBBS,607,5,2004,6/18/2004,7:17,"Handel, Colleen M",170
ORBBS_607_5,ORBBS,607,5,2006,6/20/2006,7:39,"Handel, Colleen M",171
ORBBS_607_5,ORBBS,607,5,2008,6/23/2008,7:15,"Handel, Colleen M",175
ORBBS_607_5,ORBBS,607,5,2010,6/25/2010,8:06,"Handel, Colleen M",176
ORBBS_607_5,ORBBS,607,5,2013,6/27/2013,7:32,"Handel, Colleen M",178
ORBBS_607_5,ORBBS,607,5,2014,6/28/2014,7:19,"Handel, Colleen M",179
ORBBS_607_5,ORBBS,607,5,2016,6/21/2016,6:34,"Handel, Colleen M",173
ORBBS_607_5,ORBBS,607,5,2018,6/29/2018,7:16,"Handel, Colleen M",180
ORBBS_607_5,ORBBS,607,5,2020,6/23/2020,7:04,"Handel, Colleen M",175
ORBBS_607_5,ORBBS,607,5,2000,6/23/2000,5:50,"Handel, Colleen M",175
ORBBS_607_5,ORBBS,607,5,1995,6/6/1995,6:10,"Ricketts, Julia C",157
ORBBS_607_5,ORBBS,607,5,1994,6/26/1994,6:14,"Krajcirik, Lisa M",177
ORBBS_607_5,ORBBS,607,5,1993,6/4/1993,6:15,"deZeeuw, Maureen L",155
ORBBS_607_5,ORBBS,607,5,1995,6/29/1995,6:18,"Handel, Colleen M",180
ORBBS_607_5,ORBBS,607,5,1994,6/17/1994,6:24,"Handel, Colleen M",168
ORBBS_607_5,ORBBS,607,5,1996,6/27/1996,6:26,"Handel, Colleen M",179
ORBBS_607_5,ORBBS,607,5,1994,5/31/1994,6:27,"Krajcirik, Lisa M",151
ORBBS_607_5,ORBBS,607,5,1994,6/8/1994,6:30,"deZeeuw, Maureen L",159
ORBBS_607_5,ORBBS,607,5,1993,6/18/1993,6:37,"Handel, Colleen M",169
ORBBS_607_5,ORBBS,607,5,1998,6/25/1998,6:40,"Handel, Colleen M",176
ORBBS_607_5,ORBBS,607,5,1997,6/27/1997,6:40,"Handel, Colleen M",178
ORBBS_607_5,ORBBS,607,5,1994,5/17/1994,6:47,"Krajcirik, Lisa M",137
ORBBS_607_5,ORBBS,607,5,1994,5/24/1994,6:52,"Krajcirik, Lisa M",144
ORBBS_607_5,ORBBS,607,5,1994,5/13/1994,7:00,"Krajcirik, Lisa M",133
ORBBS_607_5,ORBBS,607,5,1995,6/10/1995,7:04,"deZeeuw, Maureen L",161
ORBBS_607_5,ORBBS,607,5,1993,5/26/1993,7:04,"Handel, Colleen M",146
ORBBS_607_5,ORBBS,607,5,1993,6/24/1993,7:10,JDMason,175
ORBBS_607_5,ORBBS,607,5,1993,5/12/1993,7:22,"Handel, Colleen M",132
ORBBS_607_5,ORBBS,607,5,1994,5/10/1994,7:30,"Krajcirik, Lisa M",130
ORBBS_607_5,ORBBS,607,5,1993,5/18/1993,7:35,"Handel, Colleen M",138
ORBBS_607_5,ORBBS,607,5,1993,5/7/1993,7:41,"Handel, Colleen M",127
ORBBS_607_5,ORBBS,607,5,1993,5/21/1993,7:44,"Handel, Colleen M",141
ORBBS_607_5,ORBBS,607,5,2000,5/5/2000,8:05,"Handel, Colleen M",126
ORBBS_607_5,ORBBS,607,5,1999,6/24/1999,8:10,"Bartecchi, Kristen M",175
ORBBS_607_5,ORBBS,607,5,1999,6/24/1999,8:12,"Pajot, Lisa M",175
ORBBS_607_6,ORBBS,607,6,2001,6/22/2001,6:26,"Cotter, Paul A",173
ORBBS_607_6,ORBBS,607,6,2002,6/26/2002,6:10,"Cotter, Paul A",177
ORBBS_607_6,ORBBS,607,6,2004,6/18/2004,7:40,"Handel, Colleen M",170
ORBBS_607_6,ORBBS,607,6,2006,6/20/2006,8:01,"Handel, Colleen M",171
ORBBS_607_6,ORBBS,607,6,2008,6/23/2008,7:38,"Handel, Colleen M",175
ORBBS_607_6,ORBBS,607,6,2010,6/25/2010,8:33,"Handel, Colleen M",176
ORBBS_607_6,ORBBS,607,6,2013,6/27/2013,7:50,"Handel, Colleen M",178
ORBBS_607_6,ORBBS,607,6,2014,6/28/2014,7:43,"Handel, Colleen M",179
ORBBS_607_6,ORBBS,607,6,2016,6/21/2016,6:56,"Handel, Colleen M",173
ORBBS_607_6,ORBBS,607,6,2018,6/29/2018,7:35,"Handel, Colleen M",180
ORBBS_607_6,ORBBS,607,6,2020,6/23/2020,7:23,"Handel, Colleen M",175
ORBBS_607_6,ORBBS,607,6,2000,6/23/2000,6:06,"Handel, Colleen M",175
ORBBS_607_6,ORBBS,607,6,1994,6/26/1994,6:26,"Krajcirik, Lisa M",177
ORBBS_607_6,ORBBS,607,6,1995,6/6/1995,6:30,"Ricketts, Julia C",157
ORBBS_607_6,ORBBS,607,6,1995,6/29/1995,6:33,"Handel, Colleen M",180
ORBBS_607_6,ORBBS,607,6,1994,6/17/1994,6:40,"Handel, Colleen M",168
ORBBS_607_6,ORBBS,607,6,1994,5/31/1994,6:42,"Krajcirik, Lisa M",151
ORBBS_607_6,ORBBS,607,6,1994,6/8/1994,6:45,"deZeeuw, Maureen L",159
ORBBS_607_6,ORBBS,607,6,1996,6/27/1996,6:49,"Handel, Colleen M",179
ORBBS_607_6,ORBBS,607,6,1993,6/4/1993,6:57,"deZeeuw, Maureen L",155
ORBBS_607_6,ORBBS,607,6,1994,5/17/1994,7:00,"Krajcirik, Lisa M",137
ORBBS_607_6,ORBBS,607,6,1993,6/18/1993,7:00,"Handel, Colleen M",169
ORBBS_607_6,ORBBS,607,6,1997,6/27/1997,7:01,"Handel, Colleen M",178
ORBBS_607_6,ORBBS,607,6,1998,6/25/1998,7:03,"Handel, Colleen M",176
ORBBS_607_6,ORBBS,607,6,1994,5/24/1994,7:08,"Krajcirik, Lisa M",144
ORBBS_607_6,ORBBS,607,6,1994,5/13/1994,7:14,"Krajcirik, Lisa M",133
ORBBS_607_6,ORBBS,607,6,1995,6/10/1995,7:20,"deZeeuw, Maureen L",161
ORBBS_607_6,ORBBS,607,6,1993,5/26/1993,7:29,"Handel, Colleen M",146
ORBBS_607_6,ORBBS,607,6,1993,6/24/1993,7:31,JDMason,175
ORBBS_607_6,ORBBS,607,6,1993,5/12/1993,7:40,"Handel, Colleen M",132
ORBBS_607_6,ORBBS,607,6,1994,5/10/1994,7:41,"Krajcirik, Lisa M",130
ORBBS_607_6,ORBBS,607,6,1993,5/18/1993,7:52,"Handel, Colleen M",138
ORBBS_607_6,ORBBS,607,6,1993,5/7/1993,8:01,"Handel, Colleen M",127
ORBBS_607_6,ORBBS,607,6,1993,5/21/1993,8:06,"Handel, Colleen M",141
ORBBS_607_6,ORBBS,607,6,2000,5/5/2000,8:24,"Handel, Colleen M",126
ORBBS_607_6,ORBBS,607,6,1999,6/24/1999,8:33,"Bartecchi, Kristen M",175
ORBBS_607_6,ORBBS,607,6,1999,6/24/1999,8:35,"Pajot, Lisa M",175
ORBBS_607_8,ORBBS,607,8,2001,6/22/2001,7:01,"Cotter, Paul A",173
ORBBS_607_8,ORBBS,607,8,2002,6/26/2002,6:45,"Cotter, Paul A",177
ORBBS_607_8,ORBBS,607,8,2004,6/18/2004,8:50,"Handel, Colleen M",170
ORBBS_607_8,ORBBS,607,8,2006,6/20/2006,8:59,"Handel, Colleen M",171
ORBBS_607_8,ORBBS,607,8,2008,6/23/2008,8:37,"Handel, Colleen M",175
ORBBS_607_8,ORBBS,607,8,2010,6/25/2010,9:24,"Handel, Colleen M",176
ORBBS_607_8,ORBBS,607,8,2013,6/27/2013,8:36,"Handel, Colleen M",178
ORBBS_607_8,ORBBS,607,8,2014,6/28/2014,8:42,"Handel, Colleen M",179
ORBBS_607_8,ORBBS,607,8,2016,6/21/2016,7:54,"Handel, Colleen M",173
ORBBS_607_8,ORBBS,607,8,2018,6/29/2018,8:30,"Handel, Colleen M",180
ORBBS_607_8,ORBBS,607,8,2020,6/23/2020,8:12,"Handel, Colleen M",175
ORBBS_607_8,ORBBS,607,8,2000,6/23/2000,6:47,"Handel, Colleen M",175
ORBBS_607_8,ORBBS,607,8,1994,6/26/1994,7:03,"Krajcirik, Lisa M",177
ORBBS_607_8,ORBBS,607,8,1995,6/6/1995,7:06,"Ricketts, Julia C",157
ORBBS_607_8,ORBBS,607,8,1993,6/4/1993,7:17,"deZeeuw, Maureen L",155
ORBBS_607_8,ORBBS,607,8,1994,6/8/1994,7:18,"deZeeuw, Maureen L",159
ORBBS_607_8,ORBBS,607,8,1995,6/29/1995,7:18,"Handel, Colleen M",180
ORBBS_607_8,ORBBS,607,8,1994,6/17/1994,7:25,"Handel, Colleen M",168
ORBBS_607_8,ORBBS,607,8,1994,5/31/1994,7:27,"Krajcirik, Lisa M",151
ORBBS_607_8,ORBBS,607,8,1996,6/27/1996,7:39,"Handel, Colleen M",179
ORBBS_607_8,ORBBS,607,8,1993,6/18/1993,7:39,"Handel, Colleen M",169
ORBBS_607_8,ORBBS,607,8,1994,5/17/1994,7:42,"Krajcirik, Lisa M",137
ORBBS_607_8,ORBBS,607,8,1994,5/13/1994,7:50,"Krajcirik, Lisa M",133
ORBBS_607_8,ORBBS,607,8,1998,6/25/1998,7:53,"Handel, Colleen M",176
ORBBS_607_8,ORBBS,607,8,1994,5/24/1994,7:58,"Krajcirik, Lisa M",144
ORBBS_607_8,ORBBS,607,8,1995,6/10/1995,8:03,"deZeeuw, Maureen L",161
ORBBS_607_8,ORBBS,607,8,1997,6/27/1997,8:08,"Handel, Colleen M",178
ORBBS_607_8,ORBBS,607,8,1994,5/10/1994,8:12,"Krajcirik, Lisa M",130
ORBBS_607_8,ORBBS,607,8,1993,5/12/1993,8:22,"Handel, Colleen M",132
ORBBS_607_8,ORBBS,607,8,1993,5/26/1993,8:23,"Handel, Colleen M",146
ORBBS_607_8,ORBBS,607,8,1993,6/24/1993,8:29,JDMason,175
ORBBS_607_8,ORBBS,607,8,1993,5/7/1993,8:43,"Handel, Colleen M",127
ORBBS_607_8,ORBBS,607,8,1993,5/18/1993,8:54,"Handel, Colleen M",138
ORBBS_607_8,ORBBS,607,8,1993,5/21/1993,9:09,"Handel, Colleen M",141
ORBBS_607_8,ORBBS,607,8,2000,5/5/2000,9:26,"Handel, Colleen M",126
ORBBS_607_8,ORBBS,607,8,1999,6/24/1999,9:46,"Bartecchi, Kristen M",175
ORBBS_607_8,ORBBS,607,8,1999,6/24/1999,9:47,"Pajot, Lisa M",175
ORBBS_607_7,ORBBS,607,7,2001,6/22/2001,6:42,"Cotter, Paul A",173
ORBBS_607_7,ORBBS,607,7,2002,6/26/2002,6:24,"Cotter, Paul A",177
ORBBS_607_7,ORBBS,607,7,2004,6/18/2004,8:13,"Handel, Colleen M",170
ORBBS_607_7,ORBBS,607,7,2006,6/20/2006,8:21,"Handel, Colleen M",171
ORBBS_607_7,ORBBS,607,7,2008,6/23/2008,8:04,"Handel, Colleen M",175
ORBBS_607_7,ORBBS,607,7,2010,6/25/2010,8:57,"Handel, Colleen M",176
ORBBS_607_7,ORBBS,607,7,2013,6/27/2013,8:04,"Handel, Colleen M",178
ORBBS_607_7,ORBBS,607,7,2014,6/28/2014,8:06,"Handel, Colleen M",179
ORBBS_607_7,ORBBS,607,7,2016,6/21/2016,7:25,"Handel, Colleen M",173
ORBBS_607_7,ORBBS,607,7,2018,6/29/2018,8:00,"Handel, Colleen M",180
ORBBS_607_7,ORBBS,607,7,2020,6/23/2020,7:44,"Handel, Colleen M",175
ORBBS_607_7,ORBBS,607,7,2000,6/23/2000,6:24,"Handel, Colleen M",175
ORBBS_607_7,ORBBS,607,7,1994,6/26/1994,6:40,"Krajcirik, Lisa M",177
ORBBS_607_7,ORBBS,607,7,1995,6/6/1995,6:47,"Ricketts, Julia C",157
ORBBS_607_7,ORBBS,607,7,1995,6/29/1995,6:51,"Handel, Colleen M",180
ORBBS_607_7,ORBBS,607,7,1994,5/31/1994,6:54,"Krajcirik, Lisa M",151
ORBBS_607_7,ORBBS,607,7,1994,6/8/1994,6:59,"deZeeuw, Maureen L",159
ORBBS_607_7,ORBBS,607,7,1994,6/17/1994,6:59,"Handel, Colleen M",168
ORBBS_607_7,ORBBS,607,7,1993,6/4/1993,7:01,"deZeeuw, Maureen L",155
ORBBS_607_7,ORBBS,607,7,1996,6/27/1996,7:10,"Handel, Colleen M",179
ORBBS_607_7,ORBBS,607,7,1993,6/18/1993,7:14,"Handel, Colleen M",169
ORBBS_607_7,ORBBS,607,7,1994,5/17/1994,7:15,"Krajcirik, Lisa M",137
ORBBS_607_7,ORBBS,607,7,1994,5/24/1994,7:21,"Krajcirik, Lisa M",144
ORBBS_607_7,ORBBS,607,7,1998,6/25/1998,7:26,"Handel, Colleen M",176
ORBBS_607_7,ORBBS,607,7,1994,5/13/1994,7:29,"Krajcirik, Lisa M",133
ORBBS_607_7,ORBBS,607,7,1995,6/10/1995,7:34,"deZeeuw, Maureen L",161
ORBBS_607_7,ORBBS,607,7,1997,6/27/1997,7:37,"Handel, Colleen M",178
ORBBS_607_7,ORBBS,607,7,1993,5/26/1993,7:50,"Handel, Colleen M",146
ORBBS_607_7,ORBBS,607,7,1994,5/10/1994,7:53,"Krajcirik, Lisa M",130
ORBBS_607_7,ORBBS,607,7,1993,5/12/1993,7:55,"Handel, Colleen M",132
ORBBS_607_7,ORBBS,607,7,1993,6/24/1993,7:59,JDMason,175
ORBBS_607_7,ORBBS,607,7,1993,5/7/1993,8:16,"Handel, Colleen M",127
ORBBS_607_7,ORBBS,607,7,1993,5/18/1993,8:16,"Handel, Colleen M",138
ORBBS_607_7,ORBBS,607,7,1993,5/21/1993,8:31,"Handel, Colleen M",141
ORBBS_607_7,ORBBS,607,7,2000,5/5/2000,8:56,"Handel, Colleen M",126
ORBBS_607_7,ORBBS,607,7,1999,6/24/1999,9:09,"Bartecchi, Kristen M",175
ORBBS_607_7,ORBBS,607,7,1999,6/24/1999,9:10,"Pajot, Lisa M",175
